"date_exp","pathogen","plate_id","side","row","position","str_categ","categ_str_nb","rep_nb","score","valid_final_check","Phylum","Class","Order","Family","Genus","Medium","Cultivar","compartment","patho_factor","strain"
2025-08-28,"Alternaria",1,"left",1,"left1",1,1,1,0,1,"Actinobacteriota","Actinobacteria","Streptomycetales","Streptomycetaceae","Streptomyces","ARE","Innovator","Leaf","Asol","AL045"
2025-08-28,"Alternaria",1,"left",2,"left2",1,2,1,0,1,"Actinobacteriota","Actinobacteria","Streptomycetales","Streptomycetaceae","Streptomyces","ARE","Innovator","Leaf","Asol","AL058"
2025-08-28,"Alternaria",1,"left",3,"left3",1,3,1,0,1,"Actinobacteriota","Actinobacteria","Streptomycetales","Streptomycetaceae","Streptomyces","ARE","Innovator","Leaf","Asol","AL067"
2025-08-28,"Alternaria",1,"left",4,"left4",1,4,1,0,1,"Actinobacteriota","Actinobacteria","Streptomycetales","Streptomycetaceae","Streptomyces","ActIA","Innovator","Leaf","Asol","AL071"
2025-08-28,"Alternaria",1,"left",5,"left5",1,5,1,0,1,"Actinobacteriota","Actinobacteria","Streptomycetales","Streptomycetaceae","Streptomyces","ActIA","Innovator","Leaf","Asol","AL074"
2025-08-28,"Alternaria",1,"left",6,"left6",1,6,1,0,1,"Actinobacteriota","Actinobacteria","Streptomycetales","Streptomycetaceae","Streptomyces","ActIA","Innovator","Leaf","Asol","AL083"
2025-08-28,"Alternaria",1,"left",7,"left7",1,7,1,0,1,"Actinobacteriota","Actinobacteria","Streptomycetales","Streptomycetaceae","Streptomyces","TSA","Innovator","Root","Asol","AR003"
2025-08-28,"Alternaria",1,"left",8,"left8",1,8,1,0,1,"Actinobacteriota","Actinobacteria","Streptomycetales","Streptomycetaceae","Streptomyces","TSA","Innovator","Root","Asol","AR004"
2025-08-28,"Alternaria",1,"right",1,"right1",1,9,1,0,1,"Actinobacteriota","Actinobacteria","Streptomycetales","Streptomycetaceae","Streptomyces","TSA","Innovator","Root","Asol","AR006"
2025-08-28,"Alternaria",1,"right",3,"right3",1,11,1,0,1,"Actinobacteriota","Actinobacteria","Streptomycetales","Streptomycetaceae","Streptomyces","TSA","Innovator","Root","Asol","AR011"
2025-08-28,"Alternaria",1,"right",4,"right4",1,12,1,0,1,"Actinobacteriota","Actinobacteria","Streptomycetales","Streptomycetaceae","Streptomyces","TSA","Innovator","Root","Asol","AR012"
2025-08-28,"Alternaria",1,"right",5,"right5",1,13,1,0,1,"Actinobacteriota","Actinobacteria","Streptomycetales","Streptomycetaceae","Streptomyces","TSA","Innovator","Root","Asol","AR013"
2025-08-28,"Alternaria",2,"left",1,"left1",1,14,1,0,1,"Actinobacteriota","Actinobacteria","Streptomycetales","Streptomycetaceae","Streptomyces","TSA","Innovator","Root","Asol","AR014"
2025-08-28,"Alternaria",2,"left",2,"left2",1,15,1,0,1,"Actinobacteriota","Actinobacteria","Streptomycetales","Streptomycetaceae","Streptomyces","TSA","Innovator","Root","Asol","AR018"
2025-08-28,"Alternaria",2,"left",3,"left3",1,16,1,2,1,"Actinobacteriota","Actinobacteria","Streptomycetales","Streptomycetaceae","Streptomyces","TSA","Innovator","Root","Asol","AR020"
2025-08-28,"Alternaria",2,"left",4,"left4",1,17,1,0,1,"Actinobacteriota","Actinobacteria","Streptomycetales","Streptomycetaceae","Streptomyces","TSA","Innovator","Root","Asol","AR027"
2025-08-28,"Alternaria",2,"left",5,"left5",1,18,1,0,1,"Actinobacteriota","Actinobacteria","Streptomycetales","Streptomycetaceae","Streptomyces","TSA","Innovator","Root","Asol","AR029"
2025-08-28,"Alternaria",2,"left",6,"left6",1,19,1,0,1,"Actinobacteriota","Actinobacteria","Streptomycetales","Streptomycetaceae","Streptomyces","TSA","Innovator","Root","Asol","AR030"
2025-08-28,"Alternaria",2,"left",8,"left8",1,21,1,0,1,"Actinobacteriota","Actinobacteria","Streptomycetales","Streptomycetaceae","Streptomyces","TSA","Innovator","Root","Asol","AR033"
2025-08-28,"Alternaria",2,"right",1,"right1",1,22,1,0,1,"Actinobacteriota","Actinobacteria","Streptomycetales","Streptomycetaceae","Streptomyces","TSA","Innovator","Root","Asol","AR034"
2025-08-28,"Alternaria",2,"right",2,"right2",1,23,1,9,1,"Actinobacteriota","Actinobacteria","Streptomycetales","Streptomycetaceae","Streptomyces","TSA","Innovator","Root","Asol","AR036"
2025-08-28,"Alternaria",2,"right",3,"right3",1,24,1,4,1,"Actinobacteriota","Actinobacteria","Streptomycetales","Streptomycetaceae","Streptomyces","TSA","Innovator","Root","Asol","AR038b"
2025-08-28,"Alternaria",2,"right",5,"right5",1,26,1,0,1,"Actinobacteriota","Actinobacteria","Streptomycetales","Streptomycetaceae","Streptomyces","TSA","Innovator","Root","Asol","AR044"
2025-08-28,"Alternaria",3,"left",1,"left1",1,27,1,0,1,"Actinobacteriota","Actinobacteria","Streptomycetales","Streptomycetaceae","Streptomyces","TSA","Innovator","Root","Asol","AR050"
2025-08-28,"Alternaria",3,"left",2,"left2",1,28,1,0,1,"Actinobacteriota","Actinobacteria","Streptomycetales","Streptomycetaceae","Streptomyces","ARE","Innovator","Root","Asol","AR062"
2025-08-28,"Alternaria",3,"left",3,"left3",1,29,1,0,1,"Actinobacteriota","Actinobacteria","Streptomycetales","Streptomycetaceae","Streptomyces","ARE","Innovator","Root","Asol","AR065"
2025-08-28,"Alternaria",3,"left",4,"left4",1,30,1,0,1,"Actinobacteriota","Actinobacteria","Streptomycetales","Streptomycetaceae","Streptomyces","ARE","Innovator","Root","Asol","AR069"
2025-08-28,"Alternaria",3,"left",5,"left5",1,31,1,9,1,"Actinobacteriota","Actinobacteria","Streptomycetales","Streptomycetaceae","Streptomyces","ARE","Innovator","Root","Asol","AR072"
2025-08-28,"Alternaria",3,"left",6,"left6",1,32,1,4,1,"Actinobacteriota","Actinobacteria","Streptomycetales","Streptomycetaceae","Streptomyces","ARE","Innovator","Root","Asol","AR082"
2025-08-28,"Alternaria",3,"left",7,"left7",1,33,1,9,1,"Actinobacteriota","Actinobacteria","Streptomycetales","Streptomycetaceae","Streptomyces","ARE","Innovator","Root","Asol","AR083b"
2025-08-28,"Alternaria",3,"left",8,"left8",1,34,1,0,1,"Actinobacteriota","Actinobacteria","Streptomycetales","Streptomycetaceae","Streptomyces","ARE","Innovator","Root","Asol","AR085"
2025-08-28,"Alternaria",3,"right",1,"right1",1,35,1,1,1,"Actinobacteriota","Actinobacteria","Streptomycetales","Streptomycetaceae","Streptomyces","ActIA","Innovator","Root","Asol","AR091"
2025-08-28,"Alternaria",3,"right",2,"right2",1,36,1,0,1,"Actinobacteriota","Actinobacteria","Streptomycetales","Streptomycetaceae","Streptomyces","ActIA","Innovator","Root","Asol","AR092b"
2025-08-28,"Alternaria",3,"right",3,"right3",1,37,1,2,1,"Actinobacteriota","Actinobacteria","Streptomycetales","Streptomycetaceae","Streptomyces","ActIA","Innovator","Root","Asol","AR094"
2025-08-28,"Alternaria",3,"right",4,"right4",1,38,1,0,1,"Actinobacteriota","Actinobacteria","Streptomycetales","Streptomycetaceae","Streptomyces","ActIA","Innovator","Root","Asol","AR108"
2025-08-28,"Alternaria",3,"right",5,"right5",1,39,1,0,1,"Actinobacteriota","Actinobacteria","Streptomycetales","Streptomycetaceae","Streptomyces","ActIA","Innovator","Root","Asol","AR109"
2025-08-28,"Alternaria",4,"left",2,"left2",1,41,1,2,1,"Actinobacteriota","Actinobacteria","Streptomycetales","Streptomycetaceae","Streptomyces","ActIA","Innovator","Root","Asol","AR113"
2025-08-28,"Alternaria",4,"left",3,"left3",1,42,1,2,1,"Actinobacteriota","Actinobacteria","Streptomycetales","Streptomycetaceae","Streptomyces","ActIA","Innovator","Root","Asol","AR115"
2025-08-28,"Alternaria",4,"left",4,"left4",1,43,1,2,1,"Actinobacteriota","Actinobacteria","Streptomycetales","Streptomycetaceae","Streptomyces","ActIA","Innovator","Root","Asol","AR124"
2025-08-28,"Alternaria",4,"left",5,"left5",1,44,1,0,1,"Actinobacteriota","Actinobacteria","Streptomycetales","Streptomycetaceae","Streptomyces","ActIA","Innovator","Root","Asol","AR170"
2025-08-28,"Alternaria",4,"left",6,"left6",1,45,1,0,1,"Actinobacteriota","Actinobacteria","Streptomycetales","Streptomycetaceae","Streptomyces","TSA","Innovator","Rhizosphere soil","Asol","AS002"
2025-08-28,"Alternaria",4,"left",7,"left7",1,46,1,0,1,"Actinobacteriota","Actinobacteria","Streptomycetales","Streptomycetaceae","Streptomyces","TSA","Innovator","Rhizosphere soil","Asol","AS004"
2025-08-28,"Alternaria",4,"left",8,"left8",1,47,1,0,1,"Actinobacteriota","Actinobacteria","Streptomycetales","Streptomycetaceae","Streptomyces","TSA","Innovator","Rhizosphere soil","Asol","AS007"
2025-08-28,"Alternaria",4,"right",1,"right1",1,48,1,2,1,"Actinobacteriota","Actinobacteria","Streptomycetales","Streptomycetaceae","Streptomyces","TSA","Innovator","Rhizosphere soil","Asol","AS008"
2025-08-28,"Alternaria",4,"right",2,"right2",1,49,1,0,1,"Actinobacteriota","Actinobacteria","Streptomycetales","Streptomycetaceae","Streptomyces","TSA","Innovator","Rhizosphere soil","Asol","AS014"
2025-08-28,"Alternaria",4,"right",3,"right3",1,50,1,1,1,"Actinobacteriota","Actinobacteria","Streptomycetales","Streptomycetaceae","Streptomyces","TSA","Innovator","Rhizosphere soil","Asol","AS020"
2025-08-28,"Alternaria",4,"right",4,"right4",1,51,1,0,1,"Actinobacteriota","Actinobacteria","Streptomycetales","Streptomycetaceae","Streptomyces","TSA","Innovator","Rhizosphere soil","Asol","AS032"
2025-08-28,"Alternaria",4,"right",5,"right5",1,52,1,0,1,"Actinobacteriota","Actinobacteria","Streptomycetales","Streptomycetaceae","Streptomyces","TSA","Innovator","Rhizosphere soil","Asol","AS037"
2025-08-28,"Alternaria",5,"left",2,"left2",1,54,1,0,1,"Actinobacteriota","Actinobacteria","Streptomycetales","Streptomycetaceae","Streptomyces","TSA","Innovator","Rhizosphere soil","Asol","AS041"
2025-08-28,"Alternaria",5,"left",3,"left3",1,55,1,0,1,"Actinobacteriota","Actinobacteria","Streptomycetales","Streptomycetaceae","Streptomyces","ARE","Innovator","Rhizosphere soil","Asol","AS046"
2025-08-28,"Alternaria",5,"left",4,"left4",1,56,1,2,1,"Actinobacteriota","Actinobacteria","Streptomycetales","Streptomycetaceae","Streptomyces","ARE","Innovator","Rhizosphere soil","Asol","AS053"
2025-08-28,"Alternaria",5,"left",5,"left5",1,57,1,2,1,"Actinobacteriota","Actinobacteria","Streptomycetales","Streptomycetaceae","Streptomyces","ARE","Innovator","Rhizosphere soil","Asol","AS065"
2025-08-28,"Alternaria",5,"left",6,"left6",1,58,1,2,1,"Actinobacteriota","Actinobacteria","Streptomycetales","Streptomycetaceae","Streptomyces","ARE","Innovator","Rhizosphere soil","Asol","AS073"
2025-08-28,"Alternaria",5,"right",1,"right1",1,61,1,2,1,"Actinobacteriota","Actinobacteria","Streptomycetales","Streptomycetaceae","Streptomyces","ARE","Innovator","Rhizosphere soil","Asol","AS078"
2025-08-28,"Alternaria",5,"right",2,"right2",1,62,1,0,1,"Actinobacteriota","Actinobacteria","Streptomycetales","Streptomycetaceae","Streptomyces","ARE","Innovator","Rhizosphere soil","Asol","AS079"
2025-08-28,"Alternaria",5,"right",3,"right3",1,63,1,0,1,"Actinobacteriota","Actinobacteria","Streptomycetales","Streptomycetaceae","Streptomyces","ActIA","Innovator","Rhizosphere soil","Asol","AS097"
2025-08-28,"Alternaria",5,"right",4,"right4",1,64,1,0,1,"Actinobacteriota","Actinobacteria","Streptomycetales","Streptomycetaceae","Streptomyces","ActIA","Innovator","Rhizosphere soil","Asol","AS098"
2025-08-28,"Alternaria",5,"right",5,"right5",1,65,1,0,1,"Actinobacteriota","Actinobacteria","Streptomycetales","Streptomycetaceae","Streptomyces","ActIA","Innovator","Rhizosphere soil","Asol","AS099"
2025-08-28,"Dickeya",6,"left",1,"left1",1,1,1,0,1,"Actinobacteriota","Actinobacteria","Streptomycetales","Streptomycetaceae","Streptomyces","ARE","Innovator","Leaf","Dsol","AL045"
2025-08-28,"Dickeya",6,"left",2,"left2",1,2,1,0,1,"Actinobacteriota","Actinobacteria","Streptomycetales","Streptomycetaceae","Streptomyces","ARE","Innovator","Leaf","Dsol","AL058"
2025-08-28,"Dickeya",6,"left",3,"left3",1,3,1,0,1,"Actinobacteriota","Actinobacteria","Streptomycetales","Streptomycetaceae","Streptomyces","ARE","Innovator","Leaf","Dsol","AL067"
2025-08-28,"Dickeya",6,"left",4,"left4",1,4,1,0,1,"Actinobacteriota","Actinobacteria","Streptomycetales","Streptomycetaceae","Streptomyces","ActIA","Innovator","Leaf","Dsol","AL071"
2025-08-28,"Dickeya",6,"left",5,"left5",1,5,1,0,1,"Actinobacteriota","Actinobacteria","Streptomycetales","Streptomycetaceae","Streptomyces","ActIA","Innovator","Leaf","Dsol","AL074"
2025-08-28,"Dickeya",6,"left",6,"left6",1,6,1,0,1,"Actinobacteriota","Actinobacteria","Streptomycetales","Streptomycetaceae","Streptomyces","ActIA","Innovator","Leaf","Dsol","AL083"
2025-08-28,"Dickeya",6,"left",7,"left7",1,7,1,0,1,"Actinobacteriota","Actinobacteria","Streptomycetales","Streptomycetaceae","Streptomyces","TSA","Innovator","Root","Dsol","AR003"
2025-08-28,"Dickeya",6,"left",8,"left8",1,8,1,0,1,"Actinobacteriota","Actinobacteria","Streptomycetales","Streptomycetaceae","Streptomyces","TSA","Innovator","Root","Dsol","AR004"
2025-08-28,"Dickeya",6,"right",1,"right1",1,9,1,0,1,"Actinobacteriota","Actinobacteria","Streptomycetales","Streptomycetaceae","Streptomyces","TSA","Innovator","Root","Dsol","AR006"
2025-08-28,"Dickeya",6,"right",3,"right3",1,11,1,0,1,"Actinobacteriota","Actinobacteria","Streptomycetales","Streptomycetaceae","Streptomyces","TSA","Innovator","Root","Dsol","AR011"
2025-08-28,"Dickeya",6,"right",4,"right4",1,12,1,0,1,"Actinobacteriota","Actinobacteria","Streptomycetales","Streptomycetaceae","Streptomyces","TSA","Innovator","Root","Dsol","AR012"
2025-08-28,"Dickeya",6,"right",5,"right5",1,13,1,0,1,"Actinobacteriota","Actinobacteria","Streptomycetales","Streptomycetaceae","Streptomyces","TSA","Innovator","Root","Dsol","AR013"
2025-08-28,"Dickeya",7,"left",1,"left1",1,14,1,0,1,"Actinobacteriota","Actinobacteria","Streptomycetales","Streptomycetaceae","Streptomyces","TSA","Innovator","Root","Dsol","AR014"
2025-08-28,"Dickeya",7,"left",2,"left2",1,15,1,0,1,"Actinobacteriota","Actinobacteria","Streptomycetales","Streptomycetaceae","Streptomyces","TSA","Innovator","Root","Dsol","AR018"
2025-08-28,"Dickeya",7,"left",3,"left3",1,16,1,0,1,"Actinobacteriota","Actinobacteria","Streptomycetales","Streptomycetaceae","Streptomyces","TSA","Innovator","Root","Dsol","AR020"
2025-08-28,"Dickeya",7,"left",4,"left4",1,17,1,0,1,"Actinobacteriota","Actinobacteria","Streptomycetales","Streptomycetaceae","Streptomyces","TSA","Innovator","Root","Dsol","AR027"
2025-08-28,"Dickeya",7,"left",5,"left5",1,18,1,0,1,"Actinobacteriota","Actinobacteria","Streptomycetales","Streptomycetaceae","Streptomyces","TSA","Innovator","Root","Dsol","AR029"
2025-08-28,"Dickeya",7,"left",6,"left6",1,19,1,0,1,"Actinobacteriota","Actinobacteria","Streptomycetales","Streptomycetaceae","Streptomyces","TSA","Innovator","Root","Dsol","AR030"
2025-08-28,"Dickeya",7,"left",8,"left8",1,21,1,0,1,"Actinobacteriota","Actinobacteria","Streptomycetales","Streptomycetaceae","Streptomyces","TSA","Innovator","Root","Dsol","AR033"
2025-08-28,"Dickeya",7,"right",1,"right1",1,22,1,0,1,"Actinobacteriota","Actinobacteria","Streptomycetales","Streptomycetaceae","Streptomyces","TSA","Innovator","Root","Dsol","AR034"
2025-08-28,"Dickeya",7,"right",2,"right2",1,23,1,0,1,"Actinobacteriota","Actinobacteria","Streptomycetales","Streptomycetaceae","Streptomyces","TSA","Innovator","Root","Dsol","AR036"
2025-08-28,"Dickeya",7,"right",3,"right3",1,24,1,0,1,"Actinobacteriota","Actinobacteria","Streptomycetales","Streptomycetaceae","Streptomyces","TSA","Innovator","Root","Dsol","AR038b"
2025-08-28,"Dickeya",7,"right",5,"right5",1,26,1,0,1,"Actinobacteriota","Actinobacteria","Streptomycetales","Streptomycetaceae","Streptomyces","TSA","Innovator","Root","Dsol","AR044"
2025-08-28,"Dickeya",8,"left",1,"left1",1,27,1,0,1,"Actinobacteriota","Actinobacteria","Streptomycetales","Streptomycetaceae","Streptomyces","TSA","Innovator","Root","Dsol","AR050"
2025-08-28,"Dickeya",8,"left",2,"left2",1,28,1,0,1,"Actinobacteriota","Actinobacteria","Streptomycetales","Streptomycetaceae","Streptomyces","ARE","Innovator","Root","Dsol","AR062"
2025-08-28,"Dickeya",8,"left",3,"left3",1,29,1,0,1,"Actinobacteriota","Actinobacteria","Streptomycetales","Streptomycetaceae","Streptomyces","ARE","Innovator","Root","Dsol","AR065"
2025-08-28,"Dickeya",8,"left",4,"left4",1,30,1,0,1,"Actinobacteriota","Actinobacteria","Streptomycetales","Streptomycetaceae","Streptomyces","ARE","Innovator","Root","Dsol","AR069"
2025-08-28,"Dickeya",8,"left",5,"left5",1,31,1,0,1,"Actinobacteriota","Actinobacteria","Streptomycetales","Streptomycetaceae","Streptomyces","ARE","Innovator","Root","Dsol","AR072"
2025-08-28,"Dickeya",8,"left",6,"left6",1,32,1,0,1,"Actinobacteriota","Actinobacteria","Streptomycetales","Streptomycetaceae","Streptomyces","ARE","Innovator","Root","Dsol","AR082"
2025-08-28,"Dickeya",8,"left",7,"left7",1,33,1,0,1,"Actinobacteriota","Actinobacteria","Streptomycetales","Streptomycetaceae","Streptomyces","ARE","Innovator","Root","Dsol","AR083b"
2025-08-28,"Dickeya",8,"left",8,"left8",1,34,1,0,1,"Actinobacteriota","Actinobacteria","Streptomycetales","Streptomycetaceae","Streptomyces","ARE","Innovator","Root","Dsol","AR085"
2025-08-28,"Dickeya",8,"right",1,"right1",1,35,1,0,1,"Actinobacteriota","Actinobacteria","Streptomycetales","Streptomycetaceae","Streptomyces","ActIA","Innovator","Root","Dsol","AR091"
2025-08-28,"Dickeya",8,"right",2,"right2",1,36,1,0,1,"Actinobacteriota","Actinobacteria","Streptomycetales","Streptomycetaceae","Streptomyces","ActIA","Innovator","Root","Dsol","AR092b"
2025-08-28,"Dickeya",8,"right",3,"right3",1,37,1,0,1,"Actinobacteriota","Actinobacteria","Streptomycetales","Streptomycetaceae","Streptomyces","ActIA","Innovator","Root","Dsol","AR094"
2025-08-28,"Dickeya",8,"right",4,"right4",1,38,1,0,1,"Actinobacteriota","Actinobacteria","Streptomycetales","Streptomycetaceae","Streptomyces","ActIA","Innovator","Root","Dsol","AR108"
2025-08-28,"Dickeya",8,"right",5,"right5",1,39,1,0,1,"Actinobacteriota","Actinobacteria","Streptomycetales","Streptomycetaceae","Streptomyces","ActIA","Innovator","Root","Dsol","AR109"
2025-08-28,"Dickeya",9,"left",2,"left2",1,41,1,0,1,"Actinobacteriota","Actinobacteria","Streptomycetales","Streptomycetaceae","Streptomyces","ActIA","Innovator","Root","Dsol","AR113"
2025-08-28,"Dickeya",9,"left",3,"left3",1,42,1,0,1,"Actinobacteriota","Actinobacteria","Streptomycetales","Streptomycetaceae","Streptomyces","ActIA","Innovator","Root","Dsol","AR115"
2025-08-28,"Dickeya",9,"left",4,"left4",1,43,1,0,1,"Actinobacteriota","Actinobacteria","Streptomycetales","Streptomycetaceae","Streptomyces","ActIA","Innovator","Root","Dsol","AR124"
2025-08-28,"Dickeya",9,"left",5,"left5",1,44,1,0,1,"Actinobacteriota","Actinobacteria","Streptomycetales","Streptomycetaceae","Streptomyces","ActIA","Innovator","Root","Dsol","AR170"
2025-08-28,"Dickeya",9,"left",6,"left6",1,45,1,0,1,"Actinobacteriota","Actinobacteria","Streptomycetales","Streptomycetaceae","Streptomyces","TSA","Innovator","Rhizosphere soil","Dsol","AS002"
2025-08-28,"Dickeya",9,"left",7,"left7",1,46,1,0,1,"Actinobacteriota","Actinobacteria","Streptomycetales","Streptomycetaceae","Streptomyces","TSA","Innovator","Rhizosphere soil","Dsol","AS004"
2025-08-28,"Dickeya",9,"left",8,"left8",1,47,1,0,1,"Actinobacteriota","Actinobacteria","Streptomycetales","Streptomycetaceae","Streptomyces","TSA","Innovator","Rhizosphere soil","Dsol","AS007"
2025-08-28,"Dickeya",9,"right",1,"right1",1,48,1,0,1,"Actinobacteriota","Actinobacteria","Streptomycetales","Streptomycetaceae","Streptomyces","TSA","Innovator","Rhizosphere soil","Dsol","AS008"
2025-08-28,"Dickeya",9,"right",2,"right2",1,49,1,0,1,"Actinobacteriota","Actinobacteria","Streptomycetales","Streptomycetaceae","Streptomyces","TSA","Innovator","Rhizosphere soil","Dsol","AS014"
2025-08-28,"Dickeya",9,"right",3,"right3",1,50,1,0,1,"Actinobacteriota","Actinobacteria","Streptomycetales","Streptomycetaceae","Streptomyces","TSA","Innovator","Rhizosphere soil","Dsol","AS020"
2025-08-28,"Dickeya",9,"right",4,"right4",1,51,1,0,1,"Actinobacteriota","Actinobacteria","Streptomycetales","Streptomycetaceae","Streptomyces","TSA","Innovator","Rhizosphere soil","Dsol","AS032"
2025-08-28,"Dickeya",9,"right",5,"right5",1,52,1,0,1,"Actinobacteriota","Actinobacteria","Streptomycetales","Streptomycetaceae","Streptomyces","TSA","Innovator","Rhizosphere soil","Dsol","AS037"
2025-08-28,"Dickeya",10,"left",2,"left2",1,54,1,0,1,"Actinobacteriota","Actinobacteria","Streptomycetales","Streptomycetaceae","Streptomyces","TSA","Innovator","Rhizosphere soil","Dsol","AS041"
2025-08-28,"Dickeya",10,"left",3,"left3",1,55,1,0,1,"Actinobacteriota","Actinobacteria","Streptomycetales","Streptomycetaceae","Streptomyces","ARE","Innovator","Rhizosphere soil","Dsol","AS046"
2025-08-28,"Dickeya",10,"left",4,"left4",1,56,1,0,1,"Actinobacteriota","Actinobacteria","Streptomycetales","Streptomycetaceae","Streptomyces","ARE","Innovator","Rhizosphere soil","Dsol","AS053"
2025-08-28,"Dickeya",10,"left",5,"left5",1,57,1,0,1,"Actinobacteriota","Actinobacteria","Streptomycetales","Streptomycetaceae","Streptomyces","ARE","Innovator","Rhizosphere soil","Dsol","AS065"
2025-08-28,"Dickeya",10,"left",6,"left6",1,58,1,0,1,"Actinobacteriota","Actinobacteria","Streptomycetales","Streptomycetaceae","Streptomyces","ARE","Innovator","Rhizosphere soil","Dsol","AS073"
2025-08-28,"Dickeya",10,"right",1,"right1",1,61,1,0,1,"Actinobacteriota","Actinobacteria","Streptomycetales","Streptomycetaceae","Streptomyces","ARE","Innovator","Rhizosphere soil","Dsol","AS078"
2025-08-28,"Dickeya",10,"right",2,"right2",1,62,1,0,1,"Actinobacteriota","Actinobacteria","Streptomycetales","Streptomycetaceae","Streptomyces","ARE","Innovator","Rhizosphere soil","Dsol","AS079"
2025-08-28,"Dickeya",10,"right",3,"right3",1,63,1,0,1,"Actinobacteriota","Actinobacteria","Streptomycetales","Streptomycetaceae","Streptomyces","ActIA","Innovator","Rhizosphere soil","Dsol","AS097"
2025-08-28,"Dickeya",10,"right",4,"right4",1,64,1,0,1,"Actinobacteriota","Actinobacteria","Streptomycetales","Streptomycetaceae","Streptomyces","ActIA","Innovator","Rhizosphere soil","Dsol","AS098"
2025-08-28,"Dickeya",10,"right",5,"right5",1,65,1,0,1,"Actinobacteriota","Actinobacteria","Streptomycetales","Streptomycetaceae","Streptomyces","ActIA","Innovator","Rhizosphere soil","Dsol","AS099"
2025-08-28,"Pectobacterium",11,"left",1,"left1",1,1,1,0,1,"Actinobacteriota","Actinobacteria","Streptomycetales","Streptomycetaceae","Streptomyces","ARE","Innovator","Leaf","Pcar","AL045"
2025-08-28,"Pectobacterium",11,"left",2,"left2",1,2,1,0,1,"Actinobacteriota","Actinobacteria","Streptomycetales","Streptomycetaceae","Streptomyces","ARE","Innovator","Leaf","Pcar","AL058"
2025-08-28,"Pectobacterium",11,"left",3,"left3",1,3,1,0,1,"Actinobacteriota","Actinobacteria","Streptomycetales","Streptomycetaceae","Streptomyces","ARE","Innovator","Leaf","Pcar","AL067"
2025-08-28,"Pectobacterium",11,"left",4,"left4",1,4,1,0,1,"Actinobacteriota","Actinobacteria","Streptomycetales","Streptomycetaceae","Streptomyces","ActIA","Innovator","Leaf","Pcar","AL071"
2025-08-28,"Pectobacterium",11,"left",5,"left5",1,5,1,0,1,"Actinobacteriota","Actinobacteria","Streptomycetales","Streptomycetaceae","Streptomyces","ActIA","Innovator","Leaf","Pcar","AL074"
2025-08-28,"Pectobacterium",11,"left",6,"left6",1,6,1,0,1,"Actinobacteriota","Actinobacteria","Streptomycetales","Streptomycetaceae","Streptomyces","ActIA","Innovator","Leaf","Pcar","AL083"
2025-08-28,"Pectobacterium",11,"left",7,"left7",1,7,1,0,1,"Actinobacteriota","Actinobacteria","Streptomycetales","Streptomycetaceae","Streptomyces","TSA","Innovator","Root","Pcar","AR003"
2025-08-28,"Pectobacterium",11,"left",8,"left8",1,8,1,0,1,"Actinobacteriota","Actinobacteria","Streptomycetales","Streptomycetaceae","Streptomyces","TSA","Innovator","Root","Pcar","AR004"
2025-08-28,"Pectobacterium",11,"right",1,"right1",1,9,1,0,1,"Actinobacteriota","Actinobacteria","Streptomycetales","Streptomycetaceae","Streptomyces","TSA","Innovator","Root","Pcar","AR006"
2025-08-28,"Pectobacterium",11,"right",3,"right3",1,11,1,0,1,"Actinobacteriota","Actinobacteria","Streptomycetales","Streptomycetaceae","Streptomyces","TSA","Innovator","Root","Pcar","AR011"
2025-08-28,"Pectobacterium",11,"right",4,"right4",1,12,1,0,1,"Actinobacteriota","Actinobacteria","Streptomycetales","Streptomycetaceae","Streptomyces","TSA","Innovator","Root","Pcar","AR012"
2025-08-28,"Pectobacterium",11,"right",5,"right5",1,13,1,0,1,"Actinobacteriota","Actinobacteria","Streptomycetales","Streptomycetaceae","Streptomyces","TSA","Innovator","Root","Pcar","AR013"
2025-08-28,"Pectobacterium",12,"left",1,"left1",1,14,1,0,1,"Actinobacteriota","Actinobacteria","Streptomycetales","Streptomycetaceae","Streptomyces","TSA","Innovator","Root","Pcar","AR014"
2025-08-28,"Pectobacterium",12,"left",2,"left2",1,15,1,0,1,"Actinobacteriota","Actinobacteria","Streptomycetales","Streptomycetaceae","Streptomyces","TSA","Innovator","Root","Pcar","AR018"
2025-08-28,"Pectobacterium",12,"left",3,"left3",1,16,1,0,1,"Actinobacteriota","Actinobacteria","Streptomycetales","Streptomycetaceae","Streptomyces","TSA","Innovator","Root","Pcar","AR020"
2025-08-28,"Pectobacterium",12,"left",4,"left4",1,17,1,0,1,"Actinobacteriota","Actinobacteria","Streptomycetales","Streptomycetaceae","Streptomyces","TSA","Innovator","Root","Pcar","AR027"
2025-08-28,"Pectobacterium",12,"left",5,"left5",1,18,1,0,1,"Actinobacteriota","Actinobacteria","Streptomycetales","Streptomycetaceae","Streptomyces","TSA","Innovator","Root","Pcar","AR029"
2025-08-28,"Pectobacterium",12,"left",6,"left6",1,19,1,0,1,"Actinobacteriota","Actinobacteria","Streptomycetales","Streptomycetaceae","Streptomyces","TSA","Innovator","Root","Pcar","AR030"
2025-08-28,"Pectobacterium",12,"left",8,"left8",1,21,1,0,1,"Actinobacteriota","Actinobacteria","Streptomycetales","Streptomycetaceae","Streptomyces","TSA","Innovator","Root","Pcar","AR033"
2025-08-28,"Pectobacterium",12,"right",1,"right1",1,22,1,0,1,"Actinobacteriota","Actinobacteria","Streptomycetales","Streptomycetaceae","Streptomyces","TSA","Innovator","Root","Pcar","AR034"
2025-08-28,"Pectobacterium",12,"right",2,"right2",1,23,1,0,1,"Actinobacteriota","Actinobacteria","Streptomycetales","Streptomycetaceae","Streptomyces","TSA","Innovator","Root","Pcar","AR036"
2025-08-28,"Pectobacterium",12,"right",3,"right3",1,24,1,0,1,"Actinobacteriota","Actinobacteria","Streptomycetales","Streptomycetaceae","Streptomyces","TSA","Innovator","Root","Pcar","AR038b"
2025-08-28,"Pectobacterium",12,"right",5,"right5",1,26,1,0,1,"Actinobacteriota","Actinobacteria","Streptomycetales","Streptomycetaceae","Streptomyces","TSA","Innovator","Root","Pcar","AR044"
2025-08-28,"Pectobacterium",13,"left",1,"left1",1,27,1,0,1,"Actinobacteriota","Actinobacteria","Streptomycetales","Streptomycetaceae","Streptomyces","TSA","Innovator","Root","Pcar","AR050"
2025-08-28,"Pectobacterium",13,"left",2,"left2",1,28,1,0,1,"Actinobacteriota","Actinobacteria","Streptomycetales","Streptomycetaceae","Streptomyces","ARE","Innovator","Root","Pcar","AR062"
2025-08-28,"Pectobacterium",13,"left",3,"left3",1,29,1,0,1,"Actinobacteriota","Actinobacteria","Streptomycetales","Streptomycetaceae","Streptomyces","ARE","Innovator","Root","Pcar","AR065"
2025-08-28,"Pectobacterium",13,"left",4,"left4",1,30,1,0,1,"Actinobacteriota","Actinobacteria","Streptomycetales","Streptomycetaceae","Streptomyces","ARE","Innovator","Root","Pcar","AR069"
2025-08-28,"Pectobacterium",13,"left",5,"left5",1,31,1,0,1,"Actinobacteriota","Actinobacteria","Streptomycetales","Streptomycetaceae","Streptomyces","ARE","Innovator","Root","Pcar","AR072"
2025-08-28,"Pectobacterium",13,"left",6,"left6",1,32,1,0,1,"Actinobacteriota","Actinobacteria","Streptomycetales","Streptomycetaceae","Streptomyces","ARE","Innovator","Root","Pcar","AR082"
2025-08-28,"Pectobacterium",13,"left",7,"left7",1,33,1,0,1,"Actinobacteriota","Actinobacteria","Streptomycetales","Streptomycetaceae","Streptomyces","ARE","Innovator","Root","Pcar","AR083b"
2025-08-28,"Pectobacterium",13,"left",8,"left8",1,34,1,0,1,"Actinobacteriota","Actinobacteria","Streptomycetales","Streptomycetaceae","Streptomyces","ARE","Innovator","Root","Pcar","AR085"
2025-08-28,"Pectobacterium",13,"right",1,"right1",1,35,1,0,1,"Actinobacteriota","Actinobacteria","Streptomycetales","Streptomycetaceae","Streptomyces","ActIA","Innovator","Root","Pcar","AR091"
2025-08-28,"Pectobacterium",13,"right",2,"right2",1,36,1,0,1,"Actinobacteriota","Actinobacteria","Streptomycetales","Streptomycetaceae","Streptomyces","ActIA","Innovator","Root","Pcar","AR092b"
2025-08-28,"Pectobacterium",13,"right",3,"right3",1,37,1,0,1,"Actinobacteriota","Actinobacteria","Streptomycetales","Streptomycetaceae","Streptomyces","ActIA","Innovator","Root","Pcar","AR094"
2025-08-28,"Pectobacterium",13,"right",4,"right4",1,38,1,0,1,"Actinobacteriota","Actinobacteria","Streptomycetales","Streptomycetaceae","Streptomyces","ActIA","Innovator","Root","Pcar","AR108"
2025-08-28,"Pectobacterium",13,"right",5,"right5",1,39,1,0,1,"Actinobacteriota","Actinobacteria","Streptomycetales","Streptomycetaceae","Streptomyces","ActIA","Innovator","Root","Pcar","AR109"
2025-08-28,"Pectobacterium",14,"left",2,"left2",1,41,1,0,1,"Actinobacteriota","Actinobacteria","Streptomycetales","Streptomycetaceae","Streptomyces","ActIA","Innovator","Root","Pcar","AR113"
2025-08-28,"Pectobacterium",14,"left",3,"left3",1,42,1,0,1,"Actinobacteriota","Actinobacteria","Streptomycetales","Streptomycetaceae","Streptomyces","ActIA","Innovator","Root","Pcar","AR115"
2025-08-28,"Pectobacterium",14,"left",4,"left4",1,43,1,0,1,"Actinobacteriota","Actinobacteria","Streptomycetales","Streptomycetaceae","Streptomyces","ActIA","Innovator","Root","Pcar","AR124"
2025-08-28,"Pectobacterium",14,"left",5,"left5",1,44,1,0,1,"Actinobacteriota","Actinobacteria","Streptomycetales","Streptomycetaceae","Streptomyces","ActIA","Innovator","Root","Pcar","AR170"
2025-08-28,"Pectobacterium",14,"left",6,"left6",1,45,1,0,1,"Actinobacteriota","Actinobacteria","Streptomycetales","Streptomycetaceae","Streptomyces","TSA","Innovator","Rhizosphere soil","Pcar","AS002"
2025-08-28,"Pectobacterium",14,"left",7,"left7",1,46,1,0,1,"Actinobacteriota","Actinobacteria","Streptomycetales","Streptomycetaceae","Streptomyces","TSA","Innovator","Rhizosphere soil","Pcar","AS004"
2025-08-28,"Pectobacterium",14,"left",8,"left8",1,47,1,0,1,"Actinobacteriota","Actinobacteria","Streptomycetales","Streptomycetaceae","Streptomyces","TSA","Innovator","Rhizosphere soil","Pcar","AS007"
2025-08-28,"Pectobacterium",14,"right",1,"right1",1,48,1,0,1,"Actinobacteriota","Actinobacteria","Streptomycetales","Streptomycetaceae","Streptomyces","TSA","Innovator","Rhizosphere soil","Pcar","AS008"
2025-08-28,"Pectobacterium",14,"right",2,"right2",1,49,1,0,1,"Actinobacteriota","Actinobacteria","Streptomycetales","Streptomycetaceae","Streptomyces","TSA","Innovator","Rhizosphere soil","Pcar","AS014"
2025-08-28,"Pectobacterium",14,"right",3,"right3",1,50,1,0,1,"Actinobacteriota","Actinobacteria","Streptomycetales","Streptomycetaceae","Streptomyces","TSA","Innovator","Rhizosphere soil","Pcar","AS020"
2025-08-28,"Pectobacterium",14,"right",4,"right4",1,51,1,0,1,"Actinobacteriota","Actinobacteria","Streptomycetales","Streptomycetaceae","Streptomyces","TSA","Innovator","Rhizosphere soil","Pcar","AS032"
2025-08-28,"Pectobacterium",14,"right",5,"right5",1,52,1,0,1,"Actinobacteriota","Actinobacteria","Streptomycetales","Streptomycetaceae","Streptomyces","TSA","Innovator","Rhizosphere soil","Pcar","AS037"
2025-08-28,"Pectobacterium",15,"left",2,"left2",1,54,1,0,1,"Actinobacteriota","Actinobacteria","Streptomycetales","Streptomycetaceae","Streptomyces","TSA","Innovator","Rhizosphere soil","Pcar","AS041"
2025-08-28,"Pectobacterium",15,"left",3,"left3",1,55,1,0,1,"Actinobacteriota","Actinobacteria","Streptomycetales","Streptomycetaceae","Streptomyces","ARE","Innovator","Rhizosphere soil","Pcar","AS046"
2025-08-28,"Pectobacterium",15,"left",4,"left4",1,56,1,0,1,"Actinobacteriota","Actinobacteria","Streptomycetales","Streptomycetaceae","Streptomyces","ARE","Innovator","Rhizosphere soil","Pcar","AS053"
2025-08-28,"Pectobacterium",15,"left",5,"left5",1,57,1,0,1,"Actinobacteriota","Actinobacteria","Streptomycetales","Streptomycetaceae","Streptomyces","ARE","Innovator","Rhizosphere soil","Pcar","AS065"
2025-08-28,"Pectobacterium",15,"left",6,"left6",1,58,1,0,1,"Actinobacteriota","Actinobacteria","Streptomycetales","Streptomycetaceae","Streptomyces","ARE","Innovator","Rhizosphere soil","Pcar","AS073"
2025-08-28,"Pectobacterium",15,"right",1,"right1",1,61,1,0,1,"Actinobacteriota","Actinobacteria","Streptomycetales","Streptomycetaceae","Streptomyces","ARE","Innovator","Rhizosphere soil","Pcar","AS078"
2025-08-28,"Pectobacterium",15,"right",2,"right2",1,62,1,0,1,"Actinobacteriota","Actinobacteria","Streptomycetales","Streptomycetaceae","Streptomyces","ARE","Innovator","Rhizosphere soil","Pcar","AS079"
2025-08-28,"Pectobacterium",15,"right",3,"right3",1,63,1,0,1,"Actinobacteriota","Actinobacteria","Streptomycetales","Streptomycetaceae","Streptomyces","ActIA","Innovator","Rhizosphere soil","Pcar","AS097"
2025-08-28,"Pectobacterium",15,"right",4,"right4",1,64,1,0,1,"Actinobacteriota","Actinobacteria","Streptomycetales","Streptomycetaceae","Streptomyces","ActIA","Innovator","Rhizosphere soil","Pcar","AS098"
2025-08-28,"Pectobacterium",15,"right",5,"right5",1,65,1,0,1,"Actinobacteriota","Actinobacteria","Streptomycetales","Streptomycetaceae","Streptomyces","ActIA","Innovator","Rhizosphere soil","Pcar","AS099"
2025-09-18,"Alternaria",21,"left",1,"left1",1,66,1,0,1,"Actinobacteriota","Actinobacteria","Streptomycetales","Streptomycetaceae","Streptomyces","ActIA","Innovator","Rhizosphere soil","Asol","AS100"
2025-09-18,"Alternaria",21,"left",2,"left2",1,67,1,2,1,"Actinobacteriota","Actinobacteria","Streptomycetales","Streptomycetaceae","Streptomyces","ActIA","Innovator","Rhizosphere soil","Asol","AS104"
2025-09-18,"Alternaria",21,"left",3,"left3",1,68,1,0,1,"Actinobacteriota","Actinobacteria","Streptomycetales","Streptomycetaceae","Streptomyces","ActIA","Innovator","Rhizosphere soil","Asol","AS105"
2025-09-18,"Alternaria",21,"left",4,"left4",1,69,1,2,1,"Actinobacteriota","Actinobacteria","Streptomycetales","Streptomycetaceae","Streptomyces","ActIA","Innovator","Rhizosphere soil","Asol","AS111"
2025-09-18,"Alternaria",21,"left",5,"left5",1,70,1,2,1,"Actinobacteriota","Actinobacteria","Streptomycetales","Streptomycetaceae","Streptomyces","ActIA","Innovator","Rhizosphere soil","Asol","AS113"
2025-09-18,"Alternaria",21,"left",6,"left6",1,71,1,2,1,"Actinobacteriota","Actinobacteria","Streptomycetales","Streptomycetaceae","Streptomyces","ActIA","Innovator","Rhizosphere soil","Asol","AS114"
2025-09-18,"Alternaria",21,"left",7,"left7",1,72,1,2,1,"Actinobacteriota","Actinobacteria","Streptomycetales","Streptomycetaceae","Streptomyces","ActIA","Innovator","Rhizosphere soil","Asol","AS115"
2025-09-18,"Alternaria",21,"left",8,"left8",1,73,1,0,1,"Actinobacteriota","Actinobacteria","Streptomycetales","Streptomycetaceae","Streptomyces","ActIA","Innovator","Rhizosphere soil","Asol","AS116"
2025-09-18,"Alternaria",21,"right",1,"right1",1,74,1,1,1,"Actinobacteriota","Actinobacteria","Streptomycetales","Streptomycetaceae","Streptomyces","ActIA","Innovator","Rhizosphere soil","Asol","AS118"
2025-09-18,"Alternaria",21,"right",2,"right2",1,75,1,2,1,"Actinobacteriota","Actinobacteria","Streptomycetales","Streptomycetaceae","Streptomyces","ActIA","Innovator","Rhizosphere soil","Asol","AS120"
2025-09-18,"Alternaria",21,"right",3,"right3",1,76,1,0,1,"Actinobacteriota","Actinobacteria","Streptomycetales","Streptomycetaceae","Streptomyces","ActIA","Innovator","Rhizosphere soil","Asol","AS121a"
2025-09-18,"Alternaria",21,"right",4,"right4",1,77,1,2,1,"Actinobacteriota","Actinobacteria","Streptomycetales","Streptomycetaceae","Streptomyces","ActIA","Innovator","Rhizosphere soil","Asol","AS121c"
2025-09-18,"Alternaria",21,"right",5,"right5",1,78,1,2,1,"Actinobacteriota","Actinobacteria","Streptomycetales","Streptomycetaceae","Streptomyces","ActIA","Innovator","Rhizosphere soil","Asol","AS131"
2025-09-18,"Alternaria",22,"left",1,"left1",1,79,1,0,1,"Actinobacteriota","Actinobacteria","Streptomycetales","Streptomycetaceae","Streptomyces","ActIA","Innovator","Rhizosphere soil","Asol","AS136"
2025-09-18,"Alternaria",22,"left",2,"left2",1,80,1,1,1,"Actinobacteriota","Actinobacteria","Streptomycetales","Streptomycetaceae","Streptomyces","ActIA","Innovator","Rhizosphere soil","Asol","AS139a"
2025-09-18,"Alternaria",22,"left",3,"left3",1,81,1,1,1,"Actinobacteriota","Actinobacteria","Streptomycetales","Streptomycetaceae","Streptomyces","ActIA","Innovator","Rhizosphere soil","Asol","AS140a"
2025-09-18,"Alternaria",22,"left",4,"left4",1,82,1,1,1,"Actinobacteriota","Actinobacteria","Streptomycetales","Streptomycetaceae","Streptomyces","ActIA","Innovator","Rhizosphere soil","Asol","AS140b"
2025-09-18,"Alternaria",22,"left",5,"left5",1,83,1,1,1,"Actinobacteriota","Actinobacteria","Streptomycetales","Streptomycetaceae","Streptomyces","ActIA","Innovator","Rhizosphere soil","Asol","AS141"
2025-09-18,"Alternaria",22,"left",6,"left6",1,84,1,1,1,"Actinobacteriota","Actinobacteria","Streptomycetales","Streptomycetaceae","Streptomyces","ActIA","Innovator","Rhizosphere soil","Asol","AS142"
2025-09-18,"Alternaria",22,"left",7,"left7",1,85,1,1,1,"Actinobacteriota","Actinobacteria","Streptomycetales","Streptomycetaceae","Streptomyces","ActIA","Innovator","Rhizosphere soil","Asol","AS143"
2025-09-18,"Alternaria",22,"right",1,"right1",1,87,1,0,1,"Actinobacteriota","Actinobacteria","Streptomycetales","Streptomycetaceae","Streptomyces","ActIA","Innovator","Rhizosphere soil","Asol","AS145"
2025-09-18,"Alternaria",22,"right",4,"right4",1,90,1,1,1,"Actinobacteriota","Actinobacteria","Streptomycetales","Streptomycetaceae","Streptomyces","ActIA","Bintje","Leaf","Asol","BL040a"
2025-09-18,"Alternaria",22,"right",5,"right5",1,91,1,9,1,"Actinobacteriota","Actinobacteria","Streptomycetales","Streptomycetaceae","Streptomyces","ActIA","Bintje","Leaf","Asol","BL040b"
2025-09-18,"Alternaria",23,"left",4,"left4",1,95,1,1,1,"Actinobacteriota","Actinobacteria","Streptomycetales","Streptomycetaceae","Streptomyces","ARE","Bintje","Leaf","Asol","BL087"
2025-09-18,"Alternaria",23,"left",5,"left5",1,96,1,2,1,"Actinobacteriota","Actinobacteria","Streptomycetales","Streptomycetaceae","Streptomyces","ARE","Bintje","Leaf","Asol","BL091"
2025-09-18,"Alternaria",23,"left",6,"left6",1,97,1,1,1,"Actinobacteriota","Actinobacteria","Streptomycetales","Streptomycetaceae","Streptomyces","ActIA","Bintje","Root","Asol","BR044"
2025-09-18,"Alternaria",23,"left",7,"left7",1,98,1,2,1,"Actinobacteriota","Actinobacteria","Streptomycetales","Streptomycetaceae","Streptomyces","ActIA","Bintje","Root","Asol","BR045"
2025-09-18,"Alternaria",23,"left",8,"left8",1,99,1,0,1,"Actinobacteriota","Actinobacteria","Streptomycetales","Streptomycetaceae","Streptomyces","ActIA","Bintje","Root","Asol","BR048"
2025-09-18,"Alternaria",23,"right",1,"right1",1,100,1,0,1,"Actinobacteriota","Actinobacteria","Streptomycetales","Streptomycetaceae","Streptomyces","ActIA","Bintje","Root","Asol","BR051"
2025-09-18,"Alternaria",23,"right",2,"right2",1,101,1,1,1,"Actinobacteriota","Actinobacteria","Streptomycetales","Streptomycetaceae","Streptomyces","ActIA","Bintje","Root","Asol","BR057"
2025-09-18,"Alternaria",23,"right",3,"right3",1,102,1,0,1,"Actinobacteriota","Actinobacteria","Streptomycetales","Streptomycetaceae","Streptomyces","ActIA","Bintje","Root","Asol","BR060"
2025-09-18,"Alternaria",23,"right",4,"right4",1,103,1,0,1,"Actinobacteriota","Actinobacteria","Streptomycetales","Streptomycetaceae","Streptomyces","ActIA","Bintje","Root","Asol","BR061"
2025-09-18,"Alternaria",23,"right",5,"right5",1,104,1,2,1,"Actinobacteriota","Actinobacteria","Streptomycetales","Streptomycetaceae","Streptomyces","ActIA","Bintje","Root","Asol","BR065"
2025-09-18,"Alternaria",24,"left",1,"left1",1,105,1,2,1,"Actinobacteriota","Actinobacteria","Streptomycetales","Streptomycetaceae","Streptomyces","ActIA","Bintje","Root","Asol","BR068"
2025-09-18,"Alternaria",24,"left",2,"left2",1,106,1,0,1,"Actinobacteriota","Actinobacteria","Streptomycetales","Streptomycetaceae","Streptomyces","ActIA","Bintje","Root","Asol","BR070"
2025-09-18,"Alternaria",24,"left",3,"left3",1,107,1,0,1,"Actinobacteriota","Actinobacteria","Streptomycetales","Streptomycetaceae","Streptomyces","ActIA","Bintje","Root","Asol","BR074"
2025-09-18,"Alternaria",24,"left",4,"left4",1,108,1,0,1,"Actinobacteriota","Actinobacteria","Streptomycetales","Streptomycetaceae","Streptomyces","ActIA","Bintje","Root","Asol","BR079"
2025-09-18,"Alternaria",24,"left",8,"left8",1,112,1,0,1,"Actinobacteriota","Actinobacteria","Streptomycetales","Streptomycetaceae","Streptomyces","TSA","Bintje","Root","Asol","BR092a"
2025-09-18,"Alternaria",24,"right",3,"right3",1,115,1,0,1,"Actinobacteriota","Actinobacteria","Streptomycetales","Streptomycetaceae","Streptomyces","TSA","Bintje","Root","Asol","BR097"
2025-09-18,"Alternaria",24,"right",4,"right4",1,116,1,0,1,"Actinobacteriota","Actinobacteria","Streptomycetales","Streptomycetaceae","Streptomyces","TSA","Bintje","Root","Asol","BR104"
2025-09-18,"Alternaria",24,"right",5,"right5",1,117,1,0,1,"Actinobacteriota","Actinobacteria","Streptomycetales","Streptomycetaceae","Streptomyces","TSA","Bintje","Root","Asol","BR111"
2025-09-18,"Alternaria",25,"left",1,"left1",1,118,1,0,1,"Actinobacteriota","Actinobacteria","Streptomycetales","Streptomycetaceae","Streptomyces","TSA","Bintje","Root","Asol","BR113"
2025-09-18,"Alternaria",25,"left",2,"left2",1,119,1,0,1,"Actinobacteriota","Actinobacteria","Streptomycetales","Streptomycetaceae","Streptomyces","TSA","Bintje","Root","Asol","BR114"
2025-09-18,"Alternaria",25,"left",3,"left3",1,120,1,0,1,"Actinobacteriota","Actinobacteria","Streptomycetales","Streptomycetaceae","Streptomyces","TSA","Bintje","Root","Asol","BR117"
2025-09-18,"Alternaria",25,"left",4,"left4",1,121,1,0,1,"Actinobacteriota","Actinobacteria","Streptomycetales","Streptomycetaceae","Streptomyces","TSA","Bintje","Root","Asol","BR131"
2025-09-18,"Alternaria",25,"left",5,"left5",1,122,1,0,1,"Actinobacteriota","Actinobacteria","Streptomycetales","Streptomycetaceae","Streptomyces","TSA","Bintje","Root","Asol","BR132"
2025-09-18,"Alternaria",25,"left",6,"left6",1,123,1,0,1,"Actinobacteriota","Actinobacteria","Streptomycetales","Streptomycetaceae","Streptomyces","ARE","Bintje","Root","Asol","BR142"
2025-09-18,"Alternaria",25,"left",7,"left7",1,124,1,2,1,"Actinobacteriota","Actinobacteria","Streptomycetales","Streptomycetaceae","Streptomyces","ARE","Bintje","Root","Asol","BR143"
2025-09-18,"Alternaria",25,"left",8,"left8",1,125,1,0,1,"Actinobacteriota","Actinobacteria","Streptomycetales","Streptomycetaceae","Streptomyces","ARE","Bintje","Root","Asol","BR163"
2025-09-18,"Alternaria",25,"right",1,"right1",1,126,1,2,1,"Actinobacteriota","Actinobacteria","Streptomycetales","Streptomycetaceae","Streptomyces","ARE","Bintje","Root","Asol","BR159"
2025-09-18,"Alternaria",25,"right",2,"right2",1,127,1,0,1,"Actinobacteriota","Actinobacteria","Streptomycetales","Streptomycetaceae","Streptomyces","ARE","Bintje","Root","Asol","BR164"
2025-09-18,"Alternaria",25,"right",3,"right3",1,128,1,2,1,"Actinobacteriota","Actinobacteria","Streptomycetales","Streptomycetaceae","Streptomyces","ARE","Bintje","Root","Asol","BR165"
2025-09-18,"Alternaria",25,"right",4,"right4",1,129,1,0,1,"Actinobacteriota","Actinobacteria","Streptomycetales","Streptomycetaceae","Streptomyces","ActIA","Bintje","Rhizosphere soil","Asol","BS078"
2025-09-18,"Alternaria",25,"right",5,"right5",1,130,1,0,1,"Actinobacteriota","Actinobacteria","Streptomycetales","Streptomycetaceae","Streptomyces","ActIA","Bintje","Rhizosphere soil","Asol","BS082"
2025-09-18,"Dickeya",26,"left",1,"left1",1,66,1,0,1,"Actinobacteriota","Actinobacteria","Streptomycetales","Streptomycetaceae","Streptomyces","ActIA","Innovator","Rhizosphere soil","Dsol","AS100"
2025-09-18,"Dickeya",26,"left",2,"left2",1,67,1,1,1,"Actinobacteriota","Actinobacteria","Streptomycetales","Streptomycetaceae","Streptomyces","ActIA","Innovator","Rhizosphere soil","Dsol","AS104"
2025-09-18,"Dickeya",26,"left",3,"left3",1,68,1,0,1,"Actinobacteriota","Actinobacteria","Streptomycetales","Streptomycetaceae","Streptomyces","ActIA","Innovator","Rhizosphere soil","Dsol","AS105"
2025-09-18,"Dickeya",26,"left",4,"left4",1,69,1,0,1,"Actinobacteriota","Actinobacteria","Streptomycetales","Streptomycetaceae","Streptomyces","ActIA","Innovator","Rhizosphere soil","Dsol","AS111"
2025-09-18,"Dickeya",26,"left",5,"left5",1,70,1,0,1,"Actinobacteriota","Actinobacteria","Streptomycetales","Streptomycetaceae","Streptomyces","ActIA","Innovator","Rhizosphere soil","Dsol","AS113"
2025-09-18,"Dickeya",26,"left",6,"left6",1,71,1,0,1,"Actinobacteriota","Actinobacteria","Streptomycetales","Streptomycetaceae","Streptomyces","ActIA","Innovator","Rhizosphere soil","Dsol","AS114"
2025-09-18,"Dickeya",26,"left",7,"left7",1,72,1,0,1,"Actinobacteriota","Actinobacteria","Streptomycetales","Streptomycetaceae","Streptomyces","ActIA","Innovator","Rhizosphere soil","Dsol","AS115"
2025-09-18,"Dickeya",26,"left",8,"left8",1,73,1,0,1,"Actinobacteriota","Actinobacteria","Streptomycetales","Streptomycetaceae","Streptomyces","ActIA","Innovator","Rhizosphere soil","Dsol","AS116"
2025-09-18,"Dickeya",26,"right",1,"right1",1,74,1,0,1,"Actinobacteriota","Actinobacteria","Streptomycetales","Streptomycetaceae","Streptomyces","ActIA","Innovator","Rhizosphere soil","Dsol","AS118"
2025-09-18,"Dickeya",26,"right",2,"right2",1,75,1,0,1,"Actinobacteriota","Actinobacteria","Streptomycetales","Streptomycetaceae","Streptomyces","ActIA","Innovator","Rhizosphere soil","Dsol","AS120"
2025-09-18,"Dickeya",26,"right",3,"right3",1,76,1,0,1,"Actinobacteriota","Actinobacteria","Streptomycetales","Streptomycetaceae","Streptomyces","ActIA","Innovator","Rhizosphere soil","Dsol","AS121a"
2025-09-18,"Dickeya",26,"right",4,"right4",1,77,1,0,1,"Actinobacteriota","Actinobacteria","Streptomycetales","Streptomycetaceae","Streptomyces","ActIA","Innovator","Rhizosphere soil","Dsol","AS121c"
2025-09-18,"Dickeya",26,"right",5,"right5",1,78,1,0,1,"Actinobacteriota","Actinobacteria","Streptomycetales","Streptomycetaceae","Streptomyces","ActIA","Innovator","Rhizosphere soil","Dsol","AS131"
2025-09-18,"Dickeya",27,"left",1,"left1",1,79,1,0,1,"Actinobacteriota","Actinobacteria","Streptomycetales","Streptomycetaceae","Streptomyces","ActIA","Innovator","Rhizosphere soil","Dsol","AS136"
2025-09-18,"Dickeya",27,"left",2,"left2",1,80,1,0,1,"Actinobacteriota","Actinobacteria","Streptomycetales","Streptomycetaceae","Streptomyces","ActIA","Innovator","Rhizosphere soil","Dsol","AS139a"
2025-09-18,"Dickeya",27,"left",3,"left3",1,81,1,0,1,"Actinobacteriota","Actinobacteria","Streptomycetales","Streptomycetaceae","Streptomyces","ActIA","Innovator","Rhizosphere soil","Dsol","AS140a"
2025-09-18,"Dickeya",27,"left",4,"left4",1,82,1,0,1,"Actinobacteriota","Actinobacteria","Streptomycetales","Streptomycetaceae","Streptomyces","ActIA","Innovator","Rhizosphere soil","Dsol","AS140b"
2025-09-18,"Dickeya",27,"left",5,"left5",1,83,1,0,1,"Actinobacteriota","Actinobacteria","Streptomycetales","Streptomycetaceae","Streptomyces","ActIA","Innovator","Rhizosphere soil","Dsol","AS141"
2025-09-18,"Dickeya",27,"left",6,"left6",1,84,1,0,1,"Actinobacteriota","Actinobacteria","Streptomycetales","Streptomycetaceae","Streptomyces","ActIA","Innovator","Rhizosphere soil","Dsol","AS142"
2025-09-18,"Dickeya",27,"left",7,"left7",1,85,1,0,1,"Actinobacteriota","Actinobacteria","Streptomycetales","Streptomycetaceae","Streptomyces","ActIA","Innovator","Rhizosphere soil","Dsol","AS143"
2025-09-18,"Dickeya",27,"right",1,"right1",1,87,1,0,1,"Actinobacteriota","Actinobacteria","Streptomycetales","Streptomycetaceae","Streptomyces","ActIA","Innovator","Rhizosphere soil","Dsol","AS145"
2025-09-18,"Dickeya",27,"right",4,"right4",1,90,1,0,1,"Actinobacteriota","Actinobacteria","Streptomycetales","Streptomycetaceae","Streptomyces","ActIA","Bintje","Leaf","Dsol","BL040a"
2025-09-18,"Dickeya",27,"right",5,"right5",1,91,1,0,1,"Actinobacteriota","Actinobacteria","Streptomycetales","Streptomycetaceae","Streptomyces","ActIA","Bintje","Leaf","Dsol","BL040b"
2025-09-18,"Dickeya",28,"left",4,"left4",1,95,1,0,1,"Actinobacteriota","Actinobacteria","Streptomycetales","Streptomycetaceae","Streptomyces","ARE","Bintje","Leaf","Dsol","BL087"
2025-09-18,"Dickeya",28,"left",5,"left5",1,96,1,0,1,"Actinobacteriota","Actinobacteria","Streptomycetales","Streptomycetaceae","Streptomyces","ARE","Bintje","Leaf","Dsol","BL091"
2025-09-18,"Dickeya",28,"left",6,"left6",1,97,1,0,1,"Actinobacteriota","Actinobacteria","Streptomycetales","Streptomycetaceae","Streptomyces","ActIA","Bintje","Root","Dsol","BR044"
2025-09-18,"Dickeya",28,"left",7,"left7",1,98,1,0,1,"Actinobacteriota","Actinobacteria","Streptomycetales","Streptomycetaceae","Streptomyces","ActIA","Bintje","Root","Dsol","BR045"
2025-09-18,"Dickeya",28,"left",8,"left8",1,99,1,0,1,"Actinobacteriota","Actinobacteria","Streptomycetales","Streptomycetaceae","Streptomyces","ActIA","Bintje","Root","Dsol","BR048"
2025-09-18,"Dickeya",28,"right",1,"right1",1,100,1,0,1,"Actinobacteriota","Actinobacteria","Streptomycetales","Streptomycetaceae","Streptomyces","ActIA","Bintje","Root","Dsol","BR051"
2025-09-18,"Dickeya",28,"right",2,"right2",1,101,1,0,1,"Actinobacteriota","Actinobacteria","Streptomycetales","Streptomycetaceae","Streptomyces","ActIA","Bintje","Root","Dsol","BR057"
2025-09-18,"Dickeya",28,"right",3,"right3",1,102,1,0,1,"Actinobacteriota","Actinobacteria","Streptomycetales","Streptomycetaceae","Streptomyces","ActIA","Bintje","Root","Dsol","BR060"
2025-09-18,"Dickeya",28,"right",4,"right4",1,103,1,0,1,"Actinobacteriota","Actinobacteria","Streptomycetales","Streptomycetaceae","Streptomyces","ActIA","Bintje","Root","Dsol","BR061"
2025-09-18,"Dickeya",28,"right",5,"right5",1,104,1,0,1,"Actinobacteriota","Actinobacteria","Streptomycetales","Streptomycetaceae","Streptomyces","ActIA","Bintje","Root","Dsol","BR065"
2025-09-18,"Dickeya",29,"left",1,"left1",1,105,1,0,1,"Actinobacteriota","Actinobacteria","Streptomycetales","Streptomycetaceae","Streptomyces","ActIA","Bintje","Root","Dsol","BR068"
2025-09-18,"Dickeya",29,"left",2,"left2",1,106,1,0,1,"Actinobacteriota","Actinobacteria","Streptomycetales","Streptomycetaceae","Streptomyces","ActIA","Bintje","Root","Dsol","BR070"
2025-09-18,"Dickeya",29,"left",3,"left3",1,107,1,0,1,"Actinobacteriota","Actinobacteria","Streptomycetales","Streptomycetaceae","Streptomyces","ActIA","Bintje","Root","Dsol","BR074"
2025-09-18,"Dickeya",29,"left",4,"left4",1,108,1,0,1,"Actinobacteriota","Actinobacteria","Streptomycetales","Streptomycetaceae","Streptomyces","ActIA","Bintje","Root","Dsol","BR079"
2025-09-18,"Dickeya",29,"left",8,"left8",1,112,1,0,1,"Actinobacteriota","Actinobacteria","Streptomycetales","Streptomycetaceae","Streptomyces","TSA","Bintje","Root","Dsol","BR092a"
2025-09-18,"Dickeya",29,"right",3,"right3",1,115,1,0,1,"Actinobacteriota","Actinobacteria","Streptomycetales","Streptomycetaceae","Streptomyces","TSA","Bintje","Root","Dsol","BR097"
2025-09-18,"Dickeya",29,"right",4,"right4",1,116,1,0,1,"Actinobacteriota","Actinobacteria","Streptomycetales","Streptomycetaceae","Streptomyces","TSA","Bintje","Root","Dsol","BR104"
2025-09-18,"Dickeya",29,"right",5,"right5",1,117,1,0,1,"Actinobacteriota","Actinobacteria","Streptomycetales","Streptomycetaceae","Streptomyces","TSA","Bintje","Root","Dsol","BR111"
2025-09-18,"Dickeya",30,"left",1,"left1",1,118,1,0,1,"Actinobacteriota","Actinobacteria","Streptomycetales","Streptomycetaceae","Streptomyces","TSA","Bintje","Root","Dsol","BR113"
2025-09-18,"Dickeya",30,"left",2,"left2",1,119,1,0,1,"Actinobacteriota","Actinobacteria","Streptomycetales","Streptomycetaceae","Streptomyces","TSA","Bintje","Root","Dsol","BR114"
2025-09-18,"Dickeya",30,"left",3,"left3",1,120,1,0,1,"Actinobacteriota","Actinobacteria","Streptomycetales","Streptomycetaceae","Streptomyces","TSA","Bintje","Root","Dsol","BR117"
2025-09-18,"Dickeya",30,"left",4,"left4",1,121,1,0,1,"Actinobacteriota","Actinobacteria","Streptomycetales","Streptomycetaceae","Streptomyces","TSA","Bintje","Root","Dsol","BR131"
2025-09-18,"Dickeya",30,"left",5,"left5",1,122,1,0,1,"Actinobacteriota","Actinobacteria","Streptomycetales","Streptomycetaceae","Streptomyces","TSA","Bintje","Root","Dsol","BR132"
2025-09-18,"Dickeya",30,"left",6,"left6",1,123,1,0,1,"Actinobacteriota","Actinobacteria","Streptomycetales","Streptomycetaceae","Streptomyces","ARE","Bintje","Root","Dsol","BR142"
2025-09-18,"Dickeya",30,"left",7,"left7",1,124,1,0,1,"Actinobacteriota","Actinobacteria","Streptomycetales","Streptomycetaceae","Streptomyces","ARE","Bintje","Root","Dsol","BR143"
2025-09-18,"Dickeya",30,"left",8,"left8",1,125,1,0,1,"Actinobacteriota","Actinobacteria","Streptomycetales","Streptomycetaceae","Streptomyces","ARE","Bintje","Root","Dsol","BR163"
2025-09-18,"Dickeya",30,"right",1,"right1",1,126,1,1,1,"Actinobacteriota","Actinobacteria","Streptomycetales","Streptomycetaceae","Streptomyces","ARE","Bintje","Root","Dsol","BR159"
2025-09-18,"Dickeya",30,"right",2,"right2",1,127,1,0,1,"Actinobacteriota","Actinobacteria","Streptomycetales","Streptomycetaceae","Streptomyces","ARE","Bintje","Root","Dsol","BR164"
2025-09-18,"Dickeya",30,"right",3,"right3",1,128,1,0,1,"Actinobacteriota","Actinobacteria","Streptomycetales","Streptomycetaceae","Streptomyces","ARE","Bintje","Root","Dsol","BR165"
2025-09-18,"Dickeya",30,"right",4,"right4",1,129,1,0,1,"Actinobacteriota","Actinobacteria","Streptomycetales","Streptomycetaceae","Streptomyces","ActIA","Bintje","Rhizosphere soil","Dsol","BS078"
2025-09-18,"Dickeya",30,"right",5,"right5",1,130,1,0,1,"Actinobacteriota","Actinobacteria","Streptomycetales","Streptomycetaceae","Streptomyces","ActIA","Bintje","Rhizosphere soil","Dsol","BS082"
2025-09-18,"Pectobacterium",31,"left",1,"left1",1,66,1,0,1,"Actinobacteriota","Actinobacteria","Streptomycetales","Streptomycetaceae","Streptomyces","ActIA","Innovator","Rhizosphere soil","Pcar","AS100"
2025-09-18,"Pectobacterium",31,"left",2,"left2",1,67,1,2,1,"Actinobacteriota","Actinobacteria","Streptomycetales","Streptomycetaceae","Streptomyces","ActIA","Innovator","Rhizosphere soil","Pcar","AS104"
2025-09-18,"Pectobacterium",31,"left",3,"left3",1,68,1,0,1,"Actinobacteriota","Actinobacteria","Streptomycetales","Streptomycetaceae","Streptomyces","ActIA","Innovator","Rhizosphere soil","Pcar","AS105"
2025-09-18,"Pectobacterium",31,"left",4,"left4",1,69,1,0,1,"Actinobacteriota","Actinobacteria","Streptomycetales","Streptomycetaceae","Streptomyces","ActIA","Innovator","Rhizosphere soil","Pcar","AS111"
2025-09-18,"Pectobacterium",31,"left",5,"left5",1,70,1,0,1,"Actinobacteriota","Actinobacteria","Streptomycetales","Streptomycetaceae","Streptomyces","ActIA","Innovator","Rhizosphere soil","Pcar","AS113"
2025-09-18,"Pectobacterium",31,"left",6,"left6",1,71,1,0,1,"Actinobacteriota","Actinobacteria","Streptomycetales","Streptomycetaceae","Streptomyces","ActIA","Innovator","Rhizosphere soil","Pcar","AS114"
2025-09-18,"Pectobacterium",31,"left",7,"left7",1,72,1,0,1,"Actinobacteriota","Actinobacteria","Streptomycetales","Streptomycetaceae","Streptomyces","ActIA","Innovator","Rhizosphere soil","Pcar","AS115"
2025-09-18,"Pectobacterium",31,"left",8,"left8",1,73,1,0,1,"Actinobacteriota","Actinobacteria","Streptomycetales","Streptomycetaceae","Streptomyces","ActIA","Innovator","Rhizosphere soil","Pcar","AS116"
2025-09-18,"Pectobacterium",31,"right",1,"right1",1,74,1,0,1,"Actinobacteriota","Actinobacteria","Streptomycetales","Streptomycetaceae","Streptomyces","ActIA","Innovator","Rhizosphere soil","Pcar","AS118"
2025-09-18,"Pectobacterium",31,"right",2,"right2",1,75,1,0,1,"Actinobacteriota","Actinobacteria","Streptomycetales","Streptomycetaceae","Streptomyces","ActIA","Innovator","Rhizosphere soil","Pcar","AS120"
2025-09-18,"Pectobacterium",31,"right",3,"right3",1,76,1,0,1,"Actinobacteriota","Actinobacteria","Streptomycetales","Streptomycetaceae","Streptomyces","ActIA","Innovator","Rhizosphere soil","Pcar","AS121a"
2025-09-18,"Pectobacterium",31,"right",4,"right4",1,77,1,0,1,"Actinobacteriota","Actinobacteria","Streptomycetales","Streptomycetaceae","Streptomyces","ActIA","Innovator","Rhizosphere soil","Pcar","AS121c"
2025-09-18,"Pectobacterium",31,"right",5,"right5",1,78,1,0,1,"Actinobacteriota","Actinobacteria","Streptomycetales","Streptomycetaceae","Streptomyces","ActIA","Innovator","Rhizosphere soil","Pcar","AS131"
2025-09-18,"Pectobacterium",32,"left",1,"left1",1,79,1,0,1,"Actinobacteriota","Actinobacteria","Streptomycetales","Streptomycetaceae","Streptomyces","ActIA","Innovator","Rhizosphere soil","Pcar","AS136"
2025-09-18,"Pectobacterium",32,"left",2,"left2",1,80,1,0,1,"Actinobacteriota","Actinobacteria","Streptomycetales","Streptomycetaceae","Streptomyces","ActIA","Innovator","Rhizosphere soil","Pcar","AS139a"
2025-09-18,"Pectobacterium",32,"left",3,"left3",1,81,1,0,1,"Actinobacteriota","Actinobacteria","Streptomycetales","Streptomycetaceae","Streptomyces","ActIA","Innovator","Rhizosphere soil","Pcar","AS140a"
2025-09-18,"Pectobacterium",32,"left",4,"left4",1,82,1,0,1,"Actinobacteriota","Actinobacteria","Streptomycetales","Streptomycetaceae","Streptomyces","ActIA","Innovator","Rhizosphere soil","Pcar","AS140b"
2025-09-18,"Pectobacterium",32,"left",5,"left5",1,83,1,0,1,"Actinobacteriota","Actinobacteria","Streptomycetales","Streptomycetaceae","Streptomyces","ActIA","Innovator","Rhizosphere soil","Pcar","AS141"
2025-09-18,"Pectobacterium",32,"left",6,"left6",1,84,1,0,1,"Actinobacteriota","Actinobacteria","Streptomycetales","Streptomycetaceae","Streptomyces","ActIA","Innovator","Rhizosphere soil","Pcar","AS142"
2025-09-18,"Pectobacterium",32,"left",7,"left7",1,85,1,0,1,"Actinobacteriota","Actinobacteria","Streptomycetales","Streptomycetaceae","Streptomyces","ActIA","Innovator","Rhizosphere soil","Pcar","AS143"
2025-09-18,"Pectobacterium",32,"right",1,"right1",1,87,1,0,1,"Actinobacteriota","Actinobacteria","Streptomycetales","Streptomycetaceae","Streptomyces","ActIA","Innovator","Rhizosphere soil","Pcar","AS145"
2025-09-18,"Pectobacterium",32,"right",4,"right4",1,90,1,0,1,"Actinobacteriota","Actinobacteria","Streptomycetales","Streptomycetaceae","Streptomyces","ActIA","Bintje","Leaf","Pcar","BL040a"
2025-09-18,"Pectobacterium",32,"right",5,"right5",1,91,1,0,1,"Actinobacteriota","Actinobacteria","Streptomycetales","Streptomycetaceae","Streptomyces","ActIA","Bintje","Leaf","Pcar","BL040b"
2025-09-18,"Pectobacterium",33,"left",4,"left4",1,95,1,0,1,"Actinobacteriota","Actinobacteria","Streptomycetales","Streptomycetaceae","Streptomyces","ARE","Bintje","Leaf","Pcar","BL087"
2025-09-18,"Pectobacterium",33,"left",5,"left5",1,96,1,0,1,"Actinobacteriota","Actinobacteria","Streptomycetales","Streptomycetaceae","Streptomyces","ARE","Bintje","Leaf","Pcar","BL091"
2025-09-18,"Pectobacterium",33,"left",6,"left6",1,97,1,0,1,"Actinobacteriota","Actinobacteria","Streptomycetales","Streptomycetaceae","Streptomyces","ActIA","Bintje","Root","Pcar","BR044"
2025-09-18,"Pectobacterium",33,"left",7,"left7",1,98,1,0,1,"Actinobacteriota","Actinobacteria","Streptomycetales","Streptomycetaceae","Streptomyces","ActIA","Bintje","Root","Pcar","BR045"
2025-09-18,"Pectobacterium",33,"left",8,"left8",1,99,1,0,1,"Actinobacteriota","Actinobacteria","Streptomycetales","Streptomycetaceae","Streptomyces","ActIA","Bintje","Root","Pcar","BR048"
2025-09-18,"Pectobacterium",33,"right",1,"right1",1,100,1,0,1,"Actinobacteriota","Actinobacteria","Streptomycetales","Streptomycetaceae","Streptomyces","ActIA","Bintje","Root","Pcar","BR051"
2025-09-18,"Pectobacterium",33,"right",2,"right2",1,101,1,0,1,"Actinobacteriota","Actinobacteria","Streptomycetales","Streptomycetaceae","Streptomyces","ActIA","Bintje","Root","Pcar","BR057"
2025-09-18,"Pectobacterium",33,"right",3,"right3",1,102,1,0,1,"Actinobacteriota","Actinobacteria","Streptomycetales","Streptomycetaceae","Streptomyces","ActIA","Bintje","Root","Pcar","BR060"
2025-09-18,"Pectobacterium",33,"right",4,"right4",1,103,1,0,1,"Actinobacteriota","Actinobacteria","Streptomycetales","Streptomycetaceae","Streptomyces","ActIA","Bintje","Root","Pcar","BR061"
2025-09-18,"Pectobacterium",33,"right",5,"right5",1,104,1,0,1,"Actinobacteriota","Actinobacteria","Streptomycetales","Streptomycetaceae","Streptomyces","ActIA","Bintje","Root","Pcar","BR065"
2025-09-18,"Pectobacterium",34,"left",1,"left1",1,105,1,0,1,"Actinobacteriota","Actinobacteria","Streptomycetales","Streptomycetaceae","Streptomyces","ActIA","Bintje","Root","Pcar","BR068"
2025-09-18,"Pectobacterium",34,"left",2,"left2",1,106,1,0,1,"Actinobacteriota","Actinobacteria","Streptomycetales","Streptomycetaceae","Streptomyces","ActIA","Bintje","Root","Pcar","BR070"
2025-09-18,"Pectobacterium",34,"left",3,"left3",1,107,1,0,1,"Actinobacteriota","Actinobacteria","Streptomycetales","Streptomycetaceae","Streptomyces","ActIA","Bintje","Root","Pcar","BR074"
2025-09-18,"Pectobacterium",34,"left",4,"left4",1,108,1,0,1,"Actinobacteriota","Actinobacteria","Streptomycetales","Streptomycetaceae","Streptomyces","ActIA","Bintje","Root","Pcar","BR079"
2025-09-18,"Pectobacterium",34,"left",8,"left8",1,112,1,0,1,"Actinobacteriota","Actinobacteria","Streptomycetales","Streptomycetaceae","Streptomyces","TSA","Bintje","Root","Pcar","BR092a"
2025-09-18,"Pectobacterium",34,"right",3,"right3",1,115,1,0,1,"Actinobacteriota","Actinobacteria","Streptomycetales","Streptomycetaceae","Streptomyces","TSA","Bintje","Root","Pcar","BR097"
2025-09-18,"Pectobacterium",34,"right",4,"right4",1,116,1,0,1,"Actinobacteriota","Actinobacteria","Streptomycetales","Streptomycetaceae","Streptomyces","TSA","Bintje","Root","Pcar","BR104"
2025-09-18,"Pectobacterium",34,"right",5,"right5",1,117,1,0,1,"Actinobacteriota","Actinobacteria","Streptomycetales","Streptomycetaceae","Streptomyces","TSA","Bintje","Root","Pcar","BR111"
2025-09-18,"Pectobacterium",35,"left",1,"left1",1,118,1,0,1,"Actinobacteriota","Actinobacteria","Streptomycetales","Streptomycetaceae","Streptomyces","TSA","Bintje","Root","Pcar","BR113"
2025-09-18,"Pectobacterium",35,"left",2,"left2",1,119,1,0,1,"Actinobacteriota","Actinobacteria","Streptomycetales","Streptomycetaceae","Streptomyces","TSA","Bintje","Root","Pcar","BR114"
2025-09-18,"Pectobacterium",35,"left",3,"left3",1,120,1,0,1,"Actinobacteriota","Actinobacteria","Streptomycetales","Streptomycetaceae","Streptomyces","TSA","Bintje","Root","Pcar","BR117"
2025-09-18,"Pectobacterium",35,"left",4,"left4",1,121,1,0,1,"Actinobacteriota","Actinobacteria","Streptomycetales","Streptomycetaceae","Streptomyces","TSA","Bintje","Root","Pcar","BR131"
2025-09-18,"Pectobacterium",35,"left",5,"left5",1,122,1,0,1,"Actinobacteriota","Actinobacteria","Streptomycetales","Streptomycetaceae","Streptomyces","TSA","Bintje","Root","Pcar","BR132"
2025-09-18,"Pectobacterium",35,"left",6,"left6",1,123,1,0,1,"Actinobacteriota","Actinobacteria","Streptomycetales","Streptomycetaceae","Streptomyces","ARE","Bintje","Root","Pcar","BR142"
2025-09-18,"Pectobacterium",35,"left",7,"left7",1,124,1,0,1,"Actinobacteriota","Actinobacteria","Streptomycetales","Streptomycetaceae","Streptomyces","ARE","Bintje","Root","Pcar","BR143"
2025-09-18,"Pectobacterium",35,"left",8,"left8",1,125,1,0,1,"Actinobacteriota","Actinobacteria","Streptomycetales","Streptomycetaceae","Streptomyces","ARE","Bintje","Root","Pcar","BR163"
2025-09-18,"Pectobacterium",35,"right",1,"right1",1,126,1,2,1,"Actinobacteriota","Actinobacteria","Streptomycetales","Streptomycetaceae","Streptomyces","ARE","Bintje","Root","Pcar","BR159"
2025-09-18,"Pectobacterium",35,"right",2,"right2",1,127,1,0,1,"Actinobacteriota","Actinobacteria","Streptomycetales","Streptomycetaceae","Streptomyces","ARE","Bintje","Root","Pcar","BR164"
2025-09-18,"Pectobacterium",35,"right",3,"right3",1,128,1,0,1,"Actinobacteriota","Actinobacteria","Streptomycetales","Streptomycetaceae","Streptomyces","ARE","Bintje","Root","Pcar","BR165"
2025-09-18,"Pectobacterium",35,"right",4,"right4",1,129,1,0,1,"Actinobacteriota","Actinobacteria","Streptomycetales","Streptomycetaceae","Streptomyces","ActIA","Bintje","Rhizosphere soil","Pcar","BS078"
2025-09-18,"Pectobacterium",35,"right",5,"right5",1,130,1,0,1,"Actinobacteriota","Actinobacteria","Streptomycetales","Streptomycetaceae","Streptomyces","ActIA","Bintje","Rhizosphere soil","Pcar","BS082"
2025-09-25,"Alternaria",41,"left",1,"left1",1,131,1,0,1,"Actinobacteriota","Actinobacteria","Streptomycetales","Streptomycetaceae","Streptomyces","ActIA","Bintje","Rhizosphere soil","Asol","BS084"
2025-09-25,"Alternaria",41,"left",2,"left2",1,132,1,0,1,"Actinobacteriota","Actinobacteria","Streptomycetales","Streptomycetaceae","Streptomyces","ActIA","Bintje","Rhizosphere soil","Asol","BS085"
2025-09-25,"Alternaria",41,"left",3,"left3",1,133,1,3,1,"Actinobacteriota","Actinobacteria","Streptomycetales","Streptomycetaceae","Streptomyces","ActIA","Bintje","Rhizosphere soil","Asol","BS086"
2025-09-25,"Alternaria",41,"left",4,"left4",1,134,1,0,1,"Actinobacteriota","Actinobacteria","Streptomycetales","Streptomycetaceae","Streptomyces","ActIA","Bintje","Rhizosphere soil","Asol","BS089"
2025-09-25,"Alternaria",41,"left",5,"left5",1,135,1,0,1,"Actinobacteriota","Actinobacteria","Streptomycetales","Streptomycetaceae","Streptomyces","ActIA","Bintje","Rhizosphere soil","Asol","BS090"
2025-09-25,"Alternaria",41,"left",7,"left7",1,137,1,1,1,"Actinobacteriota","Actinobacteria","Streptomycetales","Streptomycetaceae","Streptomyces","ActIA","Bintje","Rhizosphere soil","Asol","BS093b"
2025-09-25,"Alternaria",41,"left",8,"left8",1,138,1,1,1,"Actinobacteriota","Actinobacteria","Streptomycetales","Streptomycetaceae","Streptomyces","ActIA","Bintje","Rhizosphere soil","Asol","BS093c"
2025-09-25,"Alternaria",41,"right",1,"right1",1,139,1,0,1,"Actinobacteriota","Actinobacteria","Streptomycetales","Streptomycetaceae","Streptomyces","ActIA","Bintje","Rhizosphere soil","Asol","BS096"
2025-09-25,"Alternaria",41,"right",2,"right2",1,140,1,2,1,"Actinobacteriota","Actinobacteria","Streptomycetales","Streptomycetaceae","Streptomyces","ActIA","Bintje","Rhizosphere soil","Asol","BS097a"
2025-09-25,"Alternaria",41,"right",3,"right3",1,141,1,2,1,"Actinobacteriota","Actinobacteria","Streptomycetales","Streptomycetaceae","Streptomyces","ActIA","Bintje","Rhizosphere soil","Asol","BS112"
2025-09-25,"Alternaria",41,"right",4,"right4",1,142,1,0,1,"Actinobacteriota","Actinobacteria","Streptomycetales","Streptomycetaceae","Streptomyces","ActIA","Bintje","Rhizosphere soil","Asol","BS115"
2025-09-25,"Alternaria",42,"left",1,"left1",1,144,1,2,1,"Actinobacteriota","Actinobacteria","Streptomycetales","Streptomycetaceae","Streptomyces","ActIA","Bintje","Rhizosphere soil","Asol","BS128"
2025-09-25,"Alternaria",42,"left",2,"left2",1,145,1,0,1,"Actinobacteriota","Actinobacteria","Streptomycetales","Streptomycetaceae","Streptomyces","ActIA","Bintje","Rhizosphere soil","Asol","BS129b"
2025-09-25,"Alternaria",42,"left",3,"left3",1,146,1,0,1,"Actinobacteriota","Actinobacteria","Streptomycetales","Streptomycetaceae","Streptomyces","ActIA","Bintje","Rhizosphere soil","Asol","BS136"
2025-09-25,"Alternaria",42,"left",5,"left5",1,148,1,0,1,"Actinobacteriota","Actinobacteria","Streptomycetales","Streptomycetaceae","Streptomyces","ActIA","Bintje","Rhizosphere soil","Asol","BS137a"
2025-09-25,"Alternaria",42,"left",6,"left6",1,149,1,0,1,"Actinobacteriota","Actinobacteria","Streptomycetales","Streptomycetaceae","Streptomyces","ActIA","Bintje","Rhizosphere soil","Asol","BS137b"
2025-09-25,"Alternaria",42,"left",7,"left7",1,150,1,0,1,"Actinobacteriota","Actinobacteria","Streptomycetales","Streptomycetaceae","Streptomyces","TSA","Bintje","Rhizosphere soil","Asol","BS140b"
2025-09-25,"Alternaria",42,"left",8,"left8",1,151,1,0,1,"Actinobacteriota","Actinobacteria","Streptomycetales","Streptomycetaceae","Streptomyces","TSA","Bintje","Rhizosphere soil","Asol","BS145"
2025-09-25,"Alternaria",42,"right",1,"right1",1,152,1,0,1,"Actinobacteriota","Actinobacteria","Streptomycetales","Streptomycetaceae","Streptomyces","TSA","Bintje","Rhizosphere soil","Asol","BS148"
2025-09-25,"Alternaria",42,"right",2,"right2",1,153,1,2,1,"Actinobacteriota","Actinobacteria","Streptomycetales","Streptomycetaceae","Streptomyces","TSA","Bintje","Rhizosphere soil","Asol","BS149"
2025-09-25,"Alternaria",42,"right",4,"right4",1,155,1,0,1,"Actinobacteriota","Actinobacteria","Streptomycetales","Streptomycetaceae","Streptomyces","TSA","Bintje","Rhizosphere soil","Asol","BS152"
2025-09-25,"Alternaria",42,"right",5,"right5",1,156,1,0,1,"Actinobacteriota","Actinobacteria","Streptomycetales","Streptomycetaceae","Streptomyces","TSA","Bintje","Rhizosphere soil","Asol","BS155"
2025-09-25,"Alternaria",43,"left",1,"left1",1,157,1,0,1,"Actinobacteriota","Actinobacteria","Streptomycetales","Streptomycetaceae","Streptomyces","TSA","Bintje","Rhizosphere soil","Asol","BS159"
2025-09-25,"Alternaria",43,"left",2,"left2",1,158,1,0,1,"Actinobacteriota","Actinobacteria","Streptomycetales","Streptomycetaceae","Streptomyces","TSA","Bintje","Rhizosphere soil","Asol","BS160"
2025-09-25,"Alternaria",43,"left",3,"left3",1,159,1,2,1,"Actinobacteriota","Actinobacteria","Streptomycetales","Streptomycetaceae","Streptomyces","TSA","Bintje","Rhizosphere soil","Asol","BS166"
2025-09-25,"Alternaria",43,"left",4,"left4",1,160,1,2,1,"Actinobacteriota","Actinobacteria","Streptomycetales","Streptomycetaceae","Streptomyces","TSA","Bintje","Rhizosphere soil","Asol","BS167"
2025-09-25,"Alternaria",43,"left",5,"left5",1,161,1,0,1,"Actinobacteriota","Actinobacteria","Streptomycetales","Streptomycetaceae","Streptomyces","TSA","Bintje","Rhizosphere soil","Asol","BS185"
2025-09-25,"Alternaria",43,"left",6,"left6",1,162,1,2,1,"Actinobacteriota","Actinobacteria","Streptomycetales","Streptomycetaceae","Streptomyces","TSA","Bintje","Rhizosphere soil","Asol","BS188"
2025-09-25,"Alternaria",43,"left",7,"left7",1,163,1,2,1,"Actinobacteriota","Actinobacteria","Streptomycetales","Streptomycetaceae","Streptomyces","TSA","Bintje","Rhizosphere soil","Asol","BS195b"
2025-09-25,"Alternaria",43,"left",8,"left8",1,164,1,2,1,"Actinobacteriota","Actinobacteria","Streptomycetales","Streptomycetaceae","Streptomyces","TSA","Bintje","Rhizosphere soil","Asol","BS197b"
2025-09-25,"Alternaria",43,"right",1,"right1",1,165,1,0,1,"Actinobacteriota","Actinobacteria","Streptomycetales","Streptomycetaceae","Streptomyces","TSA","Bintje","Rhizosphere soil","Asol","BS202"
2025-09-25,"Alternaria",43,"right",2,"right2",1,166,1,1,1,"Actinobacteriota","Actinobacteria","Streptomycetales","Streptomycetaceae","Streptomyces","TSA","Bintje","Rhizosphere soil","Asol","BS204"
2025-09-25,"Alternaria",43,"right",3,"right3",1,167,1,1,1,"Actinobacteriota","Actinobacteria","Streptomycetales","Streptomycetaceae","Streptomyces","TSA","Bintje","Rhizosphere soil","Asol","BS204a"
2025-09-25,"Alternaria",43,"right",4,"right4",1,168,1,1,1,"Actinobacteriota","Actinobacteria","Streptomycetales","Streptomycetaceae","Streptomyces","TSA","Bintje","Rhizosphere soil","Asol","BS205"
2025-09-25,"Alternaria",43,"right",5,"right5",1,169,1,2,1,"Actinobacteriota","Actinobacteria","Streptomycetales","Streptomycetaceae","Streptomyces","TSA","Bintje","Rhizosphere soil","Asol","BS207"
2025-09-25,"Alternaria",44,"left",1,"left1",1,170,1,0,1,"Actinobacteriota","Actinobacteria","Streptomycetales","Streptomycetaceae","Streptomyces","ARE","Bintje","Rhizosphere soil","Asol","BS211"
2025-09-25,"Alternaria",44,"left",2,"left2",1,171,1,2,1,"Actinobacteriota","Actinobacteria","Streptomycetales","Streptomycetaceae","Streptomyces","ARE","Bintje","Rhizosphere soil","Asol","BS212"
2025-09-25,"Alternaria",44,"left",3,"left3",1,172,1,0,1,"Actinobacteriota","Actinobacteria","Streptomycetales","Streptomycetaceae","Streptomyces","ARE","Bintje","Rhizosphere soil","Asol","BS213"
2025-09-25,"Alternaria",44,"left",4,"left4",1,173,1,0,1,"Actinobacteriota","Actinobacteria","Streptomycetales","Streptomycetaceae","Streptomyces","ARE","Bintje","Rhizosphere soil","Asol","BS214"
2025-09-25,"Alternaria",44,"left",5,"left5",1,174,1,0,1,"Actinobacteriota","Actinobacteria","Streptomycetales","Streptomycetaceae","Streptomyces","ARE","Bintje","Rhizosphere soil","Asol","BS215a"
2025-09-25,"Alternaria",44,"left",7,"left7",1,176,1,0,1,"Actinobacteriota","Actinobacteria","Streptomycetales","Streptomycetaceae","Streptomyces","ARE","Bintje","Rhizosphere soil","Asol","BS217"
2025-09-25,"Alternaria",44,"left",8,"left8",1,177,1,0,1,"Actinobacteriota","Actinobacteria","Streptomycetales","Streptomycetaceae","Streptomyces","ARE","Bintje","Rhizosphere soil","Asol","BS218"
2025-09-25,"Alternaria",44,"right",2,"right2",1,179,1,0,1,"Actinobacteriota","Actinobacteria","Streptomycetales","Streptomycetaceae","Streptomyces","ARE","Bintje","Rhizosphere soil","Asol","BS219c"
2025-09-25,"Alternaria",44,"right",3,"right3",1,180,1,0,1,"Actinobacteriota","Actinobacteria","Streptomycetales","Streptomycetaceae","Streptomyces","ARE","Bintje","Rhizosphere soil","Asol","BS220"
2025-09-25,"Alternaria",44,"right",4,"right4",1,181,1,2,1,"Actinobacteriota","Actinobacteria","Streptomycetales","Streptomycetaceae","Streptomyces","ARE","Bintje","Rhizosphere soil","Asol","BS226"
2025-09-25,"Alternaria",44,"right",5,"right5",1,182,1,1,1,"Actinobacteriota","Actinobacteria","Streptomycetales","Streptomycetaceae","Streptomyces","ARE","Bintje","Rhizosphere soil","Asol","BS227"
2025-09-25,"Dickeya",45,"left",1,"left1",1,131,1,0,1,"Actinobacteriota","Actinobacteria","Streptomycetales","Streptomycetaceae","Streptomyces","ActIA","Bintje","Rhizosphere soil","Dsol","BS084"
2025-09-25,"Dickeya",45,"left",2,"left2",1,132,1,0,1,"Actinobacteriota","Actinobacteria","Streptomycetales","Streptomycetaceae","Streptomyces","ActIA","Bintje","Rhizosphere soil","Dsol","BS085"
2025-09-25,"Dickeya",45,"left",3,"left3",1,133,1,2,1,"Actinobacteriota","Actinobacteria","Streptomycetales","Streptomycetaceae","Streptomyces","ActIA","Bintje","Rhizosphere soil","Dsol","BS086"
2025-09-25,"Dickeya",45,"left",4,"left4",1,134,1,0,1,"Actinobacteriota","Actinobacteria","Streptomycetales","Streptomycetaceae","Streptomyces","ActIA","Bintje","Rhizosphere soil","Dsol","BS089"
2025-09-25,"Dickeya",45,"left",5,"left5",1,135,1,0,1,"Actinobacteriota","Actinobacteria","Streptomycetales","Streptomycetaceae","Streptomyces","ActIA","Bintje","Rhizosphere soil","Dsol","BS090"
2025-09-25,"Dickeya",45,"left",7,"left7",1,137,1,0,1,"Actinobacteriota","Actinobacteria","Streptomycetales","Streptomycetaceae","Streptomyces","ActIA","Bintje","Rhizosphere soil","Dsol","BS093b"
2025-09-25,"Dickeya",45,"left",8,"left8",1,138,1,0,1,"Actinobacteriota","Actinobacteria","Streptomycetales","Streptomycetaceae","Streptomyces","ActIA","Bintje","Rhizosphere soil","Dsol","BS093c"
2025-09-25,"Dickeya",45,"right",1,"right1",1,139,1,0,1,"Actinobacteriota","Actinobacteria","Streptomycetales","Streptomycetaceae","Streptomyces","ActIA","Bintje","Rhizosphere soil","Dsol","BS096"
2025-09-25,"Dickeya",45,"right",2,"right2",1,140,1,3,1,"Actinobacteriota","Actinobacteria","Streptomycetales","Streptomycetaceae","Streptomyces","ActIA","Bintje","Rhizosphere soil","Dsol","BS097a"
2025-09-25,"Dickeya",45,"right",3,"right3",1,141,1,0,1,"Actinobacteriota","Actinobacteria","Streptomycetales","Streptomycetaceae","Streptomyces","ActIA","Bintje","Rhizosphere soil","Dsol","BS112"
2025-09-25,"Dickeya",45,"right",4,"right4",1,142,1,0,1,"Actinobacteriota","Actinobacteria","Streptomycetales","Streptomycetaceae","Streptomyces","ActIA","Bintje","Rhizosphere soil","Dsol","BS115"
2025-09-25,"Dickeya",46,"left",1,"left1",1,144,1,2,1,"Actinobacteriota","Actinobacteria","Streptomycetales","Streptomycetaceae","Streptomyces","ActIA","Bintje","Rhizosphere soil","Dsol","BS128"
2025-09-25,"Dickeya",46,"left",2,"left2",1,145,1,0,1,"Actinobacteriota","Actinobacteria","Streptomycetales","Streptomycetaceae","Streptomyces","ActIA","Bintje","Rhizosphere soil","Dsol","BS129b"
2025-09-25,"Dickeya",46,"left",3,"left3",1,146,1,0,1,"Actinobacteriota","Actinobacteria","Streptomycetales","Streptomycetaceae","Streptomyces","ActIA","Bintje","Rhizosphere soil","Dsol","BS136"
2025-09-25,"Dickeya",46,"left",5,"left5",1,148,1,0,1,"Actinobacteriota","Actinobacteria","Streptomycetales","Streptomycetaceae","Streptomyces","ActIA","Bintje","Rhizosphere soil","Dsol","BS137a"
2025-09-25,"Dickeya",46,"left",6,"left6",1,149,1,0,1,"Actinobacteriota","Actinobacteria","Streptomycetales","Streptomycetaceae","Streptomyces","ActIA","Bintje","Rhizosphere soil","Dsol","BS137b"
2025-09-25,"Dickeya",46,"left",7,"left7",1,150,1,0,1,"Actinobacteriota","Actinobacteria","Streptomycetales","Streptomycetaceae","Streptomyces","TSA","Bintje","Rhizosphere soil","Dsol","BS140b"
2025-09-25,"Dickeya",46,"left",8,"left8",1,151,1,0,1,"Actinobacteriota","Actinobacteria","Streptomycetales","Streptomycetaceae","Streptomyces","TSA","Bintje","Rhizosphere soil","Dsol","BS145"
2025-09-25,"Dickeya",46,"right",1,"right1",1,152,1,0,1,"Actinobacteriota","Actinobacteria","Streptomycetales","Streptomycetaceae","Streptomyces","TSA","Bintje","Rhizosphere soil","Dsol","BS148"
2025-09-25,"Dickeya",46,"right",2,"right2",1,153,1,0,1,"Actinobacteriota","Actinobacteria","Streptomycetales","Streptomycetaceae","Streptomyces","TSA","Bintje","Rhizosphere soil","Dsol","BS149"
2025-09-25,"Dickeya",46,"right",4,"right4",1,155,1,0,1,"Actinobacteriota","Actinobacteria","Streptomycetales","Streptomycetaceae","Streptomyces","TSA","Bintje","Rhizosphere soil","Dsol","BS152"
2025-09-25,"Dickeya",46,"right",5,"right5",1,156,1,0,1,"Actinobacteriota","Actinobacteria","Streptomycetales","Streptomycetaceae","Streptomyces","TSA","Bintje","Rhizosphere soil","Dsol","BS155"
2025-09-25,"Dickeya",47,"left",1,"left1",1,157,1,0,1,"Actinobacteriota","Actinobacteria","Streptomycetales","Streptomycetaceae","Streptomyces","TSA","Bintje","Rhizosphere soil","Dsol","BS159"
2025-09-25,"Dickeya",47,"left",2,"left2",1,158,1,0,1,"Actinobacteriota","Actinobacteria","Streptomycetales","Streptomycetaceae","Streptomyces","TSA","Bintje","Rhizosphere soil","Dsol","BS160"
2025-09-25,"Dickeya",47,"left",3,"left3",1,159,1,0,1,"Actinobacteriota","Actinobacteria","Streptomycetales","Streptomycetaceae","Streptomyces","TSA","Bintje","Rhizosphere soil","Dsol","BS166"
2025-09-25,"Dickeya",47,"left",4,"left4",1,160,1,0,1,"Actinobacteriota","Actinobacteria","Streptomycetales","Streptomycetaceae","Streptomyces","TSA","Bintje","Rhizosphere soil","Dsol","BS167"
2025-09-25,"Dickeya",47,"left",5,"left5",1,161,1,0,1,"Actinobacteriota","Actinobacteria","Streptomycetales","Streptomycetaceae","Streptomyces","TSA","Bintje","Rhizosphere soil","Dsol","BS185"
2025-09-25,"Dickeya",47,"left",6,"left6",1,162,1,0,1,"Actinobacteriota","Actinobacteria","Streptomycetales","Streptomycetaceae","Streptomyces","TSA","Bintje","Rhizosphere soil","Dsol","BS188"
2025-09-25,"Dickeya",47,"left",7,"left7",1,163,1,0,1,"Actinobacteriota","Actinobacteria","Streptomycetales","Streptomycetaceae","Streptomyces","TSA","Bintje","Rhizosphere soil","Dsol","BS195b"
2025-09-25,"Dickeya",47,"left",8,"left8",1,164,1,0,1,"Actinobacteriota","Actinobacteria","Streptomycetales","Streptomycetaceae","Streptomyces","TSA","Bintje","Rhizosphere soil","Dsol","BS197b"
2025-09-25,"Dickeya",47,"right",1,"right1",1,165,1,0,1,"Actinobacteriota","Actinobacteria","Streptomycetales","Streptomycetaceae","Streptomyces","TSA","Bintje","Rhizosphere soil","Dsol","BS202"
2025-09-25,"Dickeya",47,"right",2,"right2",1,166,1,0,1,"Actinobacteriota","Actinobacteria","Streptomycetales","Streptomycetaceae","Streptomyces","TSA","Bintje","Rhizosphere soil","Dsol","BS204"
2025-09-25,"Dickeya",47,"right",3,"right3",1,167,1,0,1,"Actinobacteriota","Actinobacteria","Streptomycetales","Streptomycetaceae","Streptomyces","TSA","Bintje","Rhizosphere soil","Dsol","BS204a"
2025-09-25,"Dickeya",47,"right",4,"right4",1,168,1,0,1,"Actinobacteriota","Actinobacteria","Streptomycetales","Streptomycetaceae","Streptomyces","TSA","Bintje","Rhizosphere soil","Dsol","BS205"
2025-09-25,"Dickeya",47,"right",5,"right5",1,169,1,0,1,"Actinobacteriota","Actinobacteria","Streptomycetales","Streptomycetaceae","Streptomyces","TSA","Bintje","Rhizosphere soil","Dsol","BS207"
2025-09-25,"Dickeya",48,"left",1,"left1",1,170,1,0,1,"Actinobacteriota","Actinobacteria","Streptomycetales","Streptomycetaceae","Streptomyces","ARE","Bintje","Rhizosphere soil","Dsol","BS211"
2025-09-25,"Dickeya",48,"left",2,"left2",1,171,1,0,1,"Actinobacteriota","Actinobacteria","Streptomycetales","Streptomycetaceae","Streptomyces","ARE","Bintje","Rhizosphere soil","Dsol","BS212"
2025-09-25,"Dickeya",48,"left",3,"left3",1,172,1,0,1,"Actinobacteriota","Actinobacteria","Streptomycetales","Streptomycetaceae","Streptomyces","ARE","Bintje","Rhizosphere soil","Dsol","BS213"
2025-09-25,"Dickeya",48,"left",4,"left4",1,173,1,0,1,"Actinobacteriota","Actinobacteria","Streptomycetales","Streptomycetaceae","Streptomyces","ARE","Bintje","Rhizosphere soil","Dsol","BS214"
2025-09-25,"Dickeya",48,"left",5,"left5",1,174,1,0,1,"Actinobacteriota","Actinobacteria","Streptomycetales","Streptomycetaceae","Streptomyces","ARE","Bintje","Rhizosphere soil","Dsol","BS215a"
2025-09-25,"Dickeya",48,"left",7,"left7",1,176,1,0,1,"Actinobacteriota","Actinobacteria","Streptomycetales","Streptomycetaceae","Streptomyces","ARE","Bintje","Rhizosphere soil","Dsol","BS217"
2025-09-25,"Dickeya",48,"left",8,"left8",1,177,1,0,1,"Actinobacteriota","Actinobacteria","Streptomycetales","Streptomycetaceae","Streptomyces","ARE","Bintje","Rhizosphere soil","Dsol","BS218"
2025-09-25,"Dickeya",48,"right",2,"right2",1,179,1,0,1,"Actinobacteriota","Actinobacteria","Streptomycetales","Streptomycetaceae","Streptomyces","ARE","Bintje","Rhizosphere soil","Dsol","BS219c"
2025-09-25,"Dickeya",48,"right",3,"right3",1,180,1,0,1,"Actinobacteriota","Actinobacteria","Streptomycetales","Streptomycetaceae","Streptomyces","ARE","Bintje","Rhizosphere soil","Dsol","BS220"
2025-09-25,"Dickeya",48,"right",4,"right4",1,181,1,0,1,"Actinobacteriota","Actinobacteria","Streptomycetales","Streptomycetaceae","Streptomyces","ARE","Bintje","Rhizosphere soil","Dsol","BS226"
2025-09-25,"Dickeya",48,"right",5,"right5",1,182,1,0,1,"Actinobacteriota","Actinobacteria","Streptomycetales","Streptomycetaceae","Streptomyces","ARE","Bintje","Rhizosphere soil","Dsol","BS227"
2025-09-25,"Pectobacterium",49,"left",1,"left1",1,131,1,0,1,"Actinobacteriota","Actinobacteria","Streptomycetales","Streptomycetaceae","Streptomyces","ActIA","Bintje","Rhizosphere soil","Pcar","BS084"
2025-09-25,"Pectobacterium",49,"left",2,"left2",1,132,1,0,1,"Actinobacteriota","Actinobacteria","Streptomycetales","Streptomycetaceae","Streptomyces","ActIA","Bintje","Rhizosphere soil","Pcar","BS085"
2025-09-25,"Pectobacterium",49,"left",3,"left3",1,133,1,2,1,"Actinobacteriota","Actinobacteria","Streptomycetales","Streptomycetaceae","Streptomyces","ActIA","Bintje","Rhizosphere soil","Pcar","BS086"
2025-09-25,"Pectobacterium",49,"left",4,"left4",1,134,1,0,1,"Actinobacteriota","Actinobacteria","Streptomycetales","Streptomycetaceae","Streptomyces","ActIA","Bintje","Rhizosphere soil","Pcar","BS089"
2025-09-25,"Pectobacterium",49,"left",5,"left5",1,135,1,0,1,"Actinobacteriota","Actinobacteria","Streptomycetales","Streptomycetaceae","Streptomyces","ActIA","Bintje","Rhizosphere soil","Pcar","BS090"
2025-09-25,"Pectobacterium",49,"left",7,"left7",1,137,1,0,1,"Actinobacteriota","Actinobacteria","Streptomycetales","Streptomycetaceae","Streptomyces","ActIA","Bintje","Rhizosphere soil","Pcar","BS093b"
2025-09-25,"Pectobacterium",49,"left",8,"left8",1,138,1,0,1,"Actinobacteriota","Actinobacteria","Streptomycetales","Streptomycetaceae","Streptomyces","ActIA","Bintje","Rhizosphere soil","Pcar","BS093c"
2025-09-25,"Pectobacterium",49,"right",1,"right1",1,139,1,0,1,"Actinobacteriota","Actinobacteria","Streptomycetales","Streptomycetaceae","Streptomyces","ActIA","Bintje","Rhizosphere soil","Pcar","BS096"
2025-09-25,"Pectobacterium",49,"right",2,"right2",1,140,1,3,1,"Actinobacteriota","Actinobacteria","Streptomycetales","Streptomycetaceae","Streptomyces","ActIA","Bintje","Rhizosphere soil","Pcar","BS097a"
2025-09-25,"Pectobacterium",49,"right",3,"right3",1,141,1,0,1,"Actinobacteriota","Actinobacteria","Streptomycetales","Streptomycetaceae","Streptomyces","ActIA","Bintje","Rhizosphere soil","Pcar","BS112"
2025-09-25,"Pectobacterium",49,"right",4,"right4",1,142,1,0,1,"Actinobacteriota","Actinobacteria","Streptomycetales","Streptomycetaceae","Streptomyces","ActIA","Bintje","Rhizosphere soil","Pcar","BS115"
2025-09-25,"Pectobacterium",50,"left",1,"left1",1,144,1,2,1,"Actinobacteriota","Actinobacteria","Streptomycetales","Streptomycetaceae","Streptomyces","ActIA","Bintje","Rhizosphere soil","Pcar","BS128"
2025-09-25,"Pectobacterium",50,"left",2,"left2",1,145,1,0,1,"Actinobacteriota","Actinobacteria","Streptomycetales","Streptomycetaceae","Streptomyces","ActIA","Bintje","Rhizosphere soil","Pcar","BS129b"
2025-09-25,"Pectobacterium",50,"left",3,"left3",1,146,1,0,1,"Actinobacteriota","Actinobacteria","Streptomycetales","Streptomycetaceae","Streptomyces","ActIA","Bintje","Rhizosphere soil","Pcar","BS136"
2025-09-25,"Pectobacterium",50,"left",5,"left5",1,148,1,0,1,"Actinobacteriota","Actinobacteria","Streptomycetales","Streptomycetaceae","Streptomyces","ActIA","Bintje","Rhizosphere soil","Pcar","BS137a"
2025-09-25,"Pectobacterium",50,"left",6,"left6",1,149,1,0,1,"Actinobacteriota","Actinobacteria","Streptomycetales","Streptomycetaceae","Streptomyces","ActIA","Bintje","Rhizosphere soil","Pcar","BS137b"
2025-09-25,"Pectobacterium",50,"left",7,"left7",1,150,1,0,1,"Actinobacteriota","Actinobacteria","Streptomycetales","Streptomycetaceae","Streptomyces","TSA","Bintje","Rhizosphere soil","Pcar","BS140b"
2025-09-25,"Pectobacterium",50,"left",8,"left8",1,151,1,0,1,"Actinobacteriota","Actinobacteria","Streptomycetales","Streptomycetaceae","Streptomyces","TSA","Bintje","Rhizosphere soil","Pcar","BS145"
2025-09-25,"Pectobacterium",50,"right",1,"right1",1,152,1,0,1,"Actinobacteriota","Actinobacteria","Streptomycetales","Streptomycetaceae","Streptomyces","TSA","Bintje","Rhizosphere soil","Pcar","BS148"
2025-09-25,"Pectobacterium",50,"right",2,"right2",1,153,1,0,1,"Actinobacteriota","Actinobacteria","Streptomycetales","Streptomycetaceae","Streptomyces","TSA","Bintje","Rhizosphere soil","Pcar","BS149"
2025-09-25,"Pectobacterium",50,"right",4,"right4",1,155,1,0,1,"Actinobacteriota","Actinobacteria","Streptomycetales","Streptomycetaceae","Streptomyces","TSA","Bintje","Rhizosphere soil","Pcar","BS152"
2025-09-25,"Pectobacterium",50,"right",5,"right5",1,156,1,0,1,"Actinobacteriota","Actinobacteria","Streptomycetales","Streptomycetaceae","Streptomyces","TSA","Bintje","Rhizosphere soil","Pcar","BS155"
2025-09-25,"Pectobacterium",51,"left",1,"left1",1,157,1,0,1,"Actinobacteriota","Actinobacteria","Streptomycetales","Streptomycetaceae","Streptomyces","TSA","Bintje","Rhizosphere soil","Pcar","BS159"
2025-09-25,"Pectobacterium",51,"left",2,"left2",1,158,1,0,1,"Actinobacteriota","Actinobacteria","Streptomycetales","Streptomycetaceae","Streptomyces","TSA","Bintje","Rhizosphere soil","Pcar","BS160"
2025-09-25,"Pectobacterium",51,"left",3,"left3",1,159,1,0,1,"Actinobacteriota","Actinobacteria","Streptomycetales","Streptomycetaceae","Streptomyces","TSA","Bintje","Rhizosphere soil","Pcar","BS166"
2025-09-25,"Pectobacterium",51,"left",4,"left4",1,160,1,0,1,"Actinobacteriota","Actinobacteria","Streptomycetales","Streptomycetaceae","Streptomyces","TSA","Bintje","Rhizosphere soil","Pcar","BS167"
2025-09-25,"Pectobacterium",51,"left",5,"left5",1,161,1,0,1,"Actinobacteriota","Actinobacteria","Streptomycetales","Streptomycetaceae","Streptomyces","TSA","Bintje","Rhizosphere soil","Pcar","BS185"
2025-09-25,"Pectobacterium",51,"left",6,"left6",1,162,1,0,1,"Actinobacteriota","Actinobacteria","Streptomycetales","Streptomycetaceae","Streptomyces","TSA","Bintje","Rhizosphere soil","Pcar","BS188"
2025-09-25,"Pectobacterium",51,"left",7,"left7",1,163,1,0,1,"Actinobacteriota","Actinobacteria","Streptomycetales","Streptomycetaceae","Streptomyces","TSA","Bintje","Rhizosphere soil","Pcar","BS195b"
2025-09-25,"Pectobacterium",51,"left",8,"left8",1,164,1,0,1,"Actinobacteriota","Actinobacteria","Streptomycetales","Streptomycetaceae","Streptomyces","TSA","Bintje","Rhizosphere soil","Pcar","BS197b"
2025-09-25,"Pectobacterium",51,"right",1,"right1",1,165,1,0,1,"Actinobacteriota","Actinobacteria","Streptomycetales","Streptomycetaceae","Streptomyces","TSA","Bintje","Rhizosphere soil","Pcar","BS202"
2025-09-25,"Pectobacterium",51,"right",2,"right2",1,166,1,0,1,"Actinobacteriota","Actinobacteria","Streptomycetales","Streptomycetaceae","Streptomyces","TSA","Bintje","Rhizosphere soil","Pcar","BS204"
2025-09-25,"Pectobacterium",51,"right",3,"right3",1,167,1,0,1,"Actinobacteriota","Actinobacteria","Streptomycetales","Streptomycetaceae","Streptomyces","TSA","Bintje","Rhizosphere soil","Pcar","BS204a"
2025-09-25,"Pectobacterium",51,"right",4,"right4",1,168,1,0,1,"Actinobacteriota","Actinobacteria","Streptomycetales","Streptomycetaceae","Streptomyces","TSA","Bintje","Rhizosphere soil","Pcar","BS205"
2025-09-25,"Pectobacterium",51,"right",5,"right5",1,169,1,0,1,"Actinobacteriota","Actinobacteria","Streptomycetales","Streptomycetaceae","Streptomyces","TSA","Bintje","Rhizosphere soil","Pcar","BS207"
2025-09-25,"Pectobacterium",52,"left",1,"left1",1,170,1,0,1,"Actinobacteriota","Actinobacteria","Streptomycetales","Streptomycetaceae","Streptomyces","ARE","Bintje","Rhizosphere soil","Pcar","BS211"
2025-09-25,"Pectobacterium",52,"left",2,"left2",1,171,1,0,1,"Actinobacteriota","Actinobacteria","Streptomycetales","Streptomycetaceae","Streptomyces","ARE","Bintje","Rhizosphere soil","Pcar","BS212"
2025-09-25,"Pectobacterium",52,"left",3,"left3",1,172,1,0,1,"Actinobacteriota","Actinobacteria","Streptomycetales","Streptomycetaceae","Streptomyces","ARE","Bintje","Rhizosphere soil","Pcar","BS213"
2025-09-25,"Pectobacterium",52,"left",4,"left4",1,173,1,0,1,"Actinobacteriota","Actinobacteria","Streptomycetales","Streptomycetaceae","Streptomyces","ARE","Bintje","Rhizosphere soil","Pcar","BS214"
2025-09-25,"Pectobacterium",52,"left",5,"left5",1,174,1,0,1,"Actinobacteriota","Actinobacteria","Streptomycetales","Streptomycetaceae","Streptomyces","ARE","Bintje","Rhizosphere soil","Pcar","BS215a"
2025-09-25,"Pectobacterium",52,"left",7,"left7",1,176,1,0,1,"Actinobacteriota","Actinobacteria","Streptomycetales","Streptomycetaceae","Streptomyces","ARE","Bintje","Rhizosphere soil","Pcar","BS217"
2025-09-25,"Pectobacterium",52,"left",8,"left8",1,177,1,0,1,"Actinobacteriota","Actinobacteria","Streptomycetales","Streptomycetaceae","Streptomyces","ARE","Bintje","Rhizosphere soil","Pcar","BS218"
2025-09-25,"Pectobacterium",52,"right",2,"right2",1,179,1,0,1,"Actinobacteriota","Actinobacteria","Streptomycetales","Streptomycetaceae","Streptomyces","ARE","Bintje","Rhizosphere soil","Pcar","BS219c"
2025-09-25,"Pectobacterium",52,"right",3,"right3",1,180,1,0,1,"Actinobacteriota","Actinobacteria","Streptomycetales","Streptomycetaceae","Streptomyces","ARE","Bintje","Rhizosphere soil","Pcar","BS220"
2025-09-25,"Pectobacterium",52,"right",4,"right4",1,181,1,0,1,"Actinobacteriota","Actinobacteria","Streptomycetales","Streptomycetaceae","Streptomyces","ARE","Bintje","Rhizosphere soil","Pcar","BS226"
2025-09-25,"Pectobacterium",52,"right",5,"right5",1,182,1,0,1,"Actinobacteriota","Actinobacteria","Streptomycetales","Streptomycetaceae","Streptomyces","ARE","Bintje","Rhizosphere soil","Pcar","BS227"
2025-09-26,"Pythium",57,"left",1,"left1",1,1,1,0,1,"Actinobacteriota","Actinobacteria","Streptomycetales","Streptomycetaceae","Streptomyces","ARE","Innovator","Leaf","Pult","AL045"
2025-09-26,"Pythium",57,"left",2,"left2",1,2,1,0,1,"Actinobacteriota","Actinobacteria","Streptomycetales","Streptomycetaceae","Streptomyces","ARE","Innovator","Leaf","Pult","AL058"
2025-09-26,"Pythium",57,"left",3,"left3",1,3,1,0,1,"Actinobacteriota","Actinobacteria","Streptomycetales","Streptomycetaceae","Streptomyces","ARE","Innovator","Leaf","Pult","AL067"
2025-09-26,"Pythium",57,"left",4,"left4",1,4,1,0,1,"Actinobacteriota","Actinobacteria","Streptomycetales","Streptomycetaceae","Streptomyces","ActIA","Innovator","Leaf","Pult","AL071"
2025-09-26,"Pythium",57,"left",5,"left5",1,5,1,0,1,"Actinobacteriota","Actinobacteria","Streptomycetales","Streptomycetaceae","Streptomyces","ActIA","Innovator","Leaf","Pult","AL074"
2025-09-26,"Pythium",57,"left",6,"left6",1,6,1,0,1,"Actinobacteriota","Actinobacteria","Streptomycetales","Streptomycetaceae","Streptomyces","ActIA","Innovator","Leaf","Pult","AL083"
2025-09-26,"Pythium",57,"left",7,"left7",1,7,1,0,1,"Actinobacteriota","Actinobacteria","Streptomycetales","Streptomycetaceae","Streptomyces","TSA","Innovator","Root","Pult","AR003"
2025-09-26,"Pythium",57,"left",8,"left8",1,8,1,1,1,"Actinobacteriota","Actinobacteria","Streptomycetales","Streptomycetaceae","Streptomyces","TSA","Innovator","Root","Pult","AR004"
2025-09-26,"Pythium",57,"right",1,"right1",1,9,1,0,1,"Actinobacteriota","Actinobacteria","Streptomycetales","Streptomycetaceae","Streptomyces","TSA","Innovator","Root","Pult","AR006"
2025-09-26,"Pythium",57,"right",3,"right3",1,11,1,0,1,"Actinobacteriota","Actinobacteria","Streptomycetales","Streptomycetaceae","Streptomyces","TSA","Innovator","Root","Pult","AR011"
2025-09-26,"Pythium",57,"right",4,"right4",1,12,1,0,1,"Actinobacteriota","Actinobacteria","Streptomycetales","Streptomycetaceae","Streptomyces","TSA","Innovator","Root","Pult","AR012"
2025-09-26,"Pythium",57,"right",5,"right5",1,13,1,1,1,"Actinobacteriota","Actinobacteria","Streptomycetales","Streptomycetaceae","Streptomyces","TSA","Innovator","Root","Pult","AR013"
2025-09-26,"Pythium",58,"left",1,"left1",1,14,1,0,1,"Actinobacteriota","Actinobacteria","Streptomycetales","Streptomycetaceae","Streptomyces","TSA","Innovator","Root","Pult","AR014"
2025-09-26,"Pythium",58,"left",2,"left2",1,15,1,0,1,"Actinobacteriota","Actinobacteria","Streptomycetales","Streptomycetaceae","Streptomyces","TSA","Innovator","Root","Pult","AR018"
2025-09-26,"Pythium",58,"left",3,"left3",1,16,1,0,1,"Actinobacteriota","Actinobacteria","Streptomycetales","Streptomycetaceae","Streptomyces","TSA","Innovator","Root","Pult","AR020"
2025-09-26,"Pythium",58,"left",4,"left4",1,17,1,0,1,"Actinobacteriota","Actinobacteria","Streptomycetales","Streptomycetaceae","Streptomyces","TSA","Innovator","Root","Pult","AR027"
2025-09-26,"Pythium",58,"left",5,"left5",1,18,1,0,1,"Actinobacteriota","Actinobacteria","Streptomycetales","Streptomycetaceae","Streptomyces","TSA","Innovator","Root","Pult","AR029"
2025-09-26,"Pythium",58,"left",6,"left6",1,19,1,0,1,"Actinobacteriota","Actinobacteria","Streptomycetales","Streptomycetaceae","Streptomyces","TSA","Innovator","Root","Pult","AR030"
2025-09-26,"Pythium",58,"left",8,"left8",1,21,1,0,1,"Actinobacteriota","Actinobacteria","Streptomycetales","Streptomycetaceae","Streptomyces","TSA","Innovator","Root","Pult","AR033"
2025-09-26,"Pythium",58,"right",1,"right1",1,22,1,0,1,"Actinobacteriota","Actinobacteria","Streptomycetales","Streptomycetaceae","Streptomyces","TSA","Innovator","Root","Pult","AR034"
2025-09-26,"Pythium",58,"right",2,"right2",1,23,1,0,1,"Actinobacteriota","Actinobacteria","Streptomycetales","Streptomycetaceae","Streptomyces","TSA","Innovator","Root","Pult","AR036"
2025-09-26,"Pythium",58,"right",3,"right3",1,24,1,1,1,"Actinobacteriota","Actinobacteria","Streptomycetales","Streptomycetaceae","Streptomyces","TSA","Innovator","Root","Pult","AR038b"
2025-09-26,"Pythium",58,"right",5,"right5",1,26,1,0,1,"Actinobacteriota","Actinobacteria","Streptomycetales","Streptomycetaceae","Streptomyces","TSA","Innovator","Root","Pult","AR044"
2025-09-26,"Pythium",91,"left",1,"left1",1,1,2,0,1,"Actinobacteriota","Actinobacteria","Streptomycetales","Streptomycetaceae","Streptomyces","ARE","Innovator","Leaf","Pult","AL045"
2025-09-26,"Pythium",91,"left",2,"left2",1,2,2,0,1,"Actinobacteriota","Actinobacteria","Streptomycetales","Streptomycetaceae","Streptomyces","ARE","Innovator","Leaf","Pult","AL058"
2025-09-26,"Pythium",91,"left",3,"left3",1,3,2,0,1,"Actinobacteriota","Actinobacteria","Streptomycetales","Streptomycetaceae","Streptomyces","ARE","Innovator","Leaf","Pult","AL067"
2025-09-26,"Pythium",91,"left",4,"left4",1,4,2,0,1,"Actinobacteriota","Actinobacteria","Streptomycetales","Streptomycetaceae","Streptomyces","ActIA","Innovator","Leaf","Pult","AL071"
2025-09-26,"Pythium",91,"left",5,"left5",1,5,2,0,1,"Actinobacteriota","Actinobacteria","Streptomycetales","Streptomycetaceae","Streptomyces","ActIA","Innovator","Leaf","Pult","AL074"
2025-09-26,"Pythium",91,"left",6,"left6",1,6,2,0,1,"Actinobacteriota","Actinobacteria","Streptomycetales","Streptomycetaceae","Streptomyces","ActIA","Innovator","Leaf","Pult","AL083"
2025-09-26,"Pythium",91,"left",7,"left7",1,7,2,0,1,"Actinobacteriota","Actinobacteria","Streptomycetales","Streptomycetaceae","Streptomyces","TSA","Innovator","Root","Pult","AR003"
2025-09-26,"Pythium",91,"left",8,"left8",1,8,2,0,1,"Actinobacteriota","Actinobacteria","Streptomycetales","Streptomycetaceae","Streptomyces","TSA","Innovator","Root","Pult","AR004"
2025-09-26,"Pythium",91,"right",1,"right1",1,9,2,0,1,"Actinobacteriota","Actinobacteria","Streptomycetales","Streptomycetaceae","Streptomyces","TSA","Innovator","Root","Pult","AR006"
2025-09-26,"Pythium",91,"right",3,"right3",1,11,2,0,1,"Actinobacteriota","Actinobacteria","Streptomycetales","Streptomycetaceae","Streptomyces","TSA","Innovator","Root","Pult","AR011"
2025-09-26,"Pythium",91,"right",4,"right4",1,12,2,0,1,"Actinobacteriota","Actinobacteria","Streptomycetales","Streptomycetaceae","Streptomyces","TSA","Innovator","Root","Pult","AR012"
2025-09-26,"Pythium",91,"right",5,"right5",1,13,2,1,1,"Actinobacteriota","Actinobacteria","Streptomycetales","Streptomycetaceae","Streptomyces","TSA","Innovator","Root","Pult","AR013"
2025-09-26,"Pythium",92,"left",1,"left1",1,14,2,1,1,"Actinobacteriota","Actinobacteria","Streptomycetales","Streptomycetaceae","Streptomyces","TSA","Innovator","Root","Pult","AR014"
2025-09-26,"Pythium",92,"left",2,"left2",1,15,2,0,1,"Actinobacteriota","Actinobacteria","Streptomycetales","Streptomycetaceae","Streptomyces","TSA","Innovator","Root","Pult","AR018"
2025-09-26,"Pythium",92,"left",3,"left3",1,16,2,0,1,"Actinobacteriota","Actinobacteria","Streptomycetales","Streptomycetaceae","Streptomyces","TSA","Innovator","Root","Pult","AR020"
2025-09-26,"Pythium",92,"left",4,"left4",1,17,2,0,1,"Actinobacteriota","Actinobacteria","Streptomycetales","Streptomycetaceae","Streptomyces","TSA","Innovator","Root","Pult","AR027"
2025-09-26,"Pythium",92,"left",5,"left5",1,18,2,1,1,"Actinobacteriota","Actinobacteria","Streptomycetales","Streptomycetaceae","Streptomyces","TSA","Innovator","Root","Pult","AR029"
2025-09-26,"Pythium",92,"left",6,"left6",1,19,2,0,1,"Actinobacteriota","Actinobacteria","Streptomycetales","Streptomycetaceae","Streptomyces","TSA","Innovator","Root","Pult","AR030"
2025-09-26,"Pythium",92,"left",8,"left8",1,21,2,0,1,"Actinobacteriota","Actinobacteria","Streptomycetales","Streptomycetaceae","Streptomyces","TSA","Innovator","Root","Pult","AR033"
2025-09-26,"Pythium",92,"right",1,"right1",1,22,2,0,1,"Actinobacteriota","Actinobacteria","Streptomycetales","Streptomycetaceae","Streptomyces","TSA","Innovator","Root","Pult","AR034"
2025-09-26,"Pythium",92,"right",2,"right2",1,23,2,0,1,"Actinobacteriota","Actinobacteria","Streptomycetales","Streptomycetaceae","Streptomyces","TSA","Innovator","Root","Pult","AR036"
2025-09-26,"Pythium",92,"right",3,"right3",1,24,2,1,1,"Actinobacteriota","Actinobacteria","Streptomycetales","Streptomycetaceae","Streptomyces","TSA","Innovator","Root","Pult","AR038b"
2025-09-26,"Pythium",92,"right",5,"right5",1,26,2,0,1,"Actinobacteriota","Actinobacteria","Streptomycetales","Streptomycetaceae","Streptomyces","TSA","Innovator","Root","Pult","AR044"
2025-10-02,"Alternaria",59,"left",2,"left2",1,184,1,0,1,"Actinobacteriota","Actinobacteria","Streptomycetales","Streptomycetaceae","Streptomyces","ARE","Bintje","Rhizosphere soil","Asol","BS234"
2025-10-02,"Alternaria",59,"left",3,"left3",1,185,1,0,1,"Actinobacteriota","Actinobacteria","Streptomycetales","Streptomycetaceae","Streptomyces","ARE","Bintje","Rhizosphere soil","Asol","BS238"
2025-10-02,"Alternaria",59,"left",4,"left4",1,186,1,0,1,"Actinobacteriota","Actinobacteria","Streptomycetales","Streptomycetaceae","Streptomyces","ActIA","Innovator","Root","Asol","AR101"
2025-10-02,"Alternaria",59,"right",5,"right5",1,187,1,2,1,"Actinobacteriota","Actinobacteria","Streptomycetales","Streptomycetaceae","Streptomyces","ActIA","Bintje","Rhizosphere soil","Asol","BS093a"
2025-10-02,"Alternaria",59,"right",6,"right6",1,188,1,1,1,"Actinobacteriota","Actinobacteria","Streptomycetales","Streptomycetaceae","Streptomyces","ActIA","Innovator","Root","Asol","AR121"
2025-10-02,"Alternaria",60,"left",2,"left2",2,2,1,0,1,"Actinobacteriota","Actinobacteria","Streptomycetales","Streptomycetaceae","Streptomyces","TSA","Innovator","Root","Asol","AR015"
2025-10-02,"Alternaria",60,"left",3,"left3",2,3,1,3,1,"Actinobacteriota","Actinobacteria","Streptomycetales","Streptomycetaceae","Streptomyces","TSA","Innovator","Root","Asol","AR019"
2025-10-02,"Alternaria",60,"left",4,"left4",2,4,1,1,1,"Actinobacteriota","Actinobacteria","Streptomycetales","Streptomycetaceae","Streptomyces","TSA","Innovator","Root","Asol","AR031"
2025-10-02,"Alternaria",60,"left",5,"left5",2,5,1,2,1,"Actinobacteriota","Actinobacteria","Streptomycetales","Streptomycetaceae","Streptomyces","TSA","Innovator","Root","Asol","AR040"
2025-10-02,"Alternaria",60,"left",7,"left7",2,7,1,1,1,"Actinobacteriota","Actinobacteria","Streptomycetales","Streptomycetaceae","Streptomyces","TSA","Innovator","Root","Asol","AR045"
2025-10-02,"Alternaria",60,"left",8,"left8",2,8,1,2,1,"Actinobacteriota","Actinobacteria","Streptomycetales","Streptomycetaceae","Streptomyces","ARE","Innovator","Root","Asol","AR064"
2025-10-02,"Alternaria",60,"right",1,"right1",2,9,1,2,1,"Actinobacteriota","Actinobacteria","Streptomycetales","Streptomycetaceae","Streptomyces","ARE","Innovator","Root","Asol","AR083c"
2025-10-02,"Alternaria",60,"right",2,"right2",2,10,1,2,1,"Actinobacteriota","Actinobacteria","Streptomycetales","Streptomycetaceae","Streptomyces","ARE","Innovator","Root","Asol","AR083d"
2025-10-02,"Alternaria",60,"right",3,"right3",2,11,1,2,1,"Actinobacteriota","Actinobacteria","Streptomycetales","Streptomycetaceae","Streptomyces","ActIA","Innovator","Root","Asol","AR092"
2025-10-02,"Alternaria",60,"right",4,"right4",2,12,1,2,1,"Actinobacteriota","Actinobacteria","Streptomycetales","Streptomycetaceae","Streptomyces","ActIA","Innovator","Root","Asol","AR127"
2025-10-02,"Alternaria",60,"right",5,"right5",2,13,1,2,1,"Actinobacteriota","Actinobacteria","Streptomycetales","Streptomycetaceae","Streptomyces","TSA","Innovator","Rhizosphere soil","Asol","AS005"
2025-10-02,"Alternaria",61,"left",1,"left1",2,14,1,1,1,"Actinobacteriota","Actinobacteria","Propionibacteriales","Nocardioidaceae","Nocardioides","TSA","Innovator","Rhizosphere soil","Asol","AS010"
2025-10-02,"Alternaria",61,"left",2,"left2",2,15,1,2,1,"Actinobacteriota","Actinobacteria","Streptomycetales","Streptomycetaceae","Streptomyces","ARE","Innovator","Rhizosphere soil","Asol","AS048"
2025-10-02,"Alternaria",61,"left",5,"left5",2,18,1,0,1,"Actinobacteriota","Actinobacteria","Propionibacteriales","Nocardioidaceae","Nocardioides","ActIA","Innovator","Rhizosphere soil","Asol","AS106"
2025-10-02,"Alternaria",61,"left",6,"left6",2,19,1,0,1,"Actinobacteriota","Actinobacteria","Corynebacteriales","Nocardiaceae","Nocardia","ActIA","Innovator","Rhizosphere soil","Asol","AS107"
2025-10-02,"Alternaria",61,"left",7,"left7",2,20,1,0,1,"Actinobacteriota","Actinobacteria","Propionibacteriales","Nocardioidaceae","Nocardioides","ActIA","Innovator","Rhizosphere soil","Asol","AS108"
2025-10-02,"Alternaria",61,"left",8,"left8",2,21,1,0,1,"Actinobacteriota","Actinobacteria","Streptomycetales","Streptomycetaceae","Streptomyces","ActIA","Innovator","Rhizosphere soil","Asol","AS112"
2025-10-02,"Alternaria",61,"right",1,"right1",2,22,1,0,1,"Actinobacteriota","Actinobacteria","Propionibacteriales","Nocardioidaceae","Nocardioides","ActIA","Innovator","Rhizosphere soil","Asol","AS121b"
2025-10-02,"Alternaria",61,"right",2,"right2",2,23,1,0,1,"Actinobacteriota","Actinobacteria","Corynebacteriales","Nocardiaceae","Nocardia","ActIA","Innovator","Rhizosphere soil","Asol","AS127"
2025-10-02,"Alternaria",61,"right",3,"right3",2,24,1,0,1,"Actinobacteriota","Actinobacteria","Propionibacteriales","Nocardioidaceae","Nocardioides","ActIA","Innovator","Rhizosphere soil","Asol","AS133"
2025-10-02,"Alternaria",61,"right",5,"right5",2,26,1,1,1,"Actinobacteriota","Actinobacteria","Propionibacteriales","Nocardioidaceae","Nocardioides","ActIA","Bintje","Leaf","Asol","BL047a"
2025-10-02,"Alternaria",62,"left",1,"left1",2,27,1,0,1,"Actinobacteriota","Actinobacteria","Streptomycetales","Streptomycetaceae","Streptomyces","ActIA","Bintje","Root","Asol","BR063"
2025-10-02,"Alternaria",62,"left",2,"left2",2,28,1,0,1,"Actinobacteriota","Actinobacteria","Propionibacteriales","Nocardioidaceae","Nocardioides","ActIA","Bintje","Root","Asol","BR081"
2025-10-02,"Alternaria",62,"left",3,"left3",2,29,1,0,1,"Actinobacteriota","Actinobacteria","Streptomycetales","Streptomycetaceae","Streptomyces","ActIA","Bintje","Root","Asol","BR084"
2025-10-02,"Alternaria",62,"left",5,"left5",2,31,1,0,1,"Actinobacteriota","Actinobacteria","Streptomycetales","Streptomycetaceae","Streptomyces","ActIA","Bintje","Root","Asol","BR085"
2025-10-02,"Alternaria",62,"left",7,"left7",2,33,1,0,1,"Actinobacteriota","Actinobacteria","Streptomycetales","Streptomycetaceae","Streptomyces","TSA","Bintje","Root","Asol","BR092b"
2025-10-02,"Alternaria",62,"left",8,"left8",2,34,1,0,1,"Actinobacteriota","Actinobacteria","Streptomycetales","Streptomycetaceae","Streptomyces","TSA","Bintje","Root","Asol","BR123"
2025-10-02,"Alternaria",62,"right",1,"right1",2,35,1,1,1,"Actinobacteriota","Actinobacteria","Corynebacteriales","Nocardiaceae","Nocardia","ARE","Bintje","Root","Asol","BR162"
2025-10-02,"Alternaria",62,"right",3,"right3",2,37,1,0,1,"Actinobacteriota","Actinobacteria","Propionibacteriales","Nocardioidaceae","Nocardioides","ActIA","Bintje","Rhizosphere soil","Asol","BS088"
2025-10-02,"Alternaria",62,"right",5,"right5",2,39,1,0,1,"Actinobacteriota","Actinobacteria","Propionibacteriales","Nocardioidaceae","Nocardioides","TSA","Bintje","Rhizosphere soil","Asol","BS157"
2025-10-02,"Alternaria",63,"left",1,"left1",2,40,1,1,1,"Actinobacteriota","Actinobacteria","Streptomycetales","Streptomycetaceae","Streptomyces","TSA","Bintje","Rhizosphere soil","Asol","BS184"
2025-10-02,"Alternaria",63,"left",3,"left3",2,42,1,2,1,"Actinobacteriota","Actinobacteria","Streptomycetales","Streptomycetaceae","Streptomyces","TSA","Bintje","Rhizosphere soil","Asol","BS195a"
2025-10-02,"Alternaria",63,"left",4,"left4",2,43,1,1,1,"Actinobacteriota","Actinobacteria","Streptomycetales","Streptomycetaceae","Streptomyces","TSA","Bintje","Rhizosphere soil","Asol","BS197a"
2025-10-02,"Alternaria",63,"left",5,"left5",2,44,1,0,1,"Actinobacteriota","Actinobacteria","Streptomycetales","Streptomycetaceae","Streptomyces","TSA","Bintje","Rhizosphere soil","Asol","BS198"
2025-10-02,"Alternaria",63,"left",7,"left7",2,46,1,1,1,"Actinobacteriota","Actinobacteria","Streptomycetales","Streptomycetaceae","Streptomyces","ARE","Bintje","Rhizosphere soil","Asol","BS216a"
2025-10-02,"Alternaria",63,"left",8,"left8",2,47,1,1,1,"Actinobacteriota","Actinobacteria","Streptomycetales","Streptomycetaceae","Streptomyces","ARE","Bintje","Rhizosphere soil","Asol","BS216c"
2025-10-02,"Alternaria",63,"right",1,"right1",2,48,1,1,1,"Actinobacteriota","Actinobacteria","Streptomycetales","Streptomycetaceae","Streptomyces","ARE","Bintje","Rhizosphere soil","Asol","BS219b"
2025-10-02,"Alternaria",63,"right",2,"right2",2,49,1,0,1,"Actinobacteriota","Actinobacteria","Corynebacteriales","Nocardiaceae","Nocardia","ARE","Bintje","Rhizosphere soil","Asol","BS228"
2025-10-02,"Alternaria",63,"right",3,"right3",2,50,1,0,1,"Actinobacteriota","Actinobacteria","Corynebacteriales","Nocardiaceae","Nocardia","ARE","Bintje","Rhizosphere soil","Asol","BS233"
2025-10-02,"Alternaria",63,"right",4,"right4",2,51,1,1,1,"Actinobacteriota","Actinobacteria","Streptomycetales","Streptomycetaceae","Streptomyces","ARE","Bintje","Rhizosphere soil","Asol","BS235"
2025-10-02,"Dickeya",64,"left",1,"left1",1,184,1,0,1,"Actinobacteriota","Actinobacteria","Streptomycetales","Streptomycetaceae","Streptomyces","ARE","Bintje","Rhizosphere soil","Dsol","BS234"
2025-10-02,"Dickeya",64,"left",2,"left2",1,185,1,0,1,"Actinobacteriota","Actinobacteria","Streptomycetales","Streptomycetaceae","Streptomyces","ARE","Bintje","Rhizosphere soil","Dsol","BS238"
2025-10-02,"Dickeya",64,"left",3,"left3",1,186,1,0,1,"Actinobacteriota","Actinobacteria","Streptomycetales","Streptomycetaceae","Streptomyces","ActIA","Innovator","Root","Dsol","AR101"
2025-10-02,"Dickeya",64,"right",4,"right4",1,187,1,0,1,"Actinobacteriota","Actinobacteria","Streptomycetales","Streptomycetaceae","Streptomyces","ActIA","Bintje","Rhizosphere soil","Dsol","BS093a"
2025-10-02,"Dickeya",64,"right",5,"right5",1,188,1,0,1,"Actinobacteriota","Actinobacteria","Streptomycetales","Streptomycetaceae","Streptomyces","ActIA","Innovator","Root","Dsol","AR121"
2025-10-02,"Dickeya",65,"left",2,"left2",2,2,1,0,1,"Actinobacteriota","Actinobacteria","Streptomycetales","Streptomycetaceae","Streptomyces","TSA","Innovator","Root","Dsol","AR015"
2025-10-02,"Dickeya",65,"left",3,"left3",2,3,1,3,1,"Actinobacteriota","Actinobacteria","Streptomycetales","Streptomycetaceae","Streptomyces","TSA","Innovator","Root","Dsol","AR019"
2025-10-02,"Dickeya",65,"left",4,"left4",2,4,1,0,1,"Actinobacteriota","Actinobacteria","Streptomycetales","Streptomycetaceae","Streptomyces","TSA","Innovator","Root","Dsol","AR031"
2025-10-02,"Dickeya",65,"left",5,"left5",2,5,1,0,1,"Actinobacteriota","Actinobacteria","Streptomycetales","Streptomycetaceae","Streptomyces","TSA","Innovator","Root","Dsol","AR040"
2025-10-02,"Dickeya",65,"left",7,"left7",2,7,1,0,1,"Actinobacteriota","Actinobacteria","Streptomycetales","Streptomycetaceae","Streptomyces","TSA","Innovator","Root","Dsol","AR045"
2025-10-02,"Dickeya",65,"left",8,"left8",2,8,1,0,1,"Actinobacteriota","Actinobacteria","Streptomycetales","Streptomycetaceae","Streptomyces","ARE","Innovator","Root","Dsol","AR064"
2025-10-02,"Dickeya",65,"right",1,"right1",2,9,1,0,1,"Actinobacteriota","Actinobacteria","Streptomycetales","Streptomycetaceae","Streptomyces","ARE","Innovator","Root","Dsol","AR083c"
2025-10-02,"Dickeya",65,"right",2,"right2",2,10,1,0,1,"Actinobacteriota","Actinobacteria","Streptomycetales","Streptomycetaceae","Streptomyces","ARE","Innovator","Root","Dsol","AR083d"
2025-10-02,"Dickeya",65,"right",3,"right3",2,11,1,0,1,"Actinobacteriota","Actinobacteria","Streptomycetales","Streptomycetaceae","Streptomyces","ActIA","Innovator","Root","Dsol","AR092"
2025-10-02,"Dickeya",65,"right",4,"right4",2,12,1,0,1,"Actinobacteriota","Actinobacteria","Streptomycetales","Streptomycetaceae","Streptomyces","ActIA","Innovator","Root","Dsol","AR127"
2025-10-02,"Dickeya",65,"right",5,"right5",2,13,1,0,1,"Actinobacteriota","Actinobacteria","Streptomycetales","Streptomycetaceae","Streptomyces","TSA","Innovator","Rhizosphere soil","Dsol","AS005"
2025-10-02,"Dickeya",66,"left",1,"left1",2,14,1,0,1,"Actinobacteriota","Actinobacteria","Propionibacteriales","Nocardioidaceae","Nocardioides","TSA","Innovator","Rhizosphere soil","Dsol","AS010"
2025-10-02,"Dickeya",66,"left",2,"left2",2,15,1,0,1,"Actinobacteriota","Actinobacteria","Streptomycetales","Streptomycetaceae","Streptomyces","ARE","Innovator","Rhizosphere soil","Dsol","AS048"
2025-10-02,"Dickeya",66,"left",5,"left5",2,18,1,0,1,"Actinobacteriota","Actinobacteria","Propionibacteriales","Nocardioidaceae","Nocardioides","ActIA","Innovator","Rhizosphere soil","Dsol","AS106"
2025-10-02,"Dickeya",66,"left",6,"left6",2,19,1,0,1,"Actinobacteriota","Actinobacteria","Corynebacteriales","Nocardiaceae","Nocardia","ActIA","Innovator","Rhizosphere soil","Dsol","AS107"
2025-10-02,"Dickeya",66,"left",7,"left7",2,20,1,0,1,"Actinobacteriota","Actinobacteria","Propionibacteriales","Nocardioidaceae","Nocardioides","ActIA","Innovator","Rhizosphere soil","Dsol","AS108"
2025-10-02,"Dickeya",66,"left",8,"left8",2,21,1,0,1,"Actinobacteriota","Actinobacteria","Streptomycetales","Streptomycetaceae","Streptomyces","ActIA","Innovator","Rhizosphere soil","Dsol","AS112"
2025-10-02,"Dickeya",66,"right",1,"right1",2,22,1,0,1,"Actinobacteriota","Actinobacteria","Propionibacteriales","Nocardioidaceae","Nocardioides","ActIA","Innovator","Rhizosphere soil","Dsol","AS121b"
2025-10-02,"Dickeya",66,"right",2,"right2",2,23,1,0,1,"Actinobacteriota","Actinobacteria","Corynebacteriales","Nocardiaceae","Nocardia","ActIA","Innovator","Rhizosphere soil","Dsol","AS127"
2025-10-02,"Dickeya",66,"right",3,"right3",2,24,1,0,1,"Actinobacteriota","Actinobacteria","Propionibacteriales","Nocardioidaceae","Nocardioides","ActIA","Innovator","Rhizosphere soil","Dsol","AS133"
2025-10-02,"Dickeya",66,"right",5,"right5",2,26,1,0,1,"Actinobacteriota","Actinobacteria","Propionibacteriales","Nocardioidaceae","Nocardioides","ActIA","Bintje","Leaf","Dsol","BL047a"
2025-10-02,"Dickeya",67,"left",1,"left1",2,27,1,0,1,"Actinobacteriota","Actinobacteria","Streptomycetales","Streptomycetaceae","Streptomyces","ActIA","Bintje","Root","Dsol","BR063"
2025-10-02,"Dickeya",67,"left",2,"left2",2,28,1,0,1,"Actinobacteriota","Actinobacteria","Propionibacteriales","Nocardioidaceae","Nocardioides","ActIA","Bintje","Root","Dsol","BR081"
2025-10-02,"Dickeya",67,"left",3,"left3",2,29,1,0,1,"Actinobacteriota","Actinobacteria","Streptomycetales","Streptomycetaceae","Streptomyces","ActIA","Bintje","Root","Dsol","BR084"
2025-10-02,"Dickeya",67,"left",5,"left5",2,31,1,0,1,"Actinobacteriota","Actinobacteria","Streptomycetales","Streptomycetaceae","Streptomyces","ActIA","Bintje","Root","Dsol","BR085"
2025-10-02,"Dickeya",67,"left",7,"left7",2,33,1,0,1,"Actinobacteriota","Actinobacteria","Streptomycetales","Streptomycetaceae","Streptomyces","TSA","Bintje","Root","Dsol","BR092b"
2025-10-02,"Dickeya",67,"left",8,"left8",2,34,1,0,1,"Actinobacteriota","Actinobacteria","Streptomycetales","Streptomycetaceae","Streptomyces","TSA","Bintje","Root","Dsol","BR123"
2025-10-02,"Dickeya",67,"right",1,"right1",2,35,1,0,1,"Actinobacteriota","Actinobacteria","Corynebacteriales","Nocardiaceae","Nocardia","ARE","Bintje","Root","Dsol","BR162"
2025-10-02,"Dickeya",67,"right",3,"right3",2,37,1,0,1,"Actinobacteriota","Actinobacteria","Propionibacteriales","Nocardioidaceae","Nocardioides","ActIA","Bintje","Rhizosphere soil","Dsol","BS088"
2025-10-02,"Dickeya",67,"right",5,"right5",2,39,1,0,1,"Actinobacteriota","Actinobacteria","Propionibacteriales","Nocardioidaceae","Nocardioides","TSA","Bintje","Rhizosphere soil","Dsol","BS157"
2025-10-02,"Dickeya",68,"left",1,"left1",2,40,1,0,1,"Actinobacteriota","Actinobacteria","Streptomycetales","Streptomycetaceae","Streptomyces","TSA","Bintje","Rhizosphere soil","Dsol","BS184"
2025-10-02,"Dickeya",68,"left",3,"left3",2,42,1,0,1,"Actinobacteriota","Actinobacteria","Streptomycetales","Streptomycetaceae","Streptomyces","TSA","Bintje","Rhizosphere soil","Dsol","BS195a"
2025-10-02,"Dickeya",68,"left",4,"left4",2,43,1,0,1,"Actinobacteriota","Actinobacteria","Streptomycetales","Streptomycetaceae","Streptomyces","TSA","Bintje","Rhizosphere soil","Dsol","BS197a"
2025-10-02,"Dickeya",68,"left",5,"left5",2,44,1,0,1,"Actinobacteriota","Actinobacteria","Streptomycetales","Streptomycetaceae","Streptomyces","TSA","Bintje","Rhizosphere soil","Dsol","BS198"
2025-10-02,"Dickeya",68,"left",7,"left7",2,46,1,0,1,"Actinobacteriota","Actinobacteria","Streptomycetales","Streptomycetaceae","Streptomyces","ARE","Bintje","Rhizosphere soil","Dsol","BS216a"
2025-10-02,"Dickeya",68,"left",8,"left8",2,47,1,0,1,"Actinobacteriota","Actinobacteria","Streptomycetales","Streptomycetaceae","Streptomyces","ARE","Bintje","Rhizosphere soil","Dsol","BS216c"
2025-10-02,"Dickeya",68,"right",1,"right1",2,48,1,0,1,"Actinobacteriota","Actinobacteria","Streptomycetales","Streptomycetaceae","Streptomyces","ARE","Bintje","Rhizosphere soil","Dsol","BS219b"
2025-10-02,"Dickeya",68,"right",2,"right2",2,49,1,0,1,"Actinobacteriota","Actinobacteria","Corynebacteriales","Nocardiaceae","Nocardia","ARE","Bintje","Rhizosphere soil","Dsol","BS228"
2025-10-02,"Dickeya",68,"right",3,"right3",2,50,1,0,1,"Actinobacteriota","Actinobacteria","Corynebacteriales","Nocardiaceae","Nocardia","ARE","Bintje","Rhizosphere soil","Dsol","BS233"
2025-10-02,"Dickeya",68,"right",4,"right4",2,51,1,0,1,"Actinobacteriota","Actinobacteria","Streptomycetales","Streptomycetaceae","Streptomyces","ARE","Bintje","Rhizosphere soil","Dsol","BS235"
2025-10-02,"Pectobacterium",69,"left",2,"left2",1,184,1,0,1,"Actinobacteriota","Actinobacteria","Streptomycetales","Streptomycetaceae","Streptomyces","ARE","Bintje","Rhizosphere soil","Pcar","BS234"
2025-10-02,"Pectobacterium",69,"left",3,"left3",1,185,1,0,1,"Actinobacteriota","Actinobacteria","Streptomycetales","Streptomycetaceae","Streptomyces","ARE","Bintje","Rhizosphere soil","Pcar","BS238"
2025-10-02,"Pectobacterium",69,"left",4,"left4",1,186,1,0,1,"Actinobacteriota","Actinobacteria","Streptomycetales","Streptomycetaceae","Streptomyces","ActIA","Innovator","Root","Pcar","AR101"
2025-10-02,"Pectobacterium",69,"right",1,"right1",1,187,1,1,1,"Actinobacteriota","Actinobacteria","Streptomycetales","Streptomycetaceae","Streptomyces","ActIA","Bintje","Rhizosphere soil","Pcar","BS093a"
2025-10-02,"Pectobacterium",69,"right",2,"right2",1,188,1,0,1,"Actinobacteriota","Actinobacteria","Streptomycetales","Streptomycetaceae","Streptomyces","ActIA","Innovator","Root","Pcar","AR121"
2025-10-02,"Pectobacterium",70,"left",2,"left2",2,2,1,0,1,"Actinobacteriota","Actinobacteria","Streptomycetales","Streptomycetaceae","Streptomyces","TSA","Innovator","Root","Pcar","AR015"
2025-10-02,"Pectobacterium",70,"left",3,"left3",2,3,1,3,1,"Actinobacteriota","Actinobacteria","Streptomycetales","Streptomycetaceae","Streptomyces","TSA","Innovator","Root","Pcar","AR019"
2025-10-02,"Pectobacterium",70,"left",4,"left4",2,4,1,0,1,"Actinobacteriota","Actinobacteria","Streptomycetales","Streptomycetaceae","Streptomyces","TSA","Innovator","Root","Pcar","AR031"
2025-10-02,"Pectobacterium",70,"left",5,"left5",2,5,1,0,1,"Actinobacteriota","Actinobacteria","Streptomycetales","Streptomycetaceae","Streptomyces","TSA","Innovator","Root","Pcar","AR040"
2025-10-02,"Pectobacterium",70,"left",7,"left7",2,7,1,0,1,"Actinobacteriota","Actinobacteria","Streptomycetales","Streptomycetaceae","Streptomyces","TSA","Innovator","Root","Pcar","AR045"
2025-10-02,"Pectobacterium",70,"left",8,"left8",2,8,1,0,1,"Actinobacteriota","Actinobacteria","Streptomycetales","Streptomycetaceae","Streptomyces","ARE","Innovator","Root","Pcar","AR064"
2025-10-02,"Pectobacterium",70,"right",1,"right1",2,9,1,0,1,"Actinobacteriota","Actinobacteria","Streptomycetales","Streptomycetaceae","Streptomyces","ARE","Innovator","Root","Pcar","AR083c"
2025-10-02,"Pectobacterium",70,"right",2,"right2",2,10,1,0,1,"Actinobacteriota","Actinobacteria","Streptomycetales","Streptomycetaceae","Streptomyces","ARE","Innovator","Root","Pcar","AR083d"
2025-10-02,"Pectobacterium",70,"right",3,"right3",2,11,1,0,1,"Actinobacteriota","Actinobacteria","Streptomycetales","Streptomycetaceae","Streptomyces","ActIA","Innovator","Root","Pcar","AR092"
2025-10-02,"Pectobacterium",70,"right",4,"right4",2,12,1,0,1,"Actinobacteriota","Actinobacteria","Streptomycetales","Streptomycetaceae","Streptomyces","ActIA","Innovator","Root","Pcar","AR127"
2025-10-02,"Pectobacterium",70,"right",5,"right5",2,13,1,0,1,"Actinobacteriota","Actinobacteria","Streptomycetales","Streptomycetaceae","Streptomyces","TSA","Innovator","Rhizosphere soil","Pcar","AS005"
2025-10-02,"Pectobacterium",71,"left",1,"left1",2,14,1,0,1,"Actinobacteriota","Actinobacteria","Propionibacteriales","Nocardioidaceae","Nocardioides","TSA","Innovator","Rhizosphere soil","Pcar","AS010"
2025-10-02,"Pectobacterium",71,"left",2,"left2",2,15,1,0,1,"Actinobacteriota","Actinobacteria","Streptomycetales","Streptomycetaceae","Streptomyces","ARE","Innovator","Rhizosphere soil","Pcar","AS048"
2025-10-02,"Pectobacterium",71,"left",5,"left5",2,18,1,0,1,"Actinobacteriota","Actinobacteria","Propionibacteriales","Nocardioidaceae","Nocardioides","ActIA","Innovator","Rhizosphere soil","Pcar","AS106"
2025-10-02,"Pectobacterium",71,"left",6,"left6",2,19,1,9,1,"Actinobacteriota","Actinobacteria","Corynebacteriales","Nocardiaceae","Nocardia","ActIA","Innovator","Rhizosphere soil","Pcar","AS107"
2025-10-02,"Pectobacterium",71,"left",7,"left7",2,20,1,0,1,"Actinobacteriota","Actinobacteria","Propionibacteriales","Nocardioidaceae","Nocardioides","ActIA","Innovator","Rhizosphere soil","Pcar","AS108"
2025-10-02,"Pectobacterium",71,"left",8,"left8",2,21,1,0,1,"Actinobacteriota","Actinobacteria","Streptomycetales","Streptomycetaceae","Streptomyces","ActIA","Innovator","Rhizosphere soil","Pcar","AS112"
2025-10-02,"Pectobacterium",71,"right",1,"right1",2,22,1,0,1,"Actinobacteriota","Actinobacteria","Propionibacteriales","Nocardioidaceae","Nocardioides","ActIA","Innovator","Rhizosphere soil","Pcar","AS121b"
2025-10-02,"Pectobacterium",71,"right",2,"right2",2,23,1,0,1,"Actinobacteriota","Actinobacteria","Corynebacteriales","Nocardiaceae","Nocardia","ActIA","Innovator","Rhizosphere soil","Pcar","AS127"
2025-10-02,"Pectobacterium",71,"right",3,"right3",2,24,1,0,1,"Actinobacteriota","Actinobacteria","Propionibacteriales","Nocardioidaceae","Nocardioides","ActIA","Innovator","Rhizosphere soil","Pcar","AS133"
2025-10-02,"Pectobacterium",71,"right",5,"right5",2,26,1,0,1,"Actinobacteriota","Actinobacteria","Propionibacteriales","Nocardioidaceae","Nocardioides","ActIA","Bintje","Leaf","Pcar","BL047a"
2025-10-02,"Pectobacterium",72,"left",1,"left1",2,27,1,0,1,"Actinobacteriota","Actinobacteria","Streptomycetales","Streptomycetaceae","Streptomyces","ActIA","Bintje","Root","Pcar","BR063"
2025-10-02,"Pectobacterium",72,"left",2,"left2",2,28,1,0,1,"Actinobacteriota","Actinobacteria","Propionibacteriales","Nocardioidaceae","Nocardioides","ActIA","Bintje","Root","Pcar","BR081"
2025-10-02,"Pectobacterium",72,"left",3,"left3",2,29,1,0,1,"Actinobacteriota","Actinobacteria","Streptomycetales","Streptomycetaceae","Streptomyces","ActIA","Bintje","Root","Pcar","BR084"
2025-10-02,"Pectobacterium",72,"left",5,"left5",2,31,1,0,1,"Actinobacteriota","Actinobacteria","Streptomycetales","Streptomycetaceae","Streptomyces","ActIA","Bintje","Root","Pcar","BR085"
2025-10-02,"Pectobacterium",72,"left",7,"left7",2,33,1,0,1,"Actinobacteriota","Actinobacteria","Streptomycetales","Streptomycetaceae","Streptomyces","TSA","Bintje","Root","Pcar","BR092b"
2025-10-02,"Pectobacterium",72,"left",8,"left8",2,34,1,0,1,"Actinobacteriota","Actinobacteria","Streptomycetales","Streptomycetaceae","Streptomyces","TSA","Bintje","Root","Pcar","BR123"
2025-10-02,"Pectobacterium",72,"right",1,"right1",2,35,1,0,1,"Actinobacteriota","Actinobacteria","Corynebacteriales","Nocardiaceae","Nocardia","ARE","Bintje","Root","Pcar","BR162"
2025-10-02,"Pectobacterium",72,"right",3,"right3",2,37,1,0,1,"Actinobacteriota","Actinobacteria","Propionibacteriales","Nocardioidaceae","Nocardioides","ActIA","Bintje","Rhizosphere soil","Pcar","BS088"
2025-10-02,"Pectobacterium",72,"right",5,"right5",2,39,1,0,1,"Actinobacteriota","Actinobacteria","Propionibacteriales","Nocardioidaceae","Nocardioides","TSA","Bintje","Rhizosphere soil","Pcar","BS157"
2025-10-02,"Pectobacterium",73,"left",1,"left1",2,40,1,0,1,"Actinobacteriota","Actinobacteria","Streptomycetales","Streptomycetaceae","Streptomyces","TSA","Bintje","Rhizosphere soil","Pcar","BS184"
2025-10-02,"Pectobacterium",73,"left",3,"left3",2,42,1,0,1,"Actinobacteriota","Actinobacteria","Streptomycetales","Streptomycetaceae","Streptomyces","TSA","Bintje","Rhizosphere soil","Pcar","BS195a"
2025-10-02,"Pectobacterium",73,"left",4,"left4",2,43,1,0,1,"Actinobacteriota","Actinobacteria","Streptomycetales","Streptomycetaceae","Streptomyces","TSA","Bintje","Rhizosphere soil","Pcar","BS197a"
2025-10-02,"Pectobacterium",73,"left",5,"left5",2,44,1,0,1,"Actinobacteriota","Actinobacteria","Streptomycetales","Streptomycetaceae","Streptomyces","TSA","Bintje","Rhizosphere soil","Pcar","BS198"
2025-10-02,"Pectobacterium",73,"left",7,"left7",2,46,1,0,1,"Actinobacteriota","Actinobacteria","Streptomycetales","Streptomycetaceae","Streptomyces","ARE","Bintje","Rhizosphere soil","Pcar","BS216a"
2025-10-02,"Pectobacterium",73,"left",8,"left8",2,47,1,0,1,"Actinobacteriota","Actinobacteria","Streptomycetales","Streptomycetaceae","Streptomyces","ARE","Bintje","Rhizosphere soil","Pcar","BS216c"
2025-10-02,"Pectobacterium",73,"right",1,"right1",2,48,1,0,1,"Actinobacteriota","Actinobacteria","Streptomycetales","Streptomycetaceae","Streptomyces","ARE","Bintje","Rhizosphere soil","Pcar","BS219b"
2025-10-02,"Pectobacterium",73,"right",2,"right2",2,49,1,0,1,"Actinobacteriota","Actinobacteria","Corynebacteriales","Nocardiaceae","Nocardia","ARE","Bintje","Rhizosphere soil","Pcar","BS228"
2025-10-02,"Pectobacterium",73,"right",3,"right3",2,50,1,0,1,"Actinobacteriota","Actinobacteria","Corynebacteriales","Nocardiaceae","Nocardia","ARE","Bintje","Rhizosphere soil","Pcar","BS233"
2025-10-02,"Pectobacterium",73,"right",4,"right4",2,51,1,0,1,"Actinobacteriota","Actinobacteria","Streptomycetales","Streptomycetaceae","Streptomyces","ARE","Bintje","Rhizosphere soil","Pcar","BS235"
2025-10-03,"Pythium",74,"left",1,"left1",1,27,1,0,1,"Actinobacteriota","Actinobacteria","Streptomycetales","Streptomycetaceae","Streptomyces","TSA","Innovator","Root","Pult","AR050"
2025-10-03,"Pythium",74,"left",2,"left2",1,28,1,1,1,"Actinobacteriota","Actinobacteria","Streptomycetales","Streptomycetaceae","Streptomyces","ARE","Innovator","Root","Pult","AR062"
2025-10-03,"Pythium",74,"left",3,"left3",1,29,1,0,1,"Actinobacteriota","Actinobacteria","Streptomycetales","Streptomycetaceae","Streptomyces","ARE","Innovator","Root","Pult","AR065"
2025-10-03,"Pythium",74,"left",4,"left4",1,30,1,0,1,"Actinobacteriota","Actinobacteria","Streptomycetales","Streptomycetaceae","Streptomyces","ARE","Innovator","Root","Pult","AR069"
2025-10-03,"Pythium",74,"left",5,"left5",1,31,1,1,1,"Actinobacteriota","Actinobacteria","Streptomycetales","Streptomycetaceae","Streptomyces","ARE","Innovator","Root","Pult","AR072"
2025-10-03,"Pythium",74,"left",6,"left6",1,32,1,1,1,"Actinobacteriota","Actinobacteria","Streptomycetales","Streptomycetaceae","Streptomyces","ARE","Innovator","Root","Pult","AR082"
2025-10-03,"Pythium",74,"left",7,"left7",1,33,1,0,1,"Actinobacteriota","Actinobacteria","Streptomycetales","Streptomycetaceae","Streptomyces","ARE","Innovator","Root","Pult","AR083b"
2025-10-03,"Pythium",74,"left",8,"left8",1,34,1,0,1,"Actinobacteriota","Actinobacteria","Streptomycetales","Streptomycetaceae","Streptomyces","ARE","Innovator","Root","Pult","AR085"
2025-10-03,"Pythium",74,"right",1,"right1",1,35,1,0,1,"Actinobacteriota","Actinobacteria","Streptomycetales","Streptomycetaceae","Streptomyces","ActIA","Innovator","Root","Pult","AR091"
2025-10-03,"Pythium",74,"right",2,"right2",1,36,1,0,1,"Actinobacteriota","Actinobacteria","Streptomycetales","Streptomycetaceae","Streptomyces","ActIA","Innovator","Root","Pult","AR092b"
2025-10-03,"Pythium",74,"right",3,"right3",1,37,1,0,1,"Actinobacteriota","Actinobacteria","Streptomycetales","Streptomycetaceae","Streptomyces","ActIA","Innovator","Root","Pult","AR094"
2025-10-03,"Pythium",74,"right",4,"right4",1,38,1,0,1,"Actinobacteriota","Actinobacteria","Streptomycetales","Streptomycetaceae","Streptomyces","ActIA","Innovator","Root","Pult","AR108"
2025-10-03,"Pythium",74,"right",5,"right5",1,39,1,0,1,"Actinobacteriota","Actinobacteria","Streptomycetales","Streptomycetaceae","Streptomyces","ActIA","Innovator","Root","Pult","AR109"
2025-10-03,"Pythium",75,"left",2,"left2",1,41,1,0,1,"Actinobacteriota","Actinobacteria","Streptomycetales","Streptomycetaceae","Streptomyces","ActIA","Innovator","Root","Pult","AR113"
2025-10-03,"Pythium",75,"left",3,"left3",1,42,1,0,1,"Actinobacteriota","Actinobacteria","Streptomycetales","Streptomycetaceae","Streptomyces","ActIA","Innovator","Root","Pult","AR115"
2025-10-03,"Pythium",75,"left",4,"left4",1,43,1,2,1,"Actinobacteriota","Actinobacteria","Streptomycetales","Streptomycetaceae","Streptomyces","ActIA","Innovator","Root","Pult","AR124"
2025-10-03,"Pythium",75,"left",5,"left5",1,44,1,0,1,"Actinobacteriota","Actinobacteria","Streptomycetales","Streptomycetaceae","Streptomyces","ActIA","Innovator","Root","Pult","AR170"
2025-10-03,"Pythium",75,"left",6,"left6",1,45,1,0,1,"Actinobacteriota","Actinobacteria","Streptomycetales","Streptomycetaceae","Streptomyces","TSA","Innovator","Rhizosphere soil","Pult","AS002"
2025-10-03,"Pythium",75,"left",7,"left7",1,46,1,0,1,"Actinobacteriota","Actinobacteria","Streptomycetales","Streptomycetaceae","Streptomyces","TSA","Innovator","Rhizosphere soil","Pult","AS004"
2025-10-03,"Pythium",75,"left",8,"left8",1,47,1,0,1,"Actinobacteriota","Actinobacteria","Streptomycetales","Streptomycetaceae","Streptomyces","TSA","Innovator","Rhizosphere soil","Pult","AS007"
2025-10-03,"Pythium",75,"right",1,"right1",1,48,1,2,1,"Actinobacteriota","Actinobacteria","Streptomycetales","Streptomycetaceae","Streptomyces","TSA","Innovator","Rhizosphere soil","Pult","AS008"
2025-10-03,"Pythium",75,"right",2,"right2",1,49,1,0,1,"Actinobacteriota","Actinobacteria","Streptomycetales","Streptomycetaceae","Streptomyces","TSA","Innovator","Rhizosphere soil","Pult","AS014"
2025-10-03,"Pythium",75,"right",3,"right3",1,50,1,2,1,"Actinobacteriota","Actinobacteria","Streptomycetales","Streptomycetaceae","Streptomyces","TSA","Innovator","Rhizosphere soil","Pult","AS020"
2025-10-03,"Pythium",75,"right",4,"right4",1,51,1,0,1,"Actinobacteriota","Actinobacteria","Streptomycetales","Streptomycetaceae","Streptomyces","TSA","Innovator","Rhizosphere soil","Pult","AS032"
2025-10-03,"Pythium",75,"right",5,"right5",1,52,1,0,1,"Actinobacteriota","Actinobacteria","Streptomycetales","Streptomycetaceae","Streptomyces","TSA","Innovator","Rhizosphere soil","Pult","AS037"
2025-10-03,"Pythium",76,"left",2,"left2",1,54,1,0,1,"Actinobacteriota","Actinobacteria","Streptomycetales","Streptomycetaceae","Streptomyces","TSA","Innovator","Rhizosphere soil","Pult","AS041"
2025-10-03,"Pythium",76,"left",3,"left3",1,55,1,0,1,"Actinobacteriota","Actinobacteria","Streptomycetales","Streptomycetaceae","Streptomyces","ARE","Innovator","Rhizosphere soil","Pult","AS046"
2025-10-03,"Pythium",76,"left",4,"left4",1,56,1,2,1,"Actinobacteriota","Actinobacteria","Streptomycetales","Streptomycetaceae","Streptomyces","ARE","Innovator","Rhizosphere soil","Pult","AS053"
2025-10-03,"Pythium",76,"left",5,"left5",1,57,1,2,1,"Actinobacteriota","Actinobacteria","Streptomycetales","Streptomycetaceae","Streptomyces","ARE","Innovator","Rhizosphere soil","Pult","AS065"
2025-10-03,"Pythium",76,"left",6,"left6",1,58,1,2,1,"Actinobacteriota","Actinobacteria","Streptomycetales","Streptomycetaceae","Streptomyces","ARE","Innovator","Rhizosphere soil","Pult","AS073"
2025-10-03,"Pythium",76,"right",1,"right1",1,61,1,1,1,"Actinobacteriota","Actinobacteria","Streptomycetales","Streptomycetaceae","Streptomyces","ARE","Innovator","Rhizosphere soil","Pult","AS078"
2025-10-03,"Pythium",76,"right",2,"right2",1,62,1,0,1,"Actinobacteriota","Actinobacteria","Streptomycetales","Streptomycetaceae","Streptomyces","ARE","Innovator","Rhizosphere soil","Pult","AS079"
2025-10-03,"Pythium",76,"right",3,"right3",1,63,1,0,1,"Actinobacteriota","Actinobacteria","Streptomycetales","Streptomycetaceae","Streptomyces","ActIA","Innovator","Rhizosphere soil","Pult","AS097"
2025-10-03,"Pythium",76,"right",4,"right4",1,64,1,2,1,"Actinobacteriota","Actinobacteria","Streptomycetales","Streptomycetaceae","Streptomyces","ActIA","Innovator","Rhizosphere soil","Pult","AS098"
2025-10-03,"Pythium",76,"right",5,"right5",1,65,1,0,1,"Actinobacteriota","Actinobacteria","Streptomycetales","Streptomycetaceae","Streptomyces","ActIA","Innovator","Rhizosphere soil","Pult","AS099"
2025-10-03,"Pythium",77,"left",1,"left1",1,66,1,0,1,"Actinobacteriota","Actinobacteria","Streptomycetales","Streptomycetaceae","Streptomyces","ActIA","Innovator","Rhizosphere soil","Pult","AS100"
2025-10-03,"Pythium",77,"left",2,"left2",1,67,1,1,1,"Actinobacteriota","Actinobacteria","Streptomycetales","Streptomycetaceae","Streptomyces","ActIA","Innovator","Rhizosphere soil","Pult","AS104"
2025-10-03,"Pythium",77,"left",3,"left3",1,68,1,0,1,"Actinobacteriota","Actinobacteria","Streptomycetales","Streptomycetaceae","Streptomyces","ActIA","Innovator","Rhizosphere soil","Pult","AS105"
2025-10-03,"Pythium",77,"left",4,"left4",1,69,1,0,1,"Actinobacteriota","Actinobacteria","Streptomycetales","Streptomycetaceae","Streptomyces","ActIA","Innovator","Rhizosphere soil","Pult","AS111"
2025-10-03,"Pythium",77,"left",5,"left5",1,70,1,0,1,"Actinobacteriota","Actinobacteria","Streptomycetales","Streptomycetaceae","Streptomyces","ActIA","Innovator","Rhizosphere soil","Pult","AS113"
2025-10-03,"Pythium",77,"left",6,"left6",1,71,1,0,1,"Actinobacteriota","Actinobacteria","Streptomycetales","Streptomycetaceae","Streptomyces","ActIA","Innovator","Rhizosphere soil","Pult","AS114"
2025-10-03,"Pythium",77,"left",7,"left7",1,72,1,0,1,"Actinobacteriota","Actinobacteria","Streptomycetales","Streptomycetaceae","Streptomyces","ActIA","Innovator","Rhizosphere soil","Pult","AS115"
2025-10-03,"Pythium",77,"left",8,"left8",1,73,1,0,1,"Actinobacteriota","Actinobacteria","Streptomycetales","Streptomycetaceae","Streptomyces","ActIA","Innovator","Rhizosphere soil","Pult","AS116"
2025-10-03,"Pythium",77,"right",1,"right1",1,74,1,0,1,"Actinobacteriota","Actinobacteria","Streptomycetales","Streptomycetaceae","Streptomyces","ActIA","Innovator","Rhizosphere soil","Pult","AS118"
2025-10-03,"Pythium",77,"right",2,"right2",1,75,1,0,1,"Actinobacteriota","Actinobacteria","Streptomycetales","Streptomycetaceae","Streptomyces","ActIA","Innovator","Rhizosphere soil","Pult","AS120"
2025-10-03,"Pythium",77,"right",3,"right3",1,76,1,0,1,"Actinobacteriota","Actinobacteria","Streptomycetales","Streptomycetaceae","Streptomyces","ActIA","Innovator","Rhizosphere soil","Pult","AS121a"
2025-10-03,"Pythium",77,"right",4,"right4",1,77,1,1,1,"Actinobacteriota","Actinobacteria","Streptomycetales","Streptomycetaceae","Streptomyces","ActIA","Innovator","Rhizosphere soil","Pult","AS121c"
2025-10-03,"Pythium",77,"right",5,"right5",1,78,1,1,1,"Actinobacteriota","Actinobacteria","Streptomycetales","Streptomycetaceae","Streptomyces","ActIA","Innovator","Rhizosphere soil","Pult","AS131"
2025-10-03,"Pythium",78,"left",1,"left1",1,79,1,0,1,"Actinobacteriota","Actinobacteria","Streptomycetales","Streptomycetaceae","Streptomyces","ActIA","Innovator","Rhizosphere soil","Pult","AS136"
2025-10-03,"Pythium",78,"left",2,"left2",1,80,1,0,1,"Actinobacteriota","Actinobacteria","Streptomycetales","Streptomycetaceae","Streptomyces","ActIA","Innovator","Rhizosphere soil","Pult","AS139a"
2025-10-03,"Pythium",78,"left",3,"left3",1,81,1,0,1,"Actinobacteriota","Actinobacteria","Streptomycetales","Streptomycetaceae","Streptomyces","ActIA","Innovator","Rhizosphere soil","Pult","AS140a"
2025-10-03,"Pythium",78,"left",4,"left4",1,82,1,0,1,"Actinobacteriota","Actinobacteria","Streptomycetales","Streptomycetaceae","Streptomyces","ActIA","Innovator","Rhizosphere soil","Pult","AS140b"
2025-10-03,"Pythium",78,"left",5,"left5",1,83,1,0,1,"Actinobacteriota","Actinobacteria","Streptomycetales","Streptomycetaceae","Streptomyces","ActIA","Innovator","Rhizosphere soil","Pult","AS141"
2025-10-03,"Pythium",78,"left",6,"left6",1,84,1,0,1,"Actinobacteriota","Actinobacteria","Streptomycetales","Streptomycetaceae","Streptomyces","ActIA","Innovator","Rhizosphere soil","Pult","AS142"
2025-10-03,"Pythium",78,"left",7,"left7",1,85,1,0,1,"Actinobacteriota","Actinobacteria","Streptomycetales","Streptomycetaceae","Streptomyces","ActIA","Innovator","Rhizosphere soil","Pult","AS143"
2025-10-03,"Pythium",78,"right",1,"right1",1,87,1,0,1,"Actinobacteriota","Actinobacteria","Streptomycetales","Streptomycetaceae","Streptomyces","ActIA","Innovator","Rhizosphere soil","Pult","AS145"
2025-10-03,"Pythium",78,"right",4,"right4",1,90,1,2,1,"Actinobacteriota","Actinobacteria","Streptomycetales","Streptomycetaceae","Streptomyces","ActIA","Bintje","Leaf","Pult","BL040a"
2025-10-03,"Pythium",78,"right",5,"right5",1,91,1,1,1,"Actinobacteriota","Actinobacteria","Streptomycetales","Streptomycetaceae","Streptomyces","ActIA","Bintje","Leaf","Pult","BL040b"
2025-10-03,"Pythium",79,"left",4,"left4",1,95,1,0,1,"Actinobacteriota","Actinobacteria","Streptomycetales","Streptomycetaceae","Streptomyces","ARE","Bintje","Leaf","Pult","BL087"
2025-10-03,"Pythium",79,"left",5,"left5",1,96,1,0,1,"Actinobacteriota","Actinobacteria","Streptomycetales","Streptomycetaceae","Streptomyces","ARE","Bintje","Leaf","Pult","BL091"
2025-10-03,"Pythium",79,"left",6,"left6",1,97,1,1,1,"Actinobacteriota","Actinobacteria","Streptomycetales","Streptomycetaceae","Streptomyces","ActIA","Bintje","Root","Pult","BR044"
2025-10-03,"Pythium",79,"left",7,"left7",1,98,1,1,1,"Actinobacteriota","Actinobacteria","Streptomycetales","Streptomycetaceae","Streptomyces","ActIA","Bintje","Root","Pult","BR045"
2025-10-03,"Pythium",79,"left",8,"left8",1,99,1,0,1,"Actinobacteriota","Actinobacteria","Streptomycetales","Streptomycetaceae","Streptomyces","ActIA","Bintje","Root","Pult","BR048"
2025-10-03,"Pythium",79,"right",1,"right1",1,100,1,0,1,"Actinobacteriota","Actinobacteria","Streptomycetales","Streptomycetaceae","Streptomyces","ActIA","Bintje","Root","Pult","BR051"
2025-10-03,"Pythium",79,"right",2,"right2",1,101,1,0,1,"Actinobacteriota","Actinobacteria","Streptomycetales","Streptomycetaceae","Streptomyces","ActIA","Bintje","Root","Pult","BR057"
2025-10-03,"Pythium",79,"right",3,"right3",1,102,1,0,1,"Actinobacteriota","Actinobacteria","Streptomycetales","Streptomycetaceae","Streptomyces","ActIA","Bintje","Root","Pult","BR060"
2025-10-03,"Pythium",79,"right",4,"right4",1,103,1,1,1,"Actinobacteriota","Actinobacteria","Streptomycetales","Streptomycetaceae","Streptomyces","ActIA","Bintje","Root","Pult","BR061"
2025-10-03,"Pythium",79,"right",5,"right5",1,104,1,0,1,"Actinobacteriota","Actinobacteria","Streptomycetales","Streptomycetaceae","Streptomyces","ActIA","Bintje","Root","Pult","BR065"
2025-10-03,"Pythium",80,"left",1,"left1",1,105,1,2,1,"Actinobacteriota","Actinobacteria","Streptomycetales","Streptomycetaceae","Streptomyces","ActIA","Bintje","Root","Pult","BR068"
2025-10-03,"Pythium",80,"left",2,"left2",1,106,1,0,1,"Actinobacteriota","Actinobacteria","Streptomycetales","Streptomycetaceae","Streptomyces","ActIA","Bintje","Root","Pult","BR070"
2025-10-03,"Pythium",80,"left",3,"left3",1,107,1,0,1,"Actinobacteriota","Actinobacteria","Streptomycetales","Streptomycetaceae","Streptomyces","ActIA","Bintje","Root","Pult","BR074"
2025-10-03,"Pythium",80,"left",4,"left4",1,108,1,0,1,"Actinobacteriota","Actinobacteria","Streptomycetales","Streptomycetaceae","Streptomyces","ActIA","Bintje","Root","Pult","BR079"
2025-10-03,"Pythium",80,"left",8,"left8",1,112,1,0,1,"Actinobacteriota","Actinobacteria","Streptomycetales","Streptomycetaceae","Streptomyces","TSA","Bintje","Root","Pult","BR092a"
2025-10-03,"Pythium",80,"right",3,"right3",1,115,1,0,1,"Actinobacteriota","Actinobacteria","Streptomycetales","Streptomycetaceae","Streptomyces","TSA","Bintje","Root","Pult","BR097"
2025-10-03,"Pythium",80,"right",4,"right4",1,116,1,2,1,"Actinobacteriota","Actinobacteria","Streptomycetales","Streptomycetaceae","Streptomyces","TSA","Bintje","Root","Pult","BR104"
2025-10-03,"Pythium",80,"right",5,"right5",1,117,1,0,1,"Actinobacteriota","Actinobacteria","Streptomycetales","Streptomycetaceae","Streptomyces","TSA","Bintje","Root","Pult","BR111"
2025-10-16,"Dickeya",86,"left",1,"left1",1,1,2,0,1,"Actinobacteriota","Actinobacteria","Streptomycetales","Streptomycetaceae","Streptomyces","ARE","Innovator","Leaf","Dsol","AL045"
2025-10-16,"Dickeya",86,"left",2,"left2",1,2,2,0,1,"Actinobacteriota","Actinobacteria","Streptomycetales","Streptomycetaceae","Streptomyces","ARE","Innovator","Leaf","Dsol","AL058"
2025-10-16,"Dickeya",86,"left",3,"left3",1,3,2,0,1,"Actinobacteriota","Actinobacteria","Streptomycetales","Streptomycetaceae","Streptomyces","ARE","Innovator","Leaf","Dsol","AL067"
2025-10-16,"Dickeya",86,"left",4,"left4",1,4,2,0,1,"Actinobacteriota","Actinobacteria","Streptomycetales","Streptomycetaceae","Streptomyces","ActIA","Innovator","Leaf","Dsol","AL071"
2025-10-16,"Dickeya",86,"left",5,"left5",1,5,2,0,1,"Actinobacteriota","Actinobacteria","Streptomycetales","Streptomycetaceae","Streptomyces","ActIA","Innovator","Leaf","Dsol","AL074"
2025-10-16,"Dickeya",86,"left",6,"left6",1,6,2,0,1,"Actinobacteriota","Actinobacteria","Streptomycetales","Streptomycetaceae","Streptomyces","ActIA","Innovator","Leaf","Dsol","AL083"
2025-10-16,"Dickeya",86,"left",7,"left7",1,7,2,0,1,"Actinobacteriota","Actinobacteria","Streptomycetales","Streptomycetaceae","Streptomyces","TSA","Innovator","Root","Dsol","AR003"
2025-10-16,"Dickeya",86,"left",8,"left8",1,8,2,0,1,"Actinobacteriota","Actinobacteria","Streptomycetales","Streptomycetaceae","Streptomyces","TSA","Innovator","Root","Dsol","AR004"
2025-10-16,"Dickeya",86,"right",1,"right1",1,9,2,0,1,"Actinobacteriota","Actinobacteria","Streptomycetales","Streptomycetaceae","Streptomyces","TSA","Innovator","Root","Dsol","AR006"
2025-10-16,"Dickeya",86,"right",3,"right3",1,11,2,0,1,"Actinobacteriota","Actinobacteria","Streptomycetales","Streptomycetaceae","Streptomyces","TSA","Innovator","Root","Dsol","AR011"
2025-10-16,"Dickeya",86,"right",4,"right4",1,12,2,0,1,"Actinobacteriota","Actinobacteria","Streptomycetales","Streptomycetaceae","Streptomyces","TSA","Innovator","Root","Dsol","AR012"
2025-10-16,"Dickeya",86,"right",5,"right5",1,13,2,0,1,"Actinobacteriota","Actinobacteria","Streptomycetales","Streptomycetaceae","Streptomyces","TSA","Innovator","Root","Dsol","AR013"
2025-10-16,"Dickeya",87,"left",1,"left1",1,14,2,1,1,"Actinobacteriota","Actinobacteria","Streptomycetales","Streptomycetaceae","Streptomyces","TSA","Innovator","Root","Dsol","AR014"
2025-10-16,"Dickeya",87,"left",2,"left2",1,15,2,0,1,"Actinobacteriota","Actinobacteria","Streptomycetales","Streptomycetaceae","Streptomyces","TSA","Innovator","Root","Dsol","AR018"
2025-10-16,"Dickeya",87,"left",3,"left3",1,16,2,0,1,"Actinobacteriota","Actinobacteria","Streptomycetales","Streptomycetaceae","Streptomyces","TSA","Innovator","Root","Dsol","AR020"
2025-10-16,"Dickeya",87,"left",4,"left4",1,17,2,0,1,"Actinobacteriota","Actinobacteria","Streptomycetales","Streptomycetaceae","Streptomyces","TSA","Innovator","Root","Dsol","AR027"
2025-10-16,"Dickeya",87,"left",5,"left5",1,18,2,0,1,"Actinobacteriota","Actinobacteria","Streptomycetales","Streptomycetaceae","Streptomyces","TSA","Innovator","Root","Dsol","AR029"
2025-10-16,"Dickeya",87,"left",6,"left6",1,19,2,0,1,"Actinobacteriota","Actinobacteria","Streptomycetales","Streptomycetaceae","Streptomyces","TSA","Innovator","Root","Dsol","AR030"
2025-10-16,"Dickeya",87,"left",8,"left8",1,21,2,0,1,"Actinobacteriota","Actinobacteria","Streptomycetales","Streptomycetaceae","Streptomyces","TSA","Innovator","Root","Dsol","AR033"
2025-10-16,"Dickeya",87,"right",1,"right1",1,22,2,0,1,"Actinobacteriota","Actinobacteria","Streptomycetales","Streptomycetaceae","Streptomyces","TSA","Innovator","Root","Dsol","AR034"
2025-10-16,"Dickeya",87,"right",2,"right2",1,23,2,0,1,"Actinobacteriota","Actinobacteria","Streptomycetales","Streptomycetaceae","Streptomyces","TSA","Innovator","Root","Dsol","AR036"
2025-10-16,"Dickeya",87,"right",3,"right3",1,24,2,0,1,"Actinobacteriota","Actinobacteria","Streptomycetales","Streptomycetaceae","Streptomyces","TSA","Innovator","Root","Dsol","AR038b"
2025-10-16,"Dickeya",87,"right",5,"right5",1,26,2,0,1,"Actinobacteriota","Actinobacteria","Streptomycetales","Streptomycetaceae","Streptomyces","TSA","Innovator","Root","Dsol","AR044"
2025-10-16,"Dickeya",88,"left",1,"left1",1,27,2,0,1,"Actinobacteriota","Actinobacteria","Streptomycetales","Streptomycetaceae","Streptomyces","TSA","Innovator","Root","Dsol","AR050"
2025-10-16,"Dickeya",88,"left",2,"left2",1,28,2,1,1,"Actinobacteriota","Actinobacteria","Streptomycetales","Streptomycetaceae","Streptomyces","ARE","Innovator","Root","Dsol","AR062"
2025-10-16,"Dickeya",88,"left",3,"left3",1,29,2,0,1,"Actinobacteriota","Actinobacteria","Streptomycetales","Streptomycetaceae","Streptomyces","ARE","Innovator","Root","Dsol","AR065"
2025-10-16,"Dickeya",88,"left",4,"left4",1,30,2,0,1,"Actinobacteriota","Actinobacteria","Streptomycetales","Streptomycetaceae","Streptomyces","ARE","Innovator","Root","Dsol","AR069"
2025-10-16,"Dickeya",88,"left",5,"left5",1,31,2,0,1,"Actinobacteriota","Actinobacteria","Streptomycetales","Streptomycetaceae","Streptomyces","ARE","Innovator","Root","Dsol","AR072"
2025-10-16,"Dickeya",88,"left",6,"left6",1,32,2,0,1,"Actinobacteriota","Actinobacteria","Streptomycetales","Streptomycetaceae","Streptomyces","ARE","Innovator","Root","Dsol","AR082"
2025-10-16,"Dickeya",88,"left",7,"left7",1,33,2,0,1,"Actinobacteriota","Actinobacteria","Streptomycetales","Streptomycetaceae","Streptomyces","ARE","Innovator","Root","Dsol","AR083b"
2025-10-16,"Dickeya",88,"left",8,"left8",1,34,2,0,1,"Actinobacteriota","Actinobacteria","Streptomycetales","Streptomycetaceae","Streptomyces","ARE","Innovator","Root","Dsol","AR085"
2025-10-16,"Dickeya",88,"right",1,"right1",1,35,2,0,1,"Actinobacteriota","Actinobacteria","Streptomycetales","Streptomycetaceae","Streptomyces","ActIA","Innovator","Root","Dsol","AR091"
2025-10-16,"Dickeya",88,"right",2,"right2",1,36,2,0,1,"Actinobacteriota","Actinobacteria","Streptomycetales","Streptomycetaceae","Streptomyces","ActIA","Innovator","Root","Dsol","AR092b"
2025-10-16,"Dickeya",88,"right",3,"right3",1,37,2,0,1,"Actinobacteriota","Actinobacteria","Streptomycetales","Streptomycetaceae","Streptomyces","ActIA","Innovator","Root","Dsol","AR094"
2025-10-16,"Dickeya",88,"right",4,"right4",1,38,2,0,1,"Actinobacteriota","Actinobacteria","Streptomycetales","Streptomycetaceae","Streptomyces","ActIA","Innovator","Root","Dsol","AR108"
2025-10-16,"Dickeya",88,"right",5,"right5",1,39,2,0,1,"Actinobacteriota","Actinobacteria","Streptomycetales","Streptomycetaceae","Streptomyces","ActIA","Innovator","Root","Dsol","AR109"
2025-10-16,"Dickeya",89,"left",2,"left2",1,41,2,0,1,"Actinobacteriota","Actinobacteria","Streptomycetales","Streptomycetaceae","Streptomyces","ActIA","Innovator","Root","Dsol","AR113"
2025-10-16,"Dickeya",89,"left",3,"left3",1,42,2,0,1,"Actinobacteriota","Actinobacteria","Streptomycetales","Streptomycetaceae","Streptomyces","ActIA","Innovator","Root","Dsol","AR115"
2025-10-16,"Dickeya",89,"left",4,"left4",1,43,2,0,1,"Actinobacteriota","Actinobacteria","Streptomycetales","Streptomycetaceae","Streptomyces","ActIA","Innovator","Root","Dsol","AR124"
2025-10-16,"Dickeya",89,"left",5,"left5",1,44,2,0,1,"Actinobacteriota","Actinobacteria","Streptomycetales","Streptomycetaceae","Streptomyces","ActIA","Innovator","Root","Dsol","AR170"
2025-10-16,"Dickeya",89,"left",6,"left6",1,45,2,0,1,"Actinobacteriota","Actinobacteria","Streptomycetales","Streptomycetaceae","Streptomyces","TSA","Innovator","Rhizosphere soil","Dsol","AS002"
2025-10-16,"Dickeya",89,"left",7,"left7",1,46,2,0,1,"Actinobacteriota","Actinobacteria","Streptomycetales","Streptomycetaceae","Streptomyces","TSA","Innovator","Rhizosphere soil","Dsol","AS004"
2025-10-16,"Dickeya",89,"left",8,"left8",1,47,2,0,1,"Actinobacteriota","Actinobacteria","Streptomycetales","Streptomycetaceae","Streptomyces","TSA","Innovator","Rhizosphere soil","Dsol","AS007"
2025-10-16,"Dickeya",89,"right",1,"right1",1,48,2,0,1,"Actinobacteriota","Actinobacteria","Streptomycetales","Streptomycetaceae","Streptomyces","TSA","Innovator","Rhizosphere soil","Dsol","AS008"
2025-10-16,"Dickeya",89,"right",2,"right2",1,49,2,0,1,"Actinobacteriota","Actinobacteria","Streptomycetales","Streptomycetaceae","Streptomyces","TSA","Innovator","Rhizosphere soil","Dsol","AS014"
2025-10-16,"Dickeya",89,"right",3,"right3",1,50,2,0,1,"Actinobacteriota","Actinobacteria","Streptomycetales","Streptomycetaceae","Streptomyces","TSA","Innovator","Rhizosphere soil","Dsol","AS020"
2025-10-16,"Dickeya",89,"right",4,"right4",1,51,2,0,1,"Actinobacteriota","Actinobacteria","Streptomycetales","Streptomycetaceae","Streptomyces","TSA","Innovator","Rhizosphere soil","Dsol","AS032"
2025-10-16,"Dickeya",89,"right",5,"right5",1,52,2,0,1,"Actinobacteriota","Actinobacteria","Streptomycetales","Streptomycetaceae","Streptomyces","TSA","Innovator","Rhizosphere soil","Dsol","AS037"
2025-10-16,"Dickeya",90,"left",2,"left2",1,54,2,0,1,"Actinobacteriota","Actinobacteria","Streptomycetales","Streptomycetaceae","Streptomyces","TSA","Innovator","Rhizosphere soil","Dsol","AS041"
2025-10-16,"Dickeya",90,"left",3,"left3",1,55,2,0,1,"Actinobacteriota","Actinobacteria","Streptomycetales","Streptomycetaceae","Streptomyces","ARE","Innovator","Rhizosphere soil","Dsol","AS046"
2025-10-16,"Dickeya",90,"left",4,"left4",1,56,2,0,1,"Actinobacteriota","Actinobacteria","Streptomycetales","Streptomycetaceae","Streptomyces","ARE","Innovator","Rhizosphere soil","Dsol","AS053"
2025-10-16,"Dickeya",90,"left",5,"left5",1,57,2,0,1,"Actinobacteriota","Actinobacteria","Streptomycetales","Streptomycetaceae","Streptomyces","ARE","Innovator","Rhizosphere soil","Dsol","AS065"
2025-10-16,"Dickeya",90,"left",6,"left6",1,58,2,0,1,"Actinobacteriota","Actinobacteria","Streptomycetales","Streptomycetaceae","Streptomyces","ARE","Innovator","Rhizosphere soil","Dsol","AS073"
2025-10-16,"Dickeya",90,"right",1,"right1",1,61,2,0,1,"Actinobacteriota","Actinobacteria","Streptomycetales","Streptomycetaceae","Streptomyces","ARE","Innovator","Rhizosphere soil","Dsol","AS078"
2025-10-16,"Dickeya",90,"right",2,"right2",1,62,2,0,1,"Actinobacteriota","Actinobacteria","Streptomycetales","Streptomycetaceae","Streptomyces","ARE","Innovator","Rhizosphere soil","Dsol","AS079"
2025-10-16,"Dickeya",90,"right",3,"right3",1,63,2,0,1,"Actinobacteriota","Actinobacteria","Streptomycetales","Streptomycetaceae","Streptomyces","ActIA","Innovator","Rhizosphere soil","Dsol","AS097"
2025-10-16,"Dickeya",90,"right",4,"right4",1,64,2,0,1,"Actinobacteriota","Actinobacteria","Streptomycetales","Streptomycetaceae","Streptomyces","ActIA","Innovator","Rhizosphere soil","Dsol","AS098"
2025-10-16,"Dickeya",90,"right",5,"right5",1,65,2,0,1,"Actinobacteriota","Actinobacteria","Streptomycetales","Streptomycetaceae","Streptomyces","ActIA","Innovator","Rhizosphere soil","Dsol","AS099"
2025-10-16,"Dickeya",91,"left",1,"left1",1,66,2,0,1,"Actinobacteriota","Actinobacteria","Streptomycetales","Streptomycetaceae","Streptomyces","ActIA","Innovator","Rhizosphere soil","Dsol","AS100"
2025-10-16,"Dickeya",91,"left",2,"left2",1,67,2,2,1,"Actinobacteriota","Actinobacteria","Streptomycetales","Streptomycetaceae","Streptomyces","ActIA","Innovator","Rhizosphere soil","Dsol","AS104"
2025-10-16,"Dickeya",91,"left",3,"left3",1,68,2,0,1,"Actinobacteriota","Actinobacteria","Streptomycetales","Streptomycetaceae","Streptomyces","ActIA","Innovator","Rhizosphere soil","Dsol","AS105"
2025-10-16,"Dickeya",91,"left",4,"left4",1,69,2,0,1,"Actinobacteriota","Actinobacteria","Streptomycetales","Streptomycetaceae","Streptomyces","ActIA","Innovator","Rhizosphere soil","Dsol","AS111"
2025-10-16,"Dickeya",91,"left",5,"left5",1,70,2,0,1,"Actinobacteriota","Actinobacteria","Streptomycetales","Streptomycetaceae","Streptomyces","ActIA","Innovator","Rhizosphere soil","Dsol","AS113"
2025-10-16,"Dickeya",91,"left",6,"left6",1,71,2,0,1,"Actinobacteriota","Actinobacteria","Streptomycetales","Streptomycetaceae","Streptomyces","ActIA","Innovator","Rhizosphere soil","Dsol","AS114"
2025-10-16,"Dickeya",91,"left",7,"left7",1,72,2,0,1,"Actinobacteriota","Actinobacteria","Streptomycetales","Streptomycetaceae","Streptomyces","ActIA","Innovator","Rhizosphere soil","Dsol","AS115"
2025-10-16,"Dickeya",91,"left",8,"left8",1,73,2,0,1,"Actinobacteriota","Actinobacteria","Streptomycetales","Streptomycetaceae","Streptomyces","ActIA","Innovator","Rhizosphere soil","Dsol","AS116"
2025-10-16,"Dickeya",91,"right",1,"right1",1,74,2,0,1,"Actinobacteriota","Actinobacteria","Streptomycetales","Streptomycetaceae","Streptomyces","ActIA","Innovator","Rhizosphere soil","Dsol","AS118"
2025-10-16,"Dickeya",91,"right",2,"right2",1,75,2,0,1,"Actinobacteriota","Actinobacteria","Streptomycetales","Streptomycetaceae","Streptomyces","ActIA","Innovator","Rhizosphere soil","Dsol","AS120"
2025-10-16,"Dickeya",91,"right",3,"right3",1,76,2,0,1,"Actinobacteriota","Actinobacteria","Streptomycetales","Streptomycetaceae","Streptomyces","ActIA","Innovator","Rhizosphere soil","Dsol","AS121a"
2025-10-16,"Dickeya",91,"right",4,"right4",1,77,2,0,1,"Actinobacteriota","Actinobacteria","Streptomycetales","Streptomycetaceae","Streptomyces","ActIA","Innovator","Rhizosphere soil","Dsol","AS121c"
2025-10-16,"Dickeya",91,"right",5,"right5",1,78,2,0,1,"Actinobacteriota","Actinobacteria","Streptomycetales","Streptomycetaceae","Streptomyces","ActIA","Innovator","Rhizosphere soil","Dsol","AS131"
2025-10-16,"Dickeya",92,"left",1,"left1",1,79,2,0,1,"Actinobacteriota","Actinobacteria","Streptomycetales","Streptomycetaceae","Streptomyces","ActIA","Innovator","Rhizosphere soil","Dsol","AS136"
2025-10-16,"Dickeya",92,"left",2,"left2",1,80,2,0,1,"Actinobacteriota","Actinobacteria","Streptomycetales","Streptomycetaceae","Streptomyces","ActIA","Innovator","Rhizosphere soil","Dsol","AS139a"
2025-10-16,"Dickeya",92,"left",3,"left3",1,81,2,0,1,"Actinobacteriota","Actinobacteria","Streptomycetales","Streptomycetaceae","Streptomyces","ActIA","Innovator","Rhizosphere soil","Dsol","AS140a"
2025-10-16,"Dickeya",92,"left",4,"left4",1,82,2,0,1,"Actinobacteriota","Actinobacteria","Streptomycetales","Streptomycetaceae","Streptomyces","ActIA","Innovator","Rhizosphere soil","Dsol","AS140b"
2025-10-16,"Dickeya",92,"left",5,"left5",1,83,2,0,1,"Actinobacteriota","Actinobacteria","Streptomycetales","Streptomycetaceae","Streptomyces","ActIA","Innovator","Rhizosphere soil","Dsol","AS141"
2025-10-16,"Dickeya",92,"left",6,"left6",1,84,2,0,1,"Actinobacteriota","Actinobacteria","Streptomycetales","Streptomycetaceae","Streptomyces","ActIA","Innovator","Rhizosphere soil","Dsol","AS142"
2025-10-16,"Dickeya",92,"left",7,"left7",1,85,2,0,1,"Actinobacteriota","Actinobacteria","Streptomycetales","Streptomycetaceae","Streptomyces","ActIA","Innovator","Rhizosphere soil","Dsol","AS143"
2025-10-16,"Dickeya",92,"right",1,"right1",1,87,2,0,1,"Actinobacteriota","Actinobacteria","Streptomycetales","Streptomycetaceae","Streptomyces","ActIA","Innovator","Rhizosphere soil","Dsol","AS145"
2025-10-16,"Dickeya",92,"right",4,"right4",1,90,2,0,1,"Actinobacteriota","Actinobacteria","Streptomycetales","Streptomycetaceae","Streptomyces","ActIA","Bintje","Leaf","Dsol","BL040a"
2025-10-16,"Dickeya",92,"right",5,"right5",1,91,2,0,1,"Actinobacteriota","Actinobacteria","Streptomycetales","Streptomycetaceae","Streptomyces","ActIA","Bintje","Leaf","Dsol","BL040b"
2025-10-16,"Dickeya",93,"left",4,"left4",1,95,2,0,1,"Actinobacteriota","Actinobacteria","Streptomycetales","Streptomycetaceae","Streptomyces","ARE","Bintje","Leaf","Dsol","BL087"
2025-10-16,"Dickeya",93,"left",5,"left5",1,96,2,0,1,"Actinobacteriota","Actinobacteria","Streptomycetales","Streptomycetaceae","Streptomyces","ARE","Bintje","Leaf","Dsol","BL091"
2025-10-16,"Dickeya",93,"left",6,"left6",1,97,2,0,1,"Actinobacteriota","Actinobacteria","Streptomycetales","Streptomycetaceae","Streptomyces","ActIA","Bintje","Root","Dsol","BR044"
2025-10-16,"Dickeya",93,"left",7,"left7",1,98,2,0,1,"Actinobacteriota","Actinobacteria","Streptomycetales","Streptomycetaceae","Streptomyces","ActIA","Bintje","Root","Dsol","BR045"
2025-10-16,"Dickeya",93,"left",8,"left8",1,99,2,0,1,"Actinobacteriota","Actinobacteria","Streptomycetales","Streptomycetaceae","Streptomyces","ActIA","Bintje","Root","Dsol","BR048"
2025-10-16,"Dickeya",93,"right",1,"right1",1,100,2,0,1,"Actinobacteriota","Actinobacteria","Streptomycetales","Streptomycetaceae","Streptomyces","ActIA","Bintje","Root","Dsol","BR051"
2025-10-16,"Dickeya",93,"right",2,"right2",1,101,2,0,1,"Actinobacteriota","Actinobacteria","Streptomycetales","Streptomycetaceae","Streptomyces","ActIA","Bintje","Root","Dsol","BR057"
2025-10-16,"Dickeya",93,"right",3,"right3",1,102,2,0,1,"Actinobacteriota","Actinobacteria","Streptomycetales","Streptomycetaceae","Streptomyces","ActIA","Bintje","Root","Dsol","BR060"
2025-10-16,"Dickeya",93,"right",4,"right4",1,103,2,0,1,"Actinobacteriota","Actinobacteria","Streptomycetales","Streptomycetaceae","Streptomyces","ActIA","Bintje","Root","Dsol","BR061"
2025-10-16,"Dickeya",93,"right",5,"right5",1,104,2,0,1,"Actinobacteriota","Actinobacteria","Streptomycetales","Streptomycetaceae","Streptomyces","ActIA","Bintje","Root","Dsol","BR065"
2025-10-16,"Pectobacterium",94,"left",1,"left1",1,1,2,0,1,"Actinobacteriota","Actinobacteria","Streptomycetales","Streptomycetaceae","Streptomyces","ARE","Innovator","Leaf","Pcar","AL045"
2025-10-16,"Pectobacterium",94,"left",2,"left2",1,2,2,0,1,"Actinobacteriota","Actinobacteria","Streptomycetales","Streptomycetaceae","Streptomyces","ARE","Innovator","Leaf","Pcar","AL058"
2025-10-16,"Pectobacterium",94,"left",3,"left3",1,3,2,0,1,"Actinobacteriota","Actinobacteria","Streptomycetales","Streptomycetaceae","Streptomyces","ARE","Innovator","Leaf","Pcar","AL067"
2025-10-16,"Pectobacterium",94,"left",4,"left4",1,4,2,0,1,"Actinobacteriota","Actinobacteria","Streptomycetales","Streptomycetaceae","Streptomyces","ActIA","Innovator","Leaf","Pcar","AL071"
2025-10-16,"Pectobacterium",94,"left",5,"left5",1,5,2,0,1,"Actinobacteriota","Actinobacteria","Streptomycetales","Streptomycetaceae","Streptomyces","ActIA","Innovator","Leaf","Pcar","AL074"
2025-10-16,"Pectobacterium",94,"left",6,"left6",1,6,2,0,1,"Actinobacteriota","Actinobacteria","Streptomycetales","Streptomycetaceae","Streptomyces","ActIA","Innovator","Leaf","Pcar","AL083"
2025-10-16,"Pectobacterium",94,"left",7,"left7",1,7,2,0,1,"Actinobacteriota","Actinobacteria","Streptomycetales","Streptomycetaceae","Streptomyces","TSA","Innovator","Root","Pcar","AR003"
2025-10-16,"Pectobacterium",94,"left",8,"left8",1,8,2,0,1,"Actinobacteriota","Actinobacteria","Streptomycetales","Streptomycetaceae","Streptomyces","TSA","Innovator","Root","Pcar","AR004"
2025-10-16,"Pectobacterium",94,"right",1,"right1",1,9,2,0,1,"Actinobacteriota","Actinobacteria","Streptomycetales","Streptomycetaceae","Streptomyces","TSA","Innovator","Root","Pcar","AR006"
2025-10-16,"Pectobacterium",94,"right",3,"right3",1,11,2,0,1,"Actinobacteriota","Actinobacteria","Streptomycetales","Streptomycetaceae","Streptomyces","TSA","Innovator","Root","Pcar","AR011"
2025-10-16,"Pectobacterium",94,"right",4,"right4",1,12,2,0,1,"Actinobacteriota","Actinobacteria","Streptomycetales","Streptomycetaceae","Streptomyces","TSA","Innovator","Root","Pcar","AR012"
2025-10-16,"Pectobacterium",94,"right",5,"right5",1,13,2,0,1,"Actinobacteriota","Actinobacteria","Streptomycetales","Streptomycetaceae","Streptomyces","TSA","Innovator","Root","Pcar","AR013"
2025-10-16,"Pectobacterium",95,"left",1,"left1",1,14,2,1,1,"Actinobacteriota","Actinobacteria","Streptomycetales","Streptomycetaceae","Streptomyces","TSA","Innovator","Root","Pcar","AR014"
2025-10-16,"Pectobacterium",95,"left",2,"left2",1,15,2,0,1,"Actinobacteriota","Actinobacteria","Streptomycetales","Streptomycetaceae","Streptomyces","TSA","Innovator","Root","Pcar","AR018"
2025-10-16,"Pectobacterium",95,"left",3,"left3",1,16,2,1,1,"Actinobacteriota","Actinobacteria","Streptomycetales","Streptomycetaceae","Streptomyces","TSA","Innovator","Root","Pcar","AR020"
2025-10-16,"Pectobacterium",95,"left",4,"left4",1,17,2,0,1,"Actinobacteriota","Actinobacteria","Streptomycetales","Streptomycetaceae","Streptomyces","TSA","Innovator","Root","Pcar","AR027"
2025-10-16,"Pectobacterium",95,"left",5,"left5",1,18,2,0,1,"Actinobacteriota","Actinobacteria","Streptomycetales","Streptomycetaceae","Streptomyces","TSA","Innovator","Root","Pcar","AR029"
2025-10-16,"Pectobacterium",95,"left",6,"left6",1,19,2,0,1,"Actinobacteriota","Actinobacteria","Streptomycetales","Streptomycetaceae","Streptomyces","TSA","Innovator","Root","Pcar","AR030"
2025-10-16,"Pectobacterium",95,"left",8,"left8",1,21,2,0,1,"Actinobacteriota","Actinobacteria","Streptomycetales","Streptomycetaceae","Streptomyces","TSA","Innovator","Root","Pcar","AR033"
2025-10-16,"Pectobacterium",95,"right",1,"right1",1,22,2,0,1,"Actinobacteriota","Actinobacteria","Streptomycetales","Streptomycetaceae","Streptomyces","TSA","Innovator","Root","Pcar","AR034"
2025-10-16,"Pectobacterium",95,"right",2,"right2",1,23,2,0,1,"Actinobacteriota","Actinobacteria","Streptomycetales","Streptomycetaceae","Streptomyces","TSA","Innovator","Root","Pcar","AR036"
2025-10-16,"Pectobacterium",95,"right",3,"right3",1,24,2,0,1,"Actinobacteriota","Actinobacteria","Streptomycetales","Streptomycetaceae","Streptomyces","TSA","Innovator","Root","Pcar","AR038b"
2025-10-16,"Pectobacterium",95,"right",5,"right5",1,26,2,0,1,"Actinobacteriota","Actinobacteria","Streptomycetales","Streptomycetaceae","Streptomyces","TSA","Innovator","Root","Pcar","AR044"
2025-10-16,"Pectobacterium",96,"left",1,"left1",1,27,2,0,1,"Actinobacteriota","Actinobacteria","Streptomycetales","Streptomycetaceae","Streptomyces","TSA","Innovator","Root","Pcar","AR050"
2025-10-16,"Pectobacterium",96,"left",2,"left2",1,28,2,1,1,"Actinobacteriota","Actinobacteria","Streptomycetales","Streptomycetaceae","Streptomyces","ARE","Innovator","Root","Pcar","AR062"
2025-10-16,"Pectobacterium",96,"left",3,"left3",1,29,2,0,1,"Actinobacteriota","Actinobacteria","Streptomycetales","Streptomycetaceae","Streptomyces","ARE","Innovator","Root","Pcar","AR065"
2025-10-16,"Pectobacterium",96,"left",4,"left4",1,30,2,0,1,"Actinobacteriota","Actinobacteria","Streptomycetales","Streptomycetaceae","Streptomyces","ARE","Innovator","Root","Pcar","AR069"
2025-10-16,"Pectobacterium",96,"left",5,"left5",1,31,2,0,1,"Actinobacteriota","Actinobacteria","Streptomycetales","Streptomycetaceae","Streptomyces","ARE","Innovator","Root","Pcar","AR072"
2025-10-16,"Pectobacterium",96,"left",6,"left6",1,32,2,0,1,"Actinobacteriota","Actinobacteria","Streptomycetales","Streptomycetaceae","Streptomyces","ARE","Innovator","Root","Pcar","AR082"
2025-10-16,"Pectobacterium",96,"left",7,"left7",1,33,2,0,1,"Actinobacteriota","Actinobacteria","Streptomycetales","Streptomycetaceae","Streptomyces","ARE","Innovator","Root","Pcar","AR083b"
2025-10-16,"Pectobacterium",96,"left",8,"left8",1,34,2,0,1,"Actinobacteriota","Actinobacteria","Streptomycetales","Streptomycetaceae","Streptomyces","ARE","Innovator","Root","Pcar","AR085"
2025-10-16,"Pectobacterium",96,"right",1,"right1",1,35,2,0,1,"Actinobacteriota","Actinobacteria","Streptomycetales","Streptomycetaceae","Streptomyces","ActIA","Innovator","Root","Pcar","AR091"
2025-10-16,"Pectobacterium",96,"right",2,"right2",1,36,2,1,1,"Actinobacteriota","Actinobacteria","Streptomycetales","Streptomycetaceae","Streptomyces","ActIA","Innovator","Root","Pcar","AR092b"
2025-10-16,"Pectobacterium",96,"right",3,"right3",1,37,2,1,1,"Actinobacteriota","Actinobacteria","Streptomycetales","Streptomycetaceae","Streptomyces","ActIA","Innovator","Root","Pcar","AR094"
2025-10-16,"Pectobacterium",96,"right",4,"right4",1,38,2,0,1,"Actinobacteriota","Actinobacteria","Streptomycetales","Streptomycetaceae","Streptomyces","ActIA","Innovator","Root","Pcar","AR108"
2025-10-16,"Pectobacterium",96,"right",5,"right5",1,39,2,0,1,"Actinobacteriota","Actinobacteria","Streptomycetales","Streptomycetaceae","Streptomyces","ActIA","Innovator","Root","Pcar","AR109"
2025-10-16,"Pectobacterium",97,"left",2,"left2",1,41,2,0,1,"Actinobacteriota","Actinobacteria","Streptomycetales","Streptomycetaceae","Streptomyces","ActIA","Innovator","Root","Pcar","AR113"
2025-10-16,"Pectobacterium",97,"left",3,"left3",1,42,2,0,1,"Actinobacteriota","Actinobacteria","Streptomycetales","Streptomycetaceae","Streptomyces","ActIA","Innovator","Root","Pcar","AR115"
2025-10-16,"Pectobacterium",97,"left",4,"left4",1,43,2,0,1,"Actinobacteriota","Actinobacteria","Streptomycetales","Streptomycetaceae","Streptomyces","ActIA","Innovator","Root","Pcar","AR124"
2025-10-16,"Pectobacterium",97,"left",5,"left5",1,44,2,0,1,"Actinobacteriota","Actinobacteria","Streptomycetales","Streptomycetaceae","Streptomyces","ActIA","Innovator","Root","Pcar","AR170"
2025-10-16,"Pectobacterium",97,"left",6,"left6",1,45,2,0,1,"Actinobacteriota","Actinobacteria","Streptomycetales","Streptomycetaceae","Streptomyces","TSA","Innovator","Rhizosphere soil","Pcar","AS002"
2025-10-16,"Pectobacterium",97,"left",7,"left7",1,46,2,0,1,"Actinobacteriota","Actinobacteria","Streptomycetales","Streptomycetaceae","Streptomyces","TSA","Innovator","Rhizosphere soil","Pcar","AS004"
2025-10-16,"Pectobacterium",97,"left",8,"left8",1,47,2,0,1,"Actinobacteriota","Actinobacteria","Streptomycetales","Streptomycetaceae","Streptomyces","TSA","Innovator","Rhizosphere soil","Pcar","AS007"
2025-10-16,"Pectobacterium",97,"right",1,"right1",1,48,2,0,1,"Actinobacteriota","Actinobacteria","Streptomycetales","Streptomycetaceae","Streptomyces","TSA","Innovator","Rhizosphere soil","Pcar","AS008"
2025-10-16,"Pectobacterium",97,"right",2,"right2",1,49,2,0,1,"Actinobacteriota","Actinobacteria","Streptomycetales","Streptomycetaceae","Streptomyces","TSA","Innovator","Rhizosphere soil","Pcar","AS014"
2025-10-16,"Pectobacterium",97,"right",3,"right3",1,50,2,0,1,"Actinobacteriota","Actinobacteria","Streptomycetales","Streptomycetaceae","Streptomyces","TSA","Innovator","Rhizosphere soil","Pcar","AS020"
2025-10-16,"Pectobacterium",97,"right",4,"right4",1,51,2,0,1,"Actinobacteriota","Actinobacteria","Streptomycetales","Streptomycetaceae","Streptomyces","TSA","Innovator","Rhizosphere soil","Pcar","AS032"
2025-10-16,"Pectobacterium",97,"right",5,"right5",1,52,2,0,1,"Actinobacteriota","Actinobacteria","Streptomycetales","Streptomycetaceae","Streptomyces","TSA","Innovator","Rhizosphere soil","Pcar","AS037"
2025-10-16,"Pectobacterium",98,"left",2,"left2",1,54,2,0,1,"Actinobacteriota","Actinobacteria","Streptomycetales","Streptomycetaceae","Streptomyces","TSA","Innovator","Rhizosphere soil","Pcar","AS041"
2025-10-16,"Pectobacterium",98,"left",3,"left3",1,55,2,0,1,"Actinobacteriota","Actinobacteria","Streptomycetales","Streptomycetaceae","Streptomyces","ARE","Innovator","Rhizosphere soil","Pcar","AS046"
2025-10-16,"Pectobacterium",98,"left",4,"left4",1,56,2,0,1,"Actinobacteriota","Actinobacteria","Streptomycetales","Streptomycetaceae","Streptomyces","ARE","Innovator","Rhizosphere soil","Pcar","AS053"
2025-10-16,"Pectobacterium",98,"left",5,"left5",1,57,2,0,1,"Actinobacteriota","Actinobacteria","Streptomycetales","Streptomycetaceae","Streptomyces","ARE","Innovator","Rhizosphere soil","Pcar","AS065"
2025-10-16,"Pectobacterium",98,"left",6,"left6",1,58,2,0,1,"Actinobacteriota","Actinobacteria","Streptomycetales","Streptomycetaceae","Streptomyces","ARE","Innovator","Rhizosphere soil","Pcar","AS073"
2025-10-16,"Pectobacterium",98,"right",1,"right1",1,61,2,0,1,"Actinobacteriota","Actinobacteria","Streptomycetales","Streptomycetaceae","Streptomyces","ARE","Innovator","Rhizosphere soil","Pcar","AS078"
2025-10-16,"Pectobacterium",98,"right",2,"right2",1,62,2,0,1,"Actinobacteriota","Actinobacteria","Streptomycetales","Streptomycetaceae","Streptomyces","ARE","Innovator","Rhizosphere soil","Pcar","AS079"
2025-10-16,"Pectobacterium",98,"right",3,"right3",1,63,2,0,1,"Actinobacteriota","Actinobacteria","Streptomycetales","Streptomycetaceae","Streptomyces","ActIA","Innovator","Rhizosphere soil","Pcar","AS097"
2025-10-16,"Pectobacterium",98,"right",4,"right4",1,64,2,0,1,"Actinobacteriota","Actinobacteria","Streptomycetales","Streptomycetaceae","Streptomyces","ActIA","Innovator","Rhizosphere soil","Pcar","AS098"
2025-10-16,"Pectobacterium",98,"right",5,"right5",1,65,2,0,1,"Actinobacteriota","Actinobacteria","Streptomycetales","Streptomycetaceae","Streptomyces","ActIA","Innovator","Rhizosphere soil","Pcar","AS099"
2025-10-16,"Pectobacterium",99,"left",1,"left1",1,66,2,0,1,"Actinobacteriota","Actinobacteria","Streptomycetales","Streptomycetaceae","Streptomyces","ActIA","Innovator","Rhizosphere soil","Pcar","AS100"
2025-10-16,"Pectobacterium",99,"left",2,"left2",1,67,2,3,1,"Actinobacteriota","Actinobacteria","Streptomycetales","Streptomycetaceae","Streptomyces","ActIA","Innovator","Rhizosphere soil","Pcar","AS104"
2025-10-16,"Pectobacterium",99,"left",3,"left3",1,68,2,0,1,"Actinobacteriota","Actinobacteria","Streptomycetales","Streptomycetaceae","Streptomyces","ActIA","Innovator","Rhizosphere soil","Pcar","AS105"
2025-10-16,"Pectobacterium",99,"left",4,"left4",1,69,2,0,1,"Actinobacteriota","Actinobacteria","Streptomycetales","Streptomycetaceae","Streptomyces","ActIA","Innovator","Rhizosphere soil","Pcar","AS111"
2025-10-16,"Pectobacterium",99,"left",5,"left5",1,70,2,0,1,"Actinobacteriota","Actinobacteria","Streptomycetales","Streptomycetaceae","Streptomyces","ActIA","Innovator","Rhizosphere soil","Pcar","AS113"
2025-10-16,"Pectobacterium",99,"left",6,"left6",1,71,2,0,1,"Actinobacteriota","Actinobacteria","Streptomycetales","Streptomycetaceae","Streptomyces","ActIA","Innovator","Rhizosphere soil","Pcar","AS114"
2025-10-16,"Pectobacterium",99,"left",7,"left7",1,72,2,0,1,"Actinobacteriota","Actinobacteria","Streptomycetales","Streptomycetaceae","Streptomyces","ActIA","Innovator","Rhizosphere soil","Pcar","AS115"
2025-10-16,"Pectobacterium",99,"left",8,"left8",1,73,2,0,1,"Actinobacteriota","Actinobacteria","Streptomycetales","Streptomycetaceae","Streptomyces","ActIA","Innovator","Rhizosphere soil","Pcar","AS116"
2025-10-16,"Pectobacterium",99,"right",1,"right1",1,74,2,0,1,"Actinobacteriota","Actinobacteria","Streptomycetales","Streptomycetaceae","Streptomyces","ActIA","Innovator","Rhizosphere soil","Pcar","AS118"
2025-10-16,"Pectobacterium",99,"right",2,"right2",1,75,2,0,1,"Actinobacteriota","Actinobacteria","Streptomycetales","Streptomycetaceae","Streptomyces","ActIA","Innovator","Rhizosphere soil","Pcar","AS120"
2025-10-16,"Pectobacterium",99,"right",3,"right3",1,76,2,0,1,"Actinobacteriota","Actinobacteria","Streptomycetales","Streptomycetaceae","Streptomyces","ActIA","Innovator","Rhizosphere soil","Pcar","AS121a"
2025-10-16,"Pectobacterium",99,"right",4,"right4",1,77,2,0,1,"Actinobacteriota","Actinobacteria","Streptomycetales","Streptomycetaceae","Streptomyces","ActIA","Innovator","Rhizosphere soil","Pcar","AS121c"
2025-10-16,"Pectobacterium",99,"right",5,"right5",1,78,2,0,1,"Actinobacteriota","Actinobacteria","Streptomycetales","Streptomycetaceae","Streptomyces","ActIA","Innovator","Rhizosphere soil","Pcar","AS131"
2025-10-16,"Pectobacterium",100,"left",1,"left1",1,79,2,0,1,"Actinobacteriota","Actinobacteria","Streptomycetales","Streptomycetaceae","Streptomyces","ActIA","Innovator","Rhizosphere soil","Pcar","AS136"
2025-10-16,"Pectobacterium",100,"left",2,"left2",1,80,2,0,1,"Actinobacteriota","Actinobacteria","Streptomycetales","Streptomycetaceae","Streptomyces","ActIA","Innovator","Rhizosphere soil","Pcar","AS139a"
2025-10-16,"Pectobacterium",100,"left",3,"left3",1,81,2,0,1,"Actinobacteriota","Actinobacteria","Streptomycetales","Streptomycetaceae","Streptomyces","ActIA","Innovator","Rhizosphere soil","Pcar","AS140a"
2025-10-16,"Pectobacterium",100,"left",4,"left4",1,82,2,0,1,"Actinobacteriota","Actinobacteria","Streptomycetales","Streptomycetaceae","Streptomyces","ActIA","Innovator","Rhizosphere soil","Pcar","AS140b"
2025-10-16,"Pectobacterium",100,"left",5,"left5",1,83,2,0,1,"Actinobacteriota","Actinobacteria","Streptomycetales","Streptomycetaceae","Streptomyces","ActIA","Innovator","Rhizosphere soil","Pcar","AS141"
2025-10-16,"Pectobacterium",100,"left",6,"left6",1,84,2,0,1,"Actinobacteriota","Actinobacteria","Streptomycetales","Streptomycetaceae","Streptomyces","ActIA","Innovator","Rhizosphere soil","Pcar","AS142"
2025-10-16,"Pectobacterium",100,"left",7,"left7",1,85,2,0,1,"Actinobacteriota","Actinobacteria","Streptomycetales","Streptomycetaceae","Streptomyces","ActIA","Innovator","Rhizosphere soil","Pcar","AS143"
2025-10-16,"Pectobacterium",100,"right",1,"right1",1,87,2,0,1,"Actinobacteriota","Actinobacteria","Streptomycetales","Streptomycetaceae","Streptomyces","ActIA","Innovator","Rhizosphere soil","Pcar","AS145"
2025-10-16,"Pectobacterium",100,"right",4,"right4",1,90,2,0,1,"Actinobacteriota","Actinobacteria","Streptomycetales","Streptomycetaceae","Streptomyces","ActIA","Bintje","Leaf","Pcar","BL040a"
2025-10-16,"Pectobacterium",100,"right",5,"right5",1,91,2,0,1,"Actinobacteriota","Actinobacteria","Streptomycetales","Streptomycetaceae","Streptomyces","ActIA","Bintje","Leaf","Pcar","BL040b"
2025-10-16,"Pectobacterium",101,"left",4,"left4",1,95,2,0,1,"Actinobacteriota","Actinobacteria","Streptomycetales","Streptomycetaceae","Streptomyces","ARE","Bintje","Leaf","Pcar","BL087"
2025-10-16,"Pectobacterium",101,"left",5,"left5",1,96,2,0,1,"Actinobacteriota","Actinobacteria","Streptomycetales","Streptomycetaceae","Streptomyces","ARE","Bintje","Leaf","Pcar","BL091"
2025-10-16,"Pectobacterium",101,"left",6,"left6",1,97,2,0,1,"Actinobacteriota","Actinobacteria","Streptomycetales","Streptomycetaceae","Streptomyces","ActIA","Bintje","Root","Pcar","BR044"
2025-10-16,"Pectobacterium",101,"left",7,"left7",1,98,2,0,1,"Actinobacteriota","Actinobacteria","Streptomycetales","Streptomycetaceae","Streptomyces","ActIA","Bintje","Root","Pcar","BR045"
2025-10-16,"Pectobacterium",101,"left",8,"left8",1,99,2,0,1,"Actinobacteriota","Actinobacteria","Streptomycetales","Streptomycetaceae","Streptomyces","ActIA","Bintje","Root","Pcar","BR048"
2025-10-16,"Pectobacterium",101,"right",1,"right1",1,100,2,0,1,"Actinobacteriota","Actinobacteria","Streptomycetales","Streptomycetaceae","Streptomyces","ActIA","Bintje","Root","Pcar","BR051"
2025-10-16,"Pectobacterium",101,"right",2,"right2",1,101,2,0,1,"Actinobacteriota","Actinobacteria","Streptomycetales","Streptomycetaceae","Streptomyces","ActIA","Bintje","Root","Pcar","BR057"
2025-10-16,"Pectobacterium",101,"right",3,"right3",1,102,2,0,1,"Actinobacteriota","Actinobacteria","Streptomycetales","Streptomycetaceae","Streptomyces","ActIA","Bintje","Root","Pcar","BR060"
2025-10-16,"Pectobacterium",101,"right",4,"right4",1,103,2,1,1,"Actinobacteriota","Actinobacteria","Streptomycetales","Streptomycetaceae","Streptomyces","ActIA","Bintje","Root","Pcar","BR061"
2025-10-16,"Pectobacterium",101,"right",5,"right5",1,104,2,0,1,"Actinobacteriota","Actinobacteria","Streptomycetales","Streptomycetaceae","Streptomyces","ActIA","Bintje","Root","Pcar","BR065"
2025-11-07,"Alternaria",102,"left",1,"left1",1,1,2,0,1,"Actinobacteriota","Actinobacteria","Streptomycetales","Streptomycetaceae","Streptomyces","ARE","Innovator","Leaf","Asol","AL045"
2025-11-07,"Alternaria",102,"left",2,"left2",1,2,2,0,1,"Actinobacteriota","Actinobacteria","Streptomycetales","Streptomycetaceae","Streptomyces","ARE","Innovator","Leaf","Asol","AL058"
2025-11-07,"Alternaria",102,"left",3,"left3",1,3,2,0,1,"Actinobacteriota","Actinobacteria","Streptomycetales","Streptomycetaceae","Streptomyces","ARE","Innovator","Leaf","Asol","AL067"
2025-11-07,"Alternaria",102,"left",4,"left4",1,4,2,0,1,"Actinobacteriota","Actinobacteria","Streptomycetales","Streptomycetaceae","Streptomyces","ActIA","Innovator","Leaf","Asol","AL071"
2025-11-07,"Alternaria",102,"left",5,"left5",1,5,2,0,1,"Actinobacteriota","Actinobacteria","Streptomycetales","Streptomycetaceae","Streptomyces","ActIA","Innovator","Leaf","Asol","AL074"
2025-11-07,"Alternaria",102,"left",6,"left6",1,6,2,0,1,"Actinobacteriota","Actinobacteria","Streptomycetales","Streptomycetaceae","Streptomyces","ActIA","Innovator","Leaf","Asol","AL083"
2025-11-07,"Alternaria",102,"left",7,"left7",1,7,2,0,1,"Actinobacteriota","Actinobacteria","Streptomycetales","Streptomycetaceae","Streptomyces","TSA","Innovator","Root","Asol","AR003"
2025-11-07,"Alternaria",102,"left",8,"left8",1,8,2,0,1,"Actinobacteriota","Actinobacteria","Streptomycetales","Streptomycetaceae","Streptomyces","TSA","Innovator","Root","Asol","AR004"
2025-11-07,"Alternaria",102,"right",1,"right1",1,9,2,2,1,"Actinobacteriota","Actinobacteria","Streptomycetales","Streptomycetaceae","Streptomyces","TSA","Innovator","Root","Asol","AR006"
2025-11-07,"Alternaria",102,"right",3,"right3",1,11,2,0,1,"Actinobacteriota","Actinobacteria","Streptomycetales","Streptomycetaceae","Streptomyces","TSA","Innovator","Root","Asol","AR011"
2025-11-07,"Alternaria",102,"right",4,"right4",1,12,2,0,1,"Actinobacteriota","Actinobacteria","Streptomycetales","Streptomycetaceae","Streptomyces","TSA","Innovator","Root","Asol","AR012"
2025-11-07,"Alternaria",102,"right",5,"right5",1,13,2,0,1,"Actinobacteriota","Actinobacteria","Streptomycetales","Streptomycetaceae","Streptomyces","TSA","Innovator","Root","Asol","AR013"
2025-11-07,"Alternaria",103,"left",1,"left1",1,14,2,1,1,"Actinobacteriota","Actinobacteria","Streptomycetales","Streptomycetaceae","Streptomyces","TSA","Innovator","Root","Asol","AR014"
2025-11-07,"Alternaria",103,"left",2,"left2",1,15,2,0,1,"Actinobacteriota","Actinobacteria","Streptomycetales","Streptomycetaceae","Streptomyces","TSA","Innovator","Root","Asol","AR018"
2025-11-07,"Alternaria",103,"left",3,"left3",1,16,2,3,1,"Actinobacteriota","Actinobacteria","Streptomycetales","Streptomycetaceae","Streptomyces","TSA","Innovator","Root","Asol","AR020"
2025-11-07,"Alternaria",103,"left",4,"left4",1,17,2,0,1,"Actinobacteriota","Actinobacteria","Streptomycetales","Streptomycetaceae","Streptomyces","TSA","Innovator","Root","Asol","AR027"
2025-11-07,"Alternaria",103,"left",5,"left5",1,18,2,0,1,"Actinobacteriota","Actinobacteria","Streptomycetales","Streptomycetaceae","Streptomyces","TSA","Innovator","Root","Asol","AR029"
2025-11-07,"Alternaria",103,"left",6,"left6",1,19,2,0,1,"Actinobacteriota","Actinobacteria","Streptomycetales","Streptomycetaceae","Streptomyces","TSA","Innovator","Root","Asol","AR030"
2025-11-07,"Alternaria",103,"left",8,"left8",1,21,2,0,1,"Actinobacteriota","Actinobacteria","Streptomycetales","Streptomycetaceae","Streptomyces","TSA","Innovator","Root","Asol","AR033"
2025-11-07,"Alternaria",103,"right",1,"right1",1,22,2,0,1,"Actinobacteriota","Actinobacteria","Streptomycetales","Streptomycetaceae","Streptomyces","TSA","Innovator","Root","Asol","AR034"
2025-11-07,"Alternaria",103,"right",2,"right2",1,23,2,9,1,"Actinobacteriota","Actinobacteria","Streptomycetales","Streptomycetaceae","Streptomyces","TSA","Innovator","Root","Asol","AR036"
2025-11-07,"Alternaria",103,"right",3,"right3",1,24,2,4,1,"Actinobacteriota","Actinobacteria","Streptomycetales","Streptomycetaceae","Streptomyces","TSA","Innovator","Root","Asol","AR038b"
2025-11-07,"Alternaria",103,"right",5,"right5",1,26,2,0,1,"Actinobacteriota","Actinobacteria","Streptomycetales","Streptomycetaceae","Streptomyces","TSA","Innovator","Root","Asol","AR044"
2025-11-07,"Alternaria",104,"left",1,"left1",1,27,2,0,1,"Actinobacteriota","Actinobacteria","Streptomycetales","Streptomycetaceae","Streptomyces","TSA","Innovator","Root","Asol","AR050"
2025-11-07,"Alternaria",104,"left",2,"left2",1,28,2,0,1,"Actinobacteriota","Actinobacteria","Streptomycetales","Streptomycetaceae","Streptomyces","ARE","Innovator","Root","Asol","AR062"
2025-11-07,"Alternaria",104,"left",3,"left3",1,29,2,1,1,"Actinobacteriota","Actinobacteria","Streptomycetales","Streptomycetaceae","Streptomyces","ARE","Innovator","Root","Asol","AR065"
2025-11-07,"Alternaria",104,"left",4,"left4",1,30,2,0,1,"Actinobacteriota","Actinobacteria","Streptomycetales","Streptomycetaceae","Streptomyces","ARE","Innovator","Root","Asol","AR069"
2025-11-07,"Alternaria",104,"left",5,"left5",1,31,2,9,1,"Actinobacteriota","Actinobacteria","Streptomycetales","Streptomycetaceae","Streptomyces","ARE","Innovator","Root","Asol","AR072"
2025-11-07,"Alternaria",104,"left",6,"left6",1,32,2,4,1,"Actinobacteriota","Actinobacteria","Streptomycetales","Streptomycetaceae","Streptomyces","ARE","Innovator","Root","Asol","AR082"
2025-11-07,"Alternaria",104,"left",7,"left7",1,33,2,9,1,"Actinobacteriota","Actinobacteria","Streptomycetales","Streptomycetaceae","Streptomyces","ARE","Innovator","Root","Asol","AR083b"
2025-11-07,"Alternaria",104,"left",8,"left8",1,34,2,0,1,"Actinobacteriota","Actinobacteria","Streptomycetales","Streptomycetaceae","Streptomyces","ARE","Innovator","Root","Asol","AR085"
2025-11-07,"Alternaria",104,"right",1,"right1",1,35,2,0,1,"Actinobacteriota","Actinobacteria","Streptomycetales","Streptomycetaceae","Streptomyces","ActIA","Innovator","Root","Asol","AR091"
2025-11-07,"Alternaria",104,"right",2,"right2",1,36,2,0,1,"Actinobacteriota","Actinobacteria","Streptomycetales","Streptomycetaceae","Streptomyces","ActIA","Innovator","Root","Asol","AR092b"
2025-11-07,"Alternaria",104,"right",3,"right3",1,37,2,2,1,"Actinobacteriota","Actinobacteria","Streptomycetales","Streptomycetaceae","Streptomyces","ActIA","Innovator","Root","Asol","AR094"
2025-11-07,"Alternaria",104,"right",4,"right4",1,38,2,0,1,"Actinobacteriota","Actinobacteria","Streptomycetales","Streptomycetaceae","Streptomyces","ActIA","Innovator","Root","Asol","AR108"
2025-11-07,"Alternaria",104,"right",5,"right5",1,39,2,0,1,"Actinobacteriota","Actinobacteria","Streptomycetales","Streptomycetaceae","Streptomyces","ActIA","Innovator","Root","Asol","AR109"
2025-11-07,"Alternaria",105,"left",2,"left2",1,41,2,2,1,"Actinobacteriota","Actinobacteria","Streptomycetales","Streptomycetaceae","Streptomyces","ActIA","Innovator","Root","Asol","AR113"
2025-11-07,"Alternaria",105,"left",3,"left3",1,42,2,2,1,"Actinobacteriota","Actinobacteria","Streptomycetales","Streptomycetaceae","Streptomyces","ActIA","Innovator","Root","Asol","AR115"
2025-11-07,"Alternaria",105,"left",4,"left4",1,43,2,2,1,"Actinobacteriota","Actinobacteria","Streptomycetales","Streptomycetaceae","Streptomyces","ActIA","Innovator","Root","Asol","AR124"
2025-11-07,"Alternaria",105,"left",5,"left5",1,44,2,0,1,"Actinobacteriota","Actinobacteria","Streptomycetales","Streptomycetaceae","Streptomyces","ActIA","Innovator","Root","Asol","AR170"
2025-11-07,"Alternaria",105,"left",6,"left6",1,45,2,0,1,"Actinobacteriota","Actinobacteria","Streptomycetales","Streptomycetaceae","Streptomyces","TSA","Innovator","Rhizosphere soil","Asol","AS002"
2025-11-07,"Alternaria",105,"left",7,"left7",1,46,2,0,1,"Actinobacteriota","Actinobacteria","Streptomycetales","Streptomycetaceae","Streptomyces","TSA","Innovator","Rhizosphere soil","Asol","AS004"
2025-11-07,"Alternaria",105,"left",8,"left8",1,47,2,0,1,"Actinobacteriota","Actinobacteria","Streptomycetales","Streptomycetaceae","Streptomyces","TSA","Innovator","Rhizosphere soil","Asol","AS007"
2025-11-07,"Alternaria",105,"right",1,"right1",1,48,2,2,1,"Actinobacteriota","Actinobacteria","Streptomycetales","Streptomycetaceae","Streptomyces","TSA","Innovator","Rhizosphere soil","Asol","AS008"
2025-11-07,"Alternaria",105,"right",2,"right2",1,49,2,0,1,"Actinobacteriota","Actinobacteria","Streptomycetales","Streptomycetaceae","Streptomyces","TSA","Innovator","Rhizosphere soil","Asol","AS014"
2025-11-07,"Alternaria",105,"right",3,"right3",1,50,2,1,1,"Actinobacteriota","Actinobacteria","Streptomycetales","Streptomycetaceae","Streptomyces","TSA","Innovator","Rhizosphere soil","Asol","AS020"
2025-11-07,"Alternaria",105,"right",4,"right4",1,51,2,0,1,"Actinobacteriota","Actinobacteria","Streptomycetales","Streptomycetaceae","Streptomyces","TSA","Innovator","Rhizosphere soil","Asol","AS032"
2025-11-07,"Alternaria",105,"right",5,"right5",1,52,2,0,1,"Actinobacteriota","Actinobacteria","Streptomycetales","Streptomycetaceae","Streptomyces","TSA","Innovator","Rhizosphere soil","Asol","AS037"
2025-11-07,"Alternaria",106,"left",2,"left2",1,54,2,0,1,"Actinobacteriota","Actinobacteria","Streptomycetales","Streptomycetaceae","Streptomyces","TSA","Innovator","Rhizosphere soil","Asol","AS041"
2025-11-07,"Alternaria",106,"left",3,"left3",1,55,2,0,1,"Actinobacteriota","Actinobacteria","Streptomycetales","Streptomycetaceae","Streptomyces","ARE","Innovator","Rhizosphere soil","Asol","AS046"
2025-11-07,"Alternaria",106,"left",4,"left4",1,56,2,1,1,"Actinobacteriota","Actinobacteria","Streptomycetales","Streptomycetaceae","Streptomyces","ARE","Innovator","Rhizosphere soil","Asol","AS053"
2025-11-07,"Alternaria",106,"left",5,"left5",1,57,2,1,1,"Actinobacteriota","Actinobacteria","Streptomycetales","Streptomycetaceae","Streptomyces","ARE","Innovator","Rhizosphere soil","Asol","AS065"
2025-11-07,"Alternaria",106,"left",6,"left6",1,58,2,1,1,"Actinobacteriota","Actinobacteria","Streptomycetales","Streptomycetaceae","Streptomyces","ARE","Innovator","Rhizosphere soil","Asol","AS073"
2025-11-07,"Alternaria",106,"right",1,"right1",1,61,2,2,1,"Actinobacteriota","Actinobacteria","Streptomycetales","Streptomycetaceae","Streptomyces","ARE","Innovator","Rhizosphere soil","Asol","AS078"
2025-11-07,"Alternaria",106,"right",2,"right2",1,62,2,0,1,"Actinobacteriota","Actinobacteria","Streptomycetales","Streptomycetaceae","Streptomyces","ARE","Innovator","Rhizosphere soil","Asol","AS079"
2025-11-07,"Alternaria",106,"right",3,"right3",1,63,2,1,1,"Actinobacteriota","Actinobacteria","Streptomycetales","Streptomycetaceae","Streptomyces","ActIA","Innovator","Rhizosphere soil","Asol","AS097"
2025-11-07,"Alternaria",106,"right",4,"right4",1,64,2,1,1,"Actinobacteriota","Actinobacteria","Streptomycetales","Streptomycetaceae","Streptomyces","ActIA","Innovator","Rhizosphere soil","Asol","AS098"
2025-11-07,"Alternaria",106,"right",5,"right5",1,65,2,0,1,"Actinobacteriota","Actinobacteria","Streptomycetales","Streptomycetaceae","Streptomyces","ActIA","Innovator","Rhizosphere soil","Asol","AS099"
2025-11-07,"Alternaria",107,"left",1,"left1",1,66,2,0,1,"Actinobacteriota","Actinobacteria","Streptomycetales","Streptomycetaceae","Streptomyces","ActIA","Innovator","Rhizosphere soil","Asol","AS100"
2025-11-07,"Alternaria",107,"left",2,"left2",1,67,2,2,1,"Actinobacteriota","Actinobacteria","Streptomycetales","Streptomycetaceae","Streptomyces","ActIA","Innovator","Rhizosphere soil","Asol","AS104"
2025-11-07,"Alternaria",107,"left",3,"left3",1,68,2,0,1,"Actinobacteriota","Actinobacteria","Streptomycetales","Streptomycetaceae","Streptomyces","ActIA","Innovator","Rhizosphere soil","Asol","AS105"
2025-11-07,"Alternaria",107,"left",4,"left4",1,69,2,1,1,"Actinobacteriota","Actinobacteria","Streptomycetales","Streptomycetaceae","Streptomyces","ActIA","Innovator","Rhizosphere soil","Asol","AS111"
2025-11-07,"Alternaria",107,"left",5,"left5",1,70,2,1,1,"Actinobacteriota","Actinobacteria","Streptomycetales","Streptomycetaceae","Streptomyces","ActIA","Innovator","Rhizosphere soil","Asol","AS113"
2025-11-07,"Alternaria",107,"left",6,"left6",1,71,2,1,1,"Actinobacteriota","Actinobacteria","Streptomycetales","Streptomycetaceae","Streptomyces","ActIA","Innovator","Rhizosphere soil","Asol","AS114"
2025-11-07,"Alternaria",107,"left",7,"left7",1,72,2,0,1,"Actinobacteriota","Actinobacteria","Streptomycetales","Streptomycetaceae","Streptomyces","ActIA","Innovator","Rhizosphere soil","Asol","AS115"
2025-11-07,"Alternaria",107,"left",8,"left8",1,73,2,0,1,"Actinobacteriota","Actinobacteria","Streptomycetales","Streptomycetaceae","Streptomyces","ActIA","Innovator","Rhizosphere soil","Asol","AS116"
2025-11-07,"Alternaria",107,"right",1,"right1",1,74,2,0,1,"Actinobacteriota","Actinobacteria","Streptomycetales","Streptomycetaceae","Streptomyces","ActIA","Innovator","Rhizosphere soil","Asol","AS118"
2025-11-07,"Alternaria",107,"right",2,"right2",1,75,2,1,1,"Actinobacteriota","Actinobacteria","Streptomycetales","Streptomycetaceae","Streptomyces","ActIA","Innovator","Rhizosphere soil","Asol","AS120"
2025-11-07,"Alternaria",107,"right",3,"right3",1,76,2,0,1,"Actinobacteriota","Actinobacteria","Streptomycetales","Streptomycetaceae","Streptomyces","ActIA","Innovator","Rhizosphere soil","Asol","AS121a"
2025-11-07,"Alternaria",107,"right",4,"right4",1,77,2,2,1,"Actinobacteriota","Actinobacteria","Streptomycetales","Streptomycetaceae","Streptomyces","ActIA","Innovator","Rhizosphere soil","Asol","AS121c"
2025-11-07,"Alternaria",107,"right",5,"right5",1,78,2,2,1,"Actinobacteriota","Actinobacteria","Streptomycetales","Streptomycetaceae","Streptomyces","ActIA","Innovator","Rhizosphere soil","Asol","AS131"
2025-11-07,"Alternaria",108,"left",1,"left1",1,79,2,0,1,"Actinobacteriota","Actinobacteria","Streptomycetales","Streptomycetaceae","Streptomyces","ActIA","Innovator","Rhizosphere soil","Asol","AS136"
2025-11-07,"Alternaria",108,"left",2,"left2",1,80,2,0,1,"Actinobacteriota","Actinobacteria","Streptomycetales","Streptomycetaceae","Streptomyces","ActIA","Innovator","Rhizosphere soil","Asol","AS139a"
2025-11-07,"Alternaria",108,"left",3,"left3",1,81,2,0,1,"Actinobacteriota","Actinobacteria","Streptomycetales","Streptomycetaceae","Streptomyces","ActIA","Innovator","Rhizosphere soil","Asol","AS140a"
2025-11-07,"Alternaria",108,"left",4,"left4",1,82,2,0,1,"Actinobacteriota","Actinobacteria","Streptomycetales","Streptomycetaceae","Streptomyces","ActIA","Innovator","Rhizosphere soil","Asol","AS140b"
2025-11-07,"Alternaria",108,"left",5,"left5",1,83,2,0,1,"Actinobacteriota","Actinobacteria","Streptomycetales","Streptomycetaceae","Streptomyces","ActIA","Innovator","Rhizosphere soil","Asol","AS141"
2025-11-07,"Alternaria",108,"left",6,"left6",1,84,2,0,1,"Actinobacteriota","Actinobacteria","Streptomycetales","Streptomycetaceae","Streptomyces","ActIA","Innovator","Rhizosphere soil","Asol","AS142"
2025-11-07,"Alternaria",108,"left",7,"left7",1,85,2,0,1,"Actinobacteriota","Actinobacteria","Streptomycetales","Streptomycetaceae","Streptomyces","ActIA","Innovator","Rhizosphere soil","Asol","AS143"
2025-11-07,"Alternaria",108,"right",1,"right1",1,87,2,0,1,"Actinobacteriota","Actinobacteria","Streptomycetales","Streptomycetaceae","Streptomyces","ActIA","Innovator","Rhizosphere soil","Asol","AS145"
2025-11-07,"Alternaria",108,"right",4,"right4",1,90,2,2,1,"Actinobacteriota","Actinobacteria","Streptomycetales","Streptomycetaceae","Streptomyces","ActIA","Bintje","Leaf","Asol","BL040a"
2025-11-07,"Alternaria",108,"right",5,"right5",1,91,2,0,1,"Actinobacteriota","Actinobacteria","Streptomycetales","Streptomycetaceae","Streptomyces","ActIA","Bintje","Leaf","Asol","BL040b"
2025-11-07,"Alternaria",109,"left",4,"left4",1,95,2,0,1,"Actinobacteriota","Actinobacteria","Streptomycetales","Streptomycetaceae","Streptomyces","ARE","Bintje","Leaf","Asol","BL087"
2025-11-07,"Alternaria",109,"left",5,"left5",1,96,2,1,1,"Actinobacteriota","Actinobacteria","Streptomycetales","Streptomycetaceae","Streptomyces","ARE","Bintje","Leaf","Asol","BL091"
2025-11-07,"Alternaria",109,"left",6,"left6",1,97,2,1,1,"Actinobacteriota","Actinobacteria","Streptomycetales","Streptomycetaceae","Streptomyces","ActIA","Bintje","Root","Asol","BR044"
2025-11-07,"Alternaria",109,"left",7,"left7",1,98,2,2,1,"Actinobacteriota","Actinobacteria","Streptomycetales","Streptomycetaceae","Streptomyces","ActIA","Bintje","Root","Asol","BR045"
2025-11-07,"Alternaria",109,"left",8,"left8",1,99,2,0,1,"Actinobacteriota","Actinobacteria","Streptomycetales","Streptomycetaceae","Streptomyces","ActIA","Bintje","Root","Asol","BR048"
2025-11-07,"Alternaria",109,"right",1,"right1",1,100,2,0,1,"Actinobacteriota","Actinobacteria","Streptomycetales","Streptomycetaceae","Streptomyces","ActIA","Bintje","Root","Asol","BR051"
2025-11-07,"Alternaria",109,"right",2,"right2",1,101,2,0,1,"Actinobacteriota","Actinobacteria","Streptomycetales","Streptomycetaceae","Streptomyces","ActIA","Bintje","Root","Asol","BR057"
2025-11-07,"Alternaria",109,"right",3,"right3",1,102,2,0,1,"Actinobacteriota","Actinobacteria","Streptomycetales","Streptomycetaceae","Streptomyces","ActIA","Bintje","Root","Asol","BR060"
2025-11-07,"Alternaria",109,"right",4,"right4",1,103,2,1,1,"Actinobacteriota","Actinobacteria","Streptomycetales","Streptomycetaceae","Streptomyces","ActIA","Bintje","Root","Asol","BR061"
2025-11-07,"Alternaria",109,"right",5,"right5",1,104,2,2,1,"Actinobacteriota","Actinobacteria","Streptomycetales","Streptomycetaceae","Streptomyces","ActIA","Bintje","Root","Asol","BR065"
2025-11-20,"Dickeya",118,"left",1,"left1",1,105,2,1,1,"Actinobacteriota","Actinobacteria","Streptomycetales","Streptomycetaceae","Streptomyces","ActIA","Bintje","Root","Dsol","BR068"
2025-11-20,"Dickeya",118,"left",2,"left2",1,106,2,0,1,"Actinobacteriota","Actinobacteria","Streptomycetales","Streptomycetaceae","Streptomyces","ActIA","Bintje","Root","Dsol","BR070"
2025-11-20,"Dickeya",118,"left",3,"left3",1,107,2,0,1,"Actinobacteriota","Actinobacteria","Streptomycetales","Streptomycetaceae","Streptomyces","ActIA","Bintje","Root","Dsol","BR074"
2025-11-20,"Dickeya",118,"left",4,"left4",1,108,2,0,1,"Actinobacteriota","Actinobacteria","Streptomycetales","Streptomycetaceae","Streptomyces","ActIA","Bintje","Root","Dsol","BR079"
2025-11-20,"Dickeya",118,"left",8,"left8",1,112,2,0,1,"Actinobacteriota","Actinobacteria","Streptomycetales","Streptomycetaceae","Streptomyces","TSA","Bintje","Root","Dsol","BR092a"
2025-11-20,"Dickeya",118,"right",3,"right3",1,115,2,0,1,"Actinobacteriota","Actinobacteria","Streptomycetales","Streptomycetaceae","Streptomyces","TSA","Bintje","Root","Dsol","BR097"
2025-11-20,"Dickeya",118,"right",4,"right4",1,116,2,0,1,"Actinobacteriota","Actinobacteria","Streptomycetales","Streptomycetaceae","Streptomyces","TSA","Bintje","Root","Dsol","BR104"
2025-11-20,"Dickeya",118,"right",5,"right5",1,117,2,0,1,"Actinobacteriota","Actinobacteria","Streptomycetales","Streptomycetaceae","Streptomyces","TSA","Bintje","Root","Dsol","BR111"
2025-11-20,"Dickeya",119,"left",1,"left1",1,118,2,0,1,"Actinobacteriota","Actinobacteria","Streptomycetales","Streptomycetaceae","Streptomyces","TSA","Bintje","Root","Dsol","BR113"
2025-11-20,"Dickeya",119,"left",2,"left2",1,119,2,0,1,"Actinobacteriota","Actinobacteria","Streptomycetales","Streptomycetaceae","Streptomyces","TSA","Bintje","Root","Dsol","BR114"
2025-11-20,"Dickeya",119,"left",3,"left3",1,120,2,0,1,"Actinobacteriota","Actinobacteria","Streptomycetales","Streptomycetaceae","Streptomyces","TSA","Bintje","Root","Dsol","BR117"
2025-11-20,"Dickeya",119,"left",4,"left4",1,121,2,0,1,"Actinobacteriota","Actinobacteria","Streptomycetales","Streptomycetaceae","Streptomyces","TSA","Bintje","Root","Dsol","BR131"
2025-11-20,"Dickeya",119,"left",5,"left5",1,122,2,0,1,"Actinobacteriota","Actinobacteria","Streptomycetales","Streptomycetaceae","Streptomyces","TSA","Bintje","Root","Dsol","BR132"
2025-11-20,"Dickeya",119,"left",6,"left6",1,123,2,0,1,"Actinobacteriota","Actinobacteria","Streptomycetales","Streptomycetaceae","Streptomyces","ARE","Bintje","Root","Dsol","BR142"
2025-11-20,"Dickeya",119,"left",7,"left7",1,124,2,0,1,"Actinobacteriota","Actinobacteria","Streptomycetales","Streptomycetaceae","Streptomyces","ARE","Bintje","Root","Dsol","BR143"
2025-11-20,"Dickeya",119,"left",8,"left8",1,125,2,0,1,"Actinobacteriota","Actinobacteria","Streptomycetales","Streptomycetaceae","Streptomyces","ARE","Bintje","Root","Dsol","BR163"
2025-11-20,"Dickeya",119,"right",1,"right1",1,126,2,2,1,"Actinobacteriota","Actinobacteria","Streptomycetales","Streptomycetaceae","Streptomyces","ARE","Bintje","Root","Dsol","BR159"
2025-11-20,"Dickeya",119,"right",2,"right2",1,127,2,0,1,"Actinobacteriota","Actinobacteria","Streptomycetales","Streptomycetaceae","Streptomyces","ARE","Bintje","Root","Dsol","BR164"
2025-11-20,"Dickeya",119,"right",3,"right3",1,128,2,0,1,"Actinobacteriota","Actinobacteria","Streptomycetales","Streptomycetaceae","Streptomyces","ARE","Bintje","Root","Dsol","BR165"
2025-11-20,"Dickeya",119,"right",4,"right4",1,129,2,0,1,"Actinobacteriota","Actinobacteria","Streptomycetales","Streptomycetaceae","Streptomyces","ActIA","Bintje","Rhizosphere soil","Dsol","BS078"
2025-11-20,"Dickeya",119,"right",5,"right5",1,130,2,0,1,"Actinobacteriota","Actinobacteria","Streptomycetales","Streptomycetaceae","Streptomyces","ActIA","Bintje","Rhizosphere soil","Dsol","BS082"
2025-11-20,"Dickeya",120,"left",1,"left1",1,131,2,0,1,"Actinobacteriota","Actinobacteria","Streptomycetales","Streptomycetaceae","Streptomyces","ActIA","Bintje","Rhizosphere soil","Dsol","BS084"
2025-11-20,"Dickeya",120,"left",2,"left2",1,132,2,0,1,"Actinobacteriota","Actinobacteria","Streptomycetales","Streptomycetaceae","Streptomyces","ActIA","Bintje","Rhizosphere soil","Dsol","BS085"
2025-11-20,"Dickeya",120,"left",3,"left3",1,133,2,2,1,"Actinobacteriota","Actinobacteria","Streptomycetales","Streptomycetaceae","Streptomyces","ActIA","Bintje","Rhizosphere soil","Dsol","BS086"
2025-11-20,"Dickeya",120,"left",4,"left4",1,134,2,0,1,"Actinobacteriota","Actinobacteria","Streptomycetales","Streptomycetaceae","Streptomyces","ActIA","Bintje","Rhizosphere soil","Dsol","BS089"
2025-11-20,"Dickeya",120,"left",5,"left5",1,135,2,0,1,"Actinobacteriota","Actinobacteria","Streptomycetales","Streptomycetaceae","Streptomyces","ActIA","Bintje","Rhizosphere soil","Dsol","BS090"
2025-11-20,"Dickeya",120,"left",7,"left7",1,137,2,0,1,"Actinobacteriota","Actinobacteria","Streptomycetales","Streptomycetaceae","Streptomyces","ActIA","Bintje","Rhizosphere soil","Dsol","BS093b"
2025-11-20,"Dickeya",120,"left",8,"left8",1,138,2,0,1,"Actinobacteriota","Actinobacteria","Streptomycetales","Streptomycetaceae","Streptomyces","ActIA","Bintje","Rhizosphere soil","Dsol","BS093c"
2025-11-20,"Dickeya",120,"right",1,"right1",1,139,2,0,1,"Actinobacteriota","Actinobacteria","Streptomycetales","Streptomycetaceae","Streptomyces","ActIA","Bintje","Rhizosphere soil","Dsol","BS096"
2025-11-20,"Dickeya",120,"right",2,"right2",1,140,2,3,1,"Actinobacteriota","Actinobacteria","Streptomycetales","Streptomycetaceae","Streptomyces","ActIA","Bintje","Rhizosphere soil","Dsol","BS097a"
2025-11-20,"Dickeya",120,"right",3,"right3",1,141,2,0,1,"Actinobacteriota","Actinobacteria","Streptomycetales","Streptomycetaceae","Streptomyces","ActIA","Bintje","Rhizosphere soil","Dsol","BS112"
2025-11-20,"Dickeya",120,"right",4,"right4",1,142,2,0,1,"Actinobacteriota","Actinobacteria","Streptomycetales","Streptomycetaceae","Streptomyces","ActIA","Bintje","Rhizosphere soil","Dsol","BS115"
2025-11-20,"Dickeya",121,"left",1,"left1",1,144,2,2,1,"Actinobacteriota","Actinobacteria","Streptomycetales","Streptomycetaceae","Streptomyces","ActIA","Bintje","Rhizosphere soil","Dsol","BS128"
2025-11-20,"Dickeya",121,"left",2,"left2",1,145,2,0,1,"Actinobacteriota","Actinobacteria","Streptomycetales","Streptomycetaceae","Streptomyces","ActIA","Bintje","Rhizosphere soil","Dsol","BS129b"
2025-11-20,"Dickeya",121,"left",3,"left3",1,146,2,0,1,"Actinobacteriota","Actinobacteria","Streptomycetales","Streptomycetaceae","Streptomyces","ActIA","Bintje","Rhizosphere soil","Dsol","BS136"
2025-11-20,"Dickeya",121,"left",5,"left5",1,148,2,0,1,"Actinobacteriota","Actinobacteria","Streptomycetales","Streptomycetaceae","Streptomyces","ActIA","Bintje","Rhizosphere soil","Dsol","BS137a"
2025-11-20,"Dickeya",121,"left",6,"left6",1,149,2,0,1,"Actinobacteriota","Actinobacteria","Streptomycetales","Streptomycetaceae","Streptomyces","ActIA","Bintje","Rhizosphere soil","Dsol","BS137b"
2025-11-20,"Dickeya",121,"left",7,"left7",1,150,2,0,1,"Actinobacteriota","Actinobacteria","Streptomycetales","Streptomycetaceae","Streptomyces","TSA","Bintje","Rhizosphere soil","Dsol","BS140b"
2025-11-20,"Dickeya",121,"left",8,"left8",1,151,2,0,1,"Actinobacteriota","Actinobacteria","Streptomycetales","Streptomycetaceae","Streptomyces","TSA","Bintje","Rhizosphere soil","Dsol","BS145"
2025-11-20,"Dickeya",121,"right",1,"right1",1,152,2,0,1,"Actinobacteriota","Actinobacteria","Streptomycetales","Streptomycetaceae","Streptomyces","TSA","Bintje","Rhizosphere soil","Dsol","BS148"
2025-11-20,"Dickeya",121,"right",2,"right2",1,153,2,0,1,"Actinobacteriota","Actinobacteria","Streptomycetales","Streptomycetaceae","Streptomyces","TSA","Bintje","Rhizosphere soil","Dsol","BS149"
2025-11-20,"Dickeya",121,"right",4,"right4",1,155,2,0,1,"Actinobacteriota","Actinobacteria","Streptomycetales","Streptomycetaceae","Streptomyces","TSA","Bintje","Rhizosphere soil","Dsol","BS152"
2025-11-20,"Dickeya",121,"right",5,"right5",1,156,2,0,1,"Actinobacteriota","Actinobacteria","Streptomycetales","Streptomycetaceae","Streptomyces","TSA","Bintje","Rhizosphere soil","Dsol","BS155"
2025-11-20,"Dickeya",122,"left",1,"left1",1,157,2,0,1,"Actinobacteriota","Actinobacteria","Streptomycetales","Streptomycetaceae","Streptomyces","TSA","Bintje","Rhizosphere soil","Dsol","BS159"
2025-11-20,"Dickeya",122,"left",2,"left2",1,158,2,0,1,"Actinobacteriota","Actinobacteria","Streptomycetales","Streptomycetaceae","Streptomyces","TSA","Bintje","Rhizosphere soil","Dsol","BS160"
2025-11-20,"Dickeya",122,"left",3,"left3",1,159,2,0,1,"Actinobacteriota","Actinobacteria","Streptomycetales","Streptomycetaceae","Streptomyces","TSA","Bintje","Rhizosphere soil","Dsol","BS166"
2025-11-20,"Dickeya",122,"left",4,"left4",1,160,2,0,1,"Actinobacteriota","Actinobacteria","Streptomycetales","Streptomycetaceae","Streptomyces","TSA","Bintje","Rhizosphere soil","Dsol","BS167"
2025-11-20,"Dickeya",122,"left",5,"left5",1,161,2,0,1,"Actinobacteriota","Actinobacteria","Streptomycetales","Streptomycetaceae","Streptomyces","TSA","Bintje","Rhizosphere soil","Dsol","BS185"
2025-11-20,"Dickeya",122,"left",6,"left6",1,162,2,0,1,"Actinobacteriota","Actinobacteria","Streptomycetales","Streptomycetaceae","Streptomyces","TSA","Bintje","Rhizosphere soil","Dsol","BS188"
2025-11-20,"Dickeya",122,"left",7,"left7",1,163,2,0,1,"Actinobacteriota","Actinobacteria","Streptomycetales","Streptomycetaceae","Streptomyces","TSA","Bintje","Rhizosphere soil","Dsol","BS195b"
2025-11-20,"Dickeya",122,"left",8,"left8",1,164,2,0,1,"Actinobacteriota","Actinobacteria","Streptomycetales","Streptomycetaceae","Streptomyces","TSA","Bintje","Rhizosphere soil","Dsol","BS197b"
2025-11-20,"Dickeya",122,"right",1,"right1",1,165,2,0,1,"Actinobacteriota","Actinobacteria","Streptomycetales","Streptomycetaceae","Streptomyces","TSA","Bintje","Rhizosphere soil","Dsol","BS202"
2025-11-20,"Dickeya",122,"right",2,"right2",1,166,2,0,1,"Actinobacteriota","Actinobacteria","Streptomycetales","Streptomycetaceae","Streptomyces","TSA","Bintje","Rhizosphere soil","Dsol","BS204"
2025-11-20,"Dickeya",122,"right",3,"right3",1,167,2,0,1,"Actinobacteriota","Actinobacteria","Streptomycetales","Streptomycetaceae","Streptomyces","TSA","Bintje","Rhizosphere soil","Dsol","BS204a"
2025-11-20,"Dickeya",122,"right",4,"right4",1,168,2,0,1,"Actinobacteriota","Actinobacteria","Streptomycetales","Streptomycetaceae","Streptomyces","TSA","Bintje","Rhizosphere soil","Dsol","BS205"
2025-11-20,"Dickeya",122,"right",5,"right5",1,169,2,0,1,"Actinobacteriota","Actinobacteria","Streptomycetales","Streptomycetaceae","Streptomyces","TSA","Bintje","Rhizosphere soil","Dsol","BS207"
2025-11-20,"Dickeya",123,"left",1,"left1",1,170,2,0,1,"Actinobacteriota","Actinobacteria","Streptomycetales","Streptomycetaceae","Streptomyces","ARE","Bintje","Rhizosphere soil","Dsol","BS211"
2025-11-20,"Dickeya",123,"left",2,"left2",1,171,2,0,1,"Actinobacteriota","Actinobacteria","Streptomycetales","Streptomycetaceae","Streptomyces","ARE","Bintje","Rhizosphere soil","Dsol","BS212"
2025-11-20,"Dickeya",123,"left",3,"left3",1,172,2,0,1,"Actinobacteriota","Actinobacteria","Streptomycetales","Streptomycetaceae","Streptomyces","ARE","Bintje","Rhizosphere soil","Dsol","BS213"
2025-11-20,"Dickeya",123,"left",4,"left4",1,173,2,0,1,"Actinobacteriota","Actinobacteria","Streptomycetales","Streptomycetaceae","Streptomyces","ARE","Bintje","Rhizosphere soil","Dsol","BS214"
2025-11-20,"Dickeya",123,"left",5,"left5",1,174,2,0,1,"Actinobacteriota","Actinobacteria","Streptomycetales","Streptomycetaceae","Streptomyces","ARE","Bintje","Rhizosphere soil","Dsol","BS215a"
2025-11-20,"Dickeya",123,"left",7,"left7",1,176,2,0,1,"Actinobacteriota","Actinobacteria","Streptomycetales","Streptomycetaceae","Streptomyces","ARE","Bintje","Rhizosphere soil","Dsol","BS217"
2025-11-20,"Dickeya",123,"left",8,"left8",1,177,2,0,1,"Actinobacteriota","Actinobacteria","Streptomycetales","Streptomycetaceae","Streptomyces","ARE","Bintje","Rhizosphere soil","Dsol","BS218"
2025-11-20,"Dickeya",123,"right",2,"right2",1,179,2,0,1,"Actinobacteriota","Actinobacteria","Streptomycetales","Streptomycetaceae","Streptomyces","ARE","Bintje","Rhizosphere soil","Dsol","BS219c"
2025-11-20,"Dickeya",123,"right",3,"right3",1,180,2,0,1,"Actinobacteriota","Actinobacteria","Streptomycetales","Streptomycetaceae","Streptomyces","ARE","Bintje","Rhizosphere soil","Dsol","BS220"
2025-11-20,"Dickeya",123,"right",4,"right4",1,181,2,0,1,"Actinobacteriota","Actinobacteria","Streptomycetales","Streptomycetaceae","Streptomyces","ARE","Bintje","Rhizosphere soil","Dsol","BS226"
2025-11-20,"Dickeya",123,"right",5,"right5",1,182,2,0,1,"Actinobacteriota","Actinobacteria","Streptomycetales","Streptomycetaceae","Streptomyces","ARE","Bintje","Rhizosphere soil","Dsol","BS227"
2025-11-20,"Dickeya",124,"left",2,"left2",1,184,2,0,1,"Actinobacteriota","Actinobacteria","Streptomycetales","Streptomycetaceae","Streptomyces","ARE","Bintje","Rhizosphere soil","Dsol","BS234"
2025-11-20,"Dickeya",124,"left",3,"left3",1,185,2,0,1,"Actinobacteriota","Actinobacteria","Streptomycetales","Streptomycetaceae","Streptomyces","ARE","Bintje","Rhizosphere soil","Dsol","BS238"
2025-11-20,"Dickeya",124,"left",4,"left4",1,186,2,0,1,"Actinobacteriota","Actinobacteria","Streptomycetales","Streptomycetaceae","Streptomyces","ActIA","Innovator","Root","Dsol","AR101"
2025-11-20,"Dickeya",124,"right",1,"right1",1,187,2,0,1,"Actinobacteriota","Actinobacteria","Streptomycetales","Streptomycetaceae","Streptomyces","ActIA","Bintje","Rhizosphere soil","Dsol","BS093a"
2025-11-20,"Dickeya",124,"right",2,"right2",1,188,2,0,1,"Actinobacteriota","Actinobacteria","Streptomycetales","Streptomycetaceae","Streptomyces","ActIA","Innovator","Root","Dsol","AR121"
2025-11-20,"Dickeya",125,"left",2,"left2",2,2,2,1,1,"Actinobacteriota","Actinobacteria","Streptomycetales","Streptomycetaceae","Streptomyces","TSA","Innovator","Root","Dsol","AR015"
2025-11-20,"Dickeya",125,"left",3,"left3",2,3,2,3,1,"Actinobacteriota","Actinobacteria","Streptomycetales","Streptomycetaceae","Streptomyces","TSA","Innovator","Root","Dsol","AR019"
2025-11-20,"Dickeya",125,"left",4,"left4",2,4,2,0,1,"Actinobacteriota","Actinobacteria","Streptomycetales","Streptomycetaceae","Streptomyces","TSA","Innovator","Root","Dsol","AR031"
2025-11-20,"Dickeya",125,"left",5,"left5",2,5,2,0,1,"Actinobacteriota","Actinobacteria","Streptomycetales","Streptomycetaceae","Streptomyces","TSA","Innovator","Root","Dsol","AR040"
2025-11-20,"Dickeya",125,"left",7,"left7",2,7,2,0,1,"Actinobacteriota","Actinobacteria","Streptomycetales","Streptomycetaceae","Streptomyces","TSA","Innovator","Root","Dsol","AR045"
2025-11-20,"Dickeya",125,"left",8,"left8",2,8,2,0,1,"Actinobacteriota","Actinobacteria","Streptomycetales","Streptomycetaceae","Streptomyces","ARE","Innovator","Root","Dsol","AR064"
2025-11-20,"Dickeya",125,"right",1,"right1",2,9,2,0,1,"Actinobacteriota","Actinobacteria","Streptomycetales","Streptomycetaceae","Streptomyces","ARE","Innovator","Root","Dsol","AR083c"
2025-11-20,"Dickeya",125,"right",2,"right2",2,10,2,0,1,"Actinobacteriota","Actinobacteria","Streptomycetales","Streptomycetaceae","Streptomyces","ARE","Innovator","Root","Dsol","AR083d"
2025-11-20,"Dickeya",125,"right",3,"right3",2,11,2,0,1,"Actinobacteriota","Actinobacteria","Streptomycetales","Streptomycetaceae","Streptomyces","ActIA","Innovator","Root","Dsol","AR092"
2025-11-20,"Dickeya",125,"right",4,"right4",2,12,2,0,0,"Actinobacteriota","Actinobacteria","Streptomycetales","Streptomycetaceae","Streptomyces","ActIA","Innovator","Root","Dsol","AR127"
2025-11-20,"Dickeya",125,"right",5,"right5",2,13,2,0,1,"Actinobacteriota","Actinobacteria","Streptomycetales","Streptomycetaceae","Streptomyces","TSA","Innovator","Rhizosphere soil","Dsol","AS005"
2025-11-20,"Dickeya",126,"left",1,"left1",2,14,2,0,1,"Actinobacteriota","Actinobacteria","Propionibacteriales","Nocardioidaceae","Nocardioides","TSA","Innovator","Rhizosphere soil","Dsol","AS010"
2025-11-20,"Dickeya",126,"left",2,"left2",2,15,2,0,1,"Actinobacteriota","Actinobacteria","Streptomycetales","Streptomycetaceae","Streptomyces","ARE","Innovator","Rhizosphere soil","Dsol","AS048"
2025-11-20,"Dickeya",126,"left",5,"left5",2,18,2,0,1,"Actinobacteriota","Actinobacteria","Propionibacteriales","Nocardioidaceae","Nocardioides","ActIA","Innovator","Rhizosphere soil","Dsol","AS106"
2025-11-20,"Dickeya",126,"left",6,"left6",2,19,2,0,1,"Actinobacteriota","Actinobacteria","Corynebacteriales","Nocardiaceae","Nocardia","ActIA","Innovator","Rhizosphere soil","Dsol","AS107"
2025-11-20,"Dickeya",126,"left",7,"left7",2,20,2,0,1,"Actinobacteriota","Actinobacteria","Propionibacteriales","Nocardioidaceae","Nocardioides","ActIA","Innovator","Rhizosphere soil","Dsol","AS108"
2025-11-20,"Dickeya",126,"left",8,"left8",2,21,2,0,1,"Actinobacteriota","Actinobacteria","Streptomycetales","Streptomycetaceae","Streptomyces","ActIA","Innovator","Rhizosphere soil","Dsol","AS112"
2025-11-20,"Dickeya",126,"right",1,"right1",2,22,2,0,1,"Actinobacteriota","Actinobacteria","Propionibacteriales","Nocardioidaceae","Nocardioides","ActIA","Innovator","Rhizosphere soil","Dsol","AS121b"
2025-11-20,"Dickeya",126,"right",2,"right2",2,23,2,0,1,"Actinobacteriota","Actinobacteria","Corynebacteriales","Nocardiaceae","Nocardia","ActIA","Innovator","Rhizosphere soil","Dsol","AS127"
2025-11-20,"Dickeya",126,"right",3,"right3",2,24,2,0,1,"Actinobacteriota","Actinobacteria","Propionibacteriales","Nocardioidaceae","Nocardioides","ActIA","Innovator","Rhizosphere soil","Dsol","AS133"
2025-11-20,"Dickeya",126,"right",5,"right5",2,26,2,0,1,"Actinobacteriota","Actinobacteria","Propionibacteriales","Nocardioidaceae","Nocardioides","ActIA","Bintje","Leaf","Dsol","BL047a"
2025-11-20,"Dickeya",127,"left",1,"left1",2,27,2,0,1,"Actinobacteriota","Actinobacteria","Streptomycetales","Streptomycetaceae","Streptomyces","ActIA","Bintje","Root","Dsol","BR063"
2025-11-20,"Dickeya",127,"left",2,"left2",2,28,2,0,1,"Actinobacteriota","Actinobacteria","Propionibacteriales","Nocardioidaceae","Nocardioides","ActIA","Bintje","Root","Dsol","BR081"
2025-11-20,"Dickeya",127,"left",3,"left3",2,29,2,0,1,"Actinobacteriota","Actinobacteria","Streptomycetales","Streptomycetaceae","Streptomyces","ActIA","Bintje","Root","Dsol","BR084"
2025-11-20,"Dickeya",127,"left",5,"left5",2,31,2,1,1,"Actinobacteriota","Actinobacteria","Streptomycetales","Streptomycetaceae","Streptomyces","ActIA","Bintje","Root","Dsol","BR085"
2025-11-20,"Dickeya",127,"left",7,"left7",2,33,2,0,1,"Actinobacteriota","Actinobacteria","Streptomycetales","Streptomycetaceae","Streptomyces","TSA","Bintje","Root","Dsol","BR092b"
2025-11-20,"Dickeya",127,"left",8,"left8",2,34,2,0,1,"Actinobacteriota","Actinobacteria","Streptomycetales","Streptomycetaceae","Streptomyces","TSA","Bintje","Root","Dsol","BR123"
2025-11-20,"Dickeya",127,"right",1,"right1",2,35,2,0,1,"Actinobacteriota","Actinobacteria","Corynebacteriales","Nocardiaceae","Nocardia","ARE","Bintje","Root","Dsol","BR162"
2025-11-20,"Dickeya",127,"right",3,"right3",2,37,2,0,1,"Actinobacteriota","Actinobacteria","Propionibacteriales","Nocardioidaceae","Nocardioides","ActIA","Bintje","Rhizosphere soil","Dsol","BS088"
2025-11-20,"Dickeya",127,"right",5,"right5",2,39,2,0,1,"Actinobacteriota","Actinobacteria","Propionibacteriales","Nocardioidaceae","Nocardioides","TSA","Bintje","Rhizosphere soil","Dsol","BS157"
2025-11-20,"Dickeya",128,"left",1,"left1",2,40,2,0,1,"Actinobacteriota","Actinobacteria","Streptomycetales","Streptomycetaceae","Streptomyces","TSA","Bintje","Rhizosphere soil","Dsol","BS184"
2025-11-20,"Dickeya",128,"left",3,"left3",2,42,2,0,1,"Actinobacteriota","Actinobacteria","Streptomycetales","Streptomycetaceae","Streptomyces","TSA","Bintje","Rhizosphere soil","Dsol","BS195a"
2025-11-20,"Dickeya",128,"left",4,"left4",2,43,2,0,1,"Actinobacteriota","Actinobacteria","Streptomycetales","Streptomycetaceae","Streptomyces","TSA","Bintje","Rhizosphere soil","Dsol","BS197a"
2025-11-20,"Dickeya",128,"left",5,"left5",2,44,2,0,1,"Actinobacteriota","Actinobacteria","Streptomycetales","Streptomycetaceae","Streptomyces","TSA","Bintje","Rhizosphere soil","Dsol","BS198"
2025-11-20,"Dickeya",128,"left",7,"left7",2,46,2,0,1,"Actinobacteriota","Actinobacteria","Streptomycetales","Streptomycetaceae","Streptomyces","ARE","Bintje","Rhizosphere soil","Dsol","BS216a"
2025-11-20,"Dickeya",128,"left",8,"left8",2,47,2,0,1,"Actinobacteriota","Actinobacteria","Streptomycetales","Streptomycetaceae","Streptomyces","ARE","Bintje","Rhizosphere soil","Dsol","BS216c"
2025-11-20,"Dickeya",128,"right",1,"right1",2,48,2,0,1,"Actinobacteriota","Actinobacteria","Streptomycetales","Streptomycetaceae","Streptomyces","ARE","Bintje","Rhizosphere soil","Dsol","BS219b"
2025-11-20,"Dickeya",128,"right",2,"right2",2,49,2,0,1,"Actinobacteriota","Actinobacteria","Corynebacteriales","Nocardiaceae","Nocardia","ARE","Bintje","Rhizosphere soil","Dsol","BS228"
2025-11-20,"Dickeya",128,"right",3,"right3",2,50,2,0,1,"Actinobacteriota","Actinobacteria","Corynebacteriales","Nocardiaceae","Nocardia","ARE","Bintje","Rhizosphere soil","Dsol","BS233"
2025-11-20,"Dickeya",128,"right",4,"right4",2,51,2,0,1,"Actinobacteriota","Actinobacteria","Streptomycetales","Streptomycetaceae","Streptomyces","ARE","Bintje","Rhizosphere soil","Dsol","BS235"
2025-11-20,"Pectobacterium",129,"left",1,"left1",1,105,2,1,1,"Actinobacteriota","Actinobacteria","Streptomycetales","Streptomycetaceae","Streptomyces","ActIA","Bintje","Root","Pcar","BR068"
2025-11-20,"Pectobacterium",129,"left",2,"left2",1,106,2,0,1,"Actinobacteriota","Actinobacteria","Streptomycetales","Streptomycetaceae","Streptomyces","ActIA","Bintje","Root","Pcar","BR070"
2025-11-20,"Pectobacterium",129,"left",3,"left3",1,107,2,0,1,"Actinobacteriota","Actinobacteria","Streptomycetales","Streptomycetaceae","Streptomyces","ActIA","Bintje","Root","Pcar","BR074"
2025-11-20,"Pectobacterium",129,"left",4,"left4",1,108,2,0,1,"Actinobacteriota","Actinobacteria","Streptomycetales","Streptomycetaceae","Streptomyces","ActIA","Bintje","Root","Pcar","BR079"
2025-11-20,"Pectobacterium",129,"left",8,"left8",1,112,2,0,1,"Actinobacteriota","Actinobacteria","Streptomycetales","Streptomycetaceae","Streptomyces","TSA","Bintje","Root","Pcar","BR092a"
2025-11-20,"Pectobacterium",129,"right",3,"right3",1,115,2,0,1,"Actinobacteriota","Actinobacteria","Streptomycetales","Streptomycetaceae","Streptomyces","TSA","Bintje","Root","Pcar","BR097"
2025-11-20,"Pectobacterium",129,"right",4,"right4",1,116,2,0,1,"Actinobacteriota","Actinobacteria","Streptomycetales","Streptomycetaceae","Streptomyces","TSA","Bintje","Root","Pcar","BR104"
2025-11-20,"Pectobacterium",129,"right",5,"right5",1,117,2,0,1,"Actinobacteriota","Actinobacteria","Streptomycetales","Streptomycetaceae","Streptomyces","TSA","Bintje","Root","Pcar","BR111"
2025-11-20,"Pectobacterium",130,"left",1,"left1",1,118,2,0,1,"Actinobacteriota","Actinobacteria","Streptomycetales","Streptomycetaceae","Streptomyces","TSA","Bintje","Root","Pcar","BR113"
2025-11-20,"Pectobacterium",130,"left",2,"left2",1,119,2,0,1,"Actinobacteriota","Actinobacteria","Streptomycetales","Streptomycetaceae","Streptomyces","TSA","Bintje","Root","Pcar","BR114"
2025-11-20,"Pectobacterium",130,"left",3,"left3",1,120,2,0,1,"Actinobacteriota","Actinobacteria","Streptomycetales","Streptomycetaceae","Streptomyces","TSA","Bintje","Root","Pcar","BR117"
2025-11-20,"Pectobacterium",130,"left",4,"left4",1,121,2,0,1,"Actinobacteriota","Actinobacteria","Streptomycetales","Streptomycetaceae","Streptomyces","TSA","Bintje","Root","Pcar","BR131"
2025-11-20,"Pectobacterium",130,"left",5,"left5",1,122,2,0,1,"Actinobacteriota","Actinobacteria","Streptomycetales","Streptomycetaceae","Streptomyces","TSA","Bintje","Root","Pcar","BR132"
2025-11-20,"Pectobacterium",130,"left",6,"left6",1,123,2,0,1,"Actinobacteriota","Actinobacteria","Streptomycetales","Streptomycetaceae","Streptomyces","ARE","Bintje","Root","Pcar","BR142"
2025-11-20,"Pectobacterium",130,"left",7,"left7",1,124,2,0,1,"Actinobacteriota","Actinobacteria","Streptomycetales","Streptomycetaceae","Streptomyces","ARE","Bintje","Root","Pcar","BR143"
2025-11-20,"Pectobacterium",130,"left",8,"left8",1,125,2,0,1,"Actinobacteriota","Actinobacteria","Streptomycetales","Streptomycetaceae","Streptomyces","ARE","Bintje","Root","Pcar","BR163"
2025-11-20,"Pectobacterium",130,"right",1,"right1",1,126,2,2,1,"Actinobacteriota","Actinobacteria","Streptomycetales","Streptomycetaceae","Streptomyces","ARE","Bintje","Root","Pcar","BR159"
2025-11-20,"Pectobacterium",130,"right",2,"right2",1,127,2,0,1,"Actinobacteriota","Actinobacteria","Streptomycetales","Streptomycetaceae","Streptomyces","ARE","Bintje","Root","Pcar","BR164"
2025-11-20,"Pectobacterium",130,"right",3,"right3",1,128,2,0,1,"Actinobacteriota","Actinobacteria","Streptomycetales","Streptomycetaceae","Streptomyces","ARE","Bintje","Root","Pcar","BR165"
2025-11-20,"Pectobacterium",130,"right",4,"right4",1,129,2,0,1,"Actinobacteriota","Actinobacteria","Streptomycetales","Streptomycetaceae","Streptomyces","ActIA","Bintje","Rhizosphere soil","Pcar","BS078"
2025-11-20,"Pectobacterium",130,"right",5,"right5",1,130,2,0,1,"Actinobacteriota","Actinobacteria","Streptomycetales","Streptomycetaceae","Streptomyces","ActIA","Bintje","Rhizosphere soil","Pcar","BS082"
2025-11-20,"Pectobacterium",131,"left",1,"left1",1,131,2,0,1,"Actinobacteriota","Actinobacteria","Streptomycetales","Streptomycetaceae","Streptomyces","ActIA","Bintje","Rhizosphere soil","Pcar","BS084"
2025-11-20,"Pectobacterium",131,"left",2,"left2",1,132,2,0,1,"Actinobacteriota","Actinobacteria","Streptomycetales","Streptomycetaceae","Streptomyces","ActIA","Bintje","Rhizosphere soil","Pcar","BS085"
2025-11-20,"Pectobacterium",131,"left",3,"left3",1,133,2,2,1,"Actinobacteriota","Actinobacteria","Streptomycetales","Streptomycetaceae","Streptomyces","ActIA","Bintje","Rhizosphere soil","Pcar","BS086"
2025-11-20,"Pectobacterium",131,"left",4,"left4",1,134,2,0,1,"Actinobacteriota","Actinobacteria","Streptomycetales","Streptomycetaceae","Streptomyces","ActIA","Bintje","Rhizosphere soil","Pcar","BS089"
2025-11-20,"Pectobacterium",131,"left",5,"left5",1,135,2,0,1,"Actinobacteriota","Actinobacteria","Streptomycetales","Streptomycetaceae","Streptomyces","ActIA","Bintje","Rhizosphere soil","Pcar","BS090"
2025-11-20,"Pectobacterium",131,"left",7,"left7",1,137,2,0,1,"Actinobacteriota","Actinobacteria","Streptomycetales","Streptomycetaceae","Streptomyces","ActIA","Bintje","Rhizosphere soil","Pcar","BS093b"
2025-11-20,"Pectobacterium",131,"left",8,"left8",1,138,2,0,1,"Actinobacteriota","Actinobacteria","Streptomycetales","Streptomycetaceae","Streptomyces","ActIA","Bintje","Rhizosphere soil","Pcar","BS093c"
2025-11-20,"Pectobacterium",131,"right",1,"right1",1,139,2,0,1,"Actinobacteriota","Actinobacteria","Streptomycetales","Streptomycetaceae","Streptomyces","ActIA","Bintje","Rhizosphere soil","Pcar","BS096"
2025-11-20,"Pectobacterium",131,"right",2,"right2",1,140,2,3,1,"Actinobacteriota","Actinobacteria","Streptomycetales","Streptomycetaceae","Streptomyces","ActIA","Bintje","Rhizosphere soil","Pcar","BS097a"
2025-11-20,"Pectobacterium",131,"right",3,"right3",1,141,2,0,1,"Actinobacteriota","Actinobacteria","Streptomycetales","Streptomycetaceae","Streptomyces","ActIA","Bintje","Rhizosphere soil","Pcar","BS112"
2025-11-20,"Pectobacterium",131,"right",4,"right4",1,142,2,0,1,"Actinobacteriota","Actinobacteria","Streptomycetales","Streptomycetaceae","Streptomyces","ActIA","Bintje","Rhizosphere soil","Pcar","BS115"
2025-11-20,"Pectobacterium",132,"left",1,"left1",1,144,2,1,1,"Actinobacteriota","Actinobacteria","Streptomycetales","Streptomycetaceae","Streptomyces","ActIA","Bintje","Rhizosphere soil","Pcar","BS128"
2025-11-20,"Pectobacterium",132,"left",2,"left2",1,145,2,0,1,"Actinobacteriota","Actinobacteria","Streptomycetales","Streptomycetaceae","Streptomyces","ActIA","Bintje","Rhizosphere soil","Pcar","BS129b"
2025-11-20,"Pectobacterium",132,"left",3,"left3",1,146,2,0,1,"Actinobacteriota","Actinobacteria","Streptomycetales","Streptomycetaceae","Streptomyces","ActIA","Bintje","Rhizosphere soil","Pcar","BS136"
2025-11-20,"Pectobacterium",132,"left",5,"left5",1,148,2,0,1,"Actinobacteriota","Actinobacteria","Streptomycetales","Streptomycetaceae","Streptomyces","ActIA","Bintje","Rhizosphere soil","Pcar","BS137a"
2025-11-20,"Pectobacterium",132,"left",6,"left6",1,149,2,0,1,"Actinobacteriota","Actinobacteria","Streptomycetales","Streptomycetaceae","Streptomyces","ActIA","Bintje","Rhizosphere soil","Pcar","BS137b"
2025-11-20,"Pectobacterium",132,"left",7,"left7",1,150,2,0,1,"Actinobacteriota","Actinobacteria","Streptomycetales","Streptomycetaceae","Streptomyces","TSA","Bintje","Rhizosphere soil","Pcar","BS140b"
2025-11-20,"Pectobacterium",132,"left",8,"left8",1,151,2,0,1,"Actinobacteriota","Actinobacteria","Streptomycetales","Streptomycetaceae","Streptomyces","TSA","Bintje","Rhizosphere soil","Pcar","BS145"
2025-11-20,"Pectobacterium",132,"right",1,"right1",1,152,2,0,1,"Actinobacteriota","Actinobacteria","Streptomycetales","Streptomycetaceae","Streptomyces","TSA","Bintje","Rhizosphere soil","Pcar","BS148"
2025-11-20,"Pectobacterium",132,"right",2,"right2",1,153,2,0,1,"Actinobacteriota","Actinobacteria","Streptomycetales","Streptomycetaceae","Streptomyces","TSA","Bintje","Rhizosphere soil","Pcar","BS149"
2025-11-20,"Pectobacterium",132,"right",4,"right4",1,155,2,0,1,"Actinobacteriota","Actinobacteria","Streptomycetales","Streptomycetaceae","Streptomyces","TSA","Bintje","Rhizosphere soil","Pcar","BS152"
2025-11-20,"Pectobacterium",132,"right",5,"right5",1,156,2,0,1,"Actinobacteriota","Actinobacteria","Streptomycetales","Streptomycetaceae","Streptomyces","TSA","Bintje","Rhizosphere soil","Pcar","BS155"
2025-11-20,"Pectobacterium",133,"left",1,"left1",1,157,2,0,1,"Actinobacteriota","Actinobacteria","Streptomycetales","Streptomycetaceae","Streptomyces","TSA","Bintje","Rhizosphere soil","Pcar","BS159"
2025-11-20,"Pectobacterium",133,"left",2,"left2",1,158,2,0,1,"Actinobacteriota","Actinobacteria","Streptomycetales","Streptomycetaceae","Streptomyces","TSA","Bintje","Rhizosphere soil","Pcar","BS160"
2025-11-20,"Pectobacterium",133,"left",3,"left3",1,159,2,0,1,"Actinobacteriota","Actinobacteria","Streptomycetales","Streptomycetaceae","Streptomyces","TSA","Bintje","Rhizosphere soil","Pcar","BS166"
2025-11-20,"Pectobacterium",133,"left",4,"left4",1,160,2,0,1,"Actinobacteriota","Actinobacteria","Streptomycetales","Streptomycetaceae","Streptomyces","TSA","Bintje","Rhizosphere soil","Pcar","BS167"
2025-11-20,"Pectobacterium",133,"left",5,"left5",1,161,2,0,1,"Actinobacteriota","Actinobacteria","Streptomycetales","Streptomycetaceae","Streptomyces","TSA","Bintje","Rhizosphere soil","Pcar","BS185"
2025-11-20,"Pectobacterium",133,"left",6,"left6",1,162,2,0,1,"Actinobacteriota","Actinobacteria","Streptomycetales","Streptomycetaceae","Streptomyces","TSA","Bintje","Rhizosphere soil","Pcar","BS188"
2025-11-20,"Pectobacterium",133,"left",7,"left7",1,163,2,0,1,"Actinobacteriota","Actinobacteria","Streptomycetales","Streptomycetaceae","Streptomyces","TSA","Bintje","Rhizosphere soil","Pcar","BS195b"
2025-11-20,"Pectobacterium",133,"left",8,"left8",1,164,2,0,1,"Actinobacteriota","Actinobacteria","Streptomycetales","Streptomycetaceae","Streptomyces","TSA","Bintje","Rhizosphere soil","Pcar","BS197b"
2025-11-20,"Pectobacterium",133,"right",1,"right1",1,165,2,0,1,"Actinobacteriota","Actinobacteria","Streptomycetales","Streptomycetaceae","Streptomyces","TSA","Bintje","Rhizosphere soil","Pcar","BS202"
2025-11-20,"Pectobacterium",133,"right",2,"right2",1,166,2,0,1,"Actinobacteriota","Actinobacteria","Streptomycetales","Streptomycetaceae","Streptomyces","TSA","Bintje","Rhizosphere soil","Pcar","BS204"
2025-11-20,"Pectobacterium",133,"right",3,"right3",1,167,2,0,1,"Actinobacteriota","Actinobacteria","Streptomycetales","Streptomycetaceae","Streptomyces","TSA","Bintje","Rhizosphere soil","Pcar","BS204a"
2025-11-20,"Pectobacterium",133,"right",4,"right4",1,168,2,0,1,"Actinobacteriota","Actinobacteria","Streptomycetales","Streptomycetaceae","Streptomyces","TSA","Bintje","Rhizosphere soil","Pcar","BS205"
2025-11-20,"Pectobacterium",133,"right",5,"right5",1,169,2,0,1,"Actinobacteriota","Actinobacteria","Streptomycetales","Streptomycetaceae","Streptomyces","TSA","Bintje","Rhizosphere soil","Pcar","BS207"
2025-11-20,"Pectobacterium",134,"left",1,"left1",1,170,2,0,1,"Actinobacteriota","Actinobacteria","Streptomycetales","Streptomycetaceae","Streptomyces","ARE","Bintje","Rhizosphere soil","Pcar","BS211"
2025-11-20,"Pectobacterium",134,"left",2,"left2",1,171,2,0,1,"Actinobacteriota","Actinobacteria","Streptomycetales","Streptomycetaceae","Streptomyces","ARE","Bintje","Rhizosphere soil","Pcar","BS212"
2025-11-20,"Pectobacterium",134,"left",3,"left3",1,172,2,0,1,"Actinobacteriota","Actinobacteria","Streptomycetales","Streptomycetaceae","Streptomyces","ARE","Bintje","Rhizosphere soil","Pcar","BS213"
2025-11-20,"Pectobacterium",134,"left",4,"left4",1,173,2,0,1,"Actinobacteriota","Actinobacteria","Streptomycetales","Streptomycetaceae","Streptomyces","ARE","Bintje","Rhizosphere soil","Pcar","BS214"
2025-11-20,"Pectobacterium",134,"left",5,"left5",1,174,2,0,1,"Actinobacteriota","Actinobacteria","Streptomycetales","Streptomycetaceae","Streptomyces","ARE","Bintje","Rhizosphere soil","Pcar","BS215a"
2025-11-20,"Pectobacterium",134,"left",7,"left7",1,176,2,0,1,"Actinobacteriota","Actinobacteria","Streptomycetales","Streptomycetaceae","Streptomyces","ARE","Bintje","Rhizosphere soil","Pcar","BS217"
2025-11-20,"Pectobacterium",134,"left",8,"left8",1,177,2,0,1,"Actinobacteriota","Actinobacteria","Streptomycetales","Streptomycetaceae","Streptomyces","ARE","Bintje","Rhizosphere soil","Pcar","BS218"
2025-11-20,"Pectobacterium",134,"right",2,"right2",1,179,2,0,1,"Actinobacteriota","Actinobacteria","Streptomycetales","Streptomycetaceae","Streptomyces","ARE","Bintje","Rhizosphere soil","Pcar","BS219c"
2025-11-20,"Pectobacterium",134,"right",3,"right3",1,180,2,0,1,"Actinobacteriota","Actinobacteria","Streptomycetales","Streptomycetaceae","Streptomyces","ARE","Bintje","Rhizosphere soil","Pcar","BS220"
2025-11-20,"Pectobacterium",134,"right",4,"right4",1,181,2,0,1,"Actinobacteriota","Actinobacteria","Streptomycetales","Streptomycetaceae","Streptomyces","ARE","Bintje","Rhizosphere soil","Pcar","BS226"
2025-11-20,"Pectobacterium",134,"right",5,"right5",1,182,2,0,1,"Actinobacteriota","Actinobacteria","Streptomycetales","Streptomycetaceae","Streptomyces","ARE","Bintje","Rhizosphere soil","Pcar","BS227"
2025-11-20,"Pectobacterium",135,"left",2,"left2",1,184,2,0,1,"Actinobacteriota","Actinobacteria","Streptomycetales","Streptomycetaceae","Streptomyces","ARE","Bintje","Rhizosphere soil","Pcar","BS234"
2025-11-20,"Pectobacterium",135,"left",3,"left3",1,185,2,0,1,"Actinobacteriota","Actinobacteria","Streptomycetales","Streptomycetaceae","Streptomyces","ARE","Bintje","Rhizosphere soil","Pcar","BS238"
2025-11-20,"Pectobacterium",135,"left",4,"left4",1,186,2,1,1,"Actinobacteriota","Actinobacteria","Streptomycetales","Streptomycetaceae","Streptomyces","ActIA","Innovator","Root","Pcar","AR101"
2025-11-20,"Pectobacterium",135,"right",1,"right1",1,187,2,1,1,"Actinobacteriota","Actinobacteria","Streptomycetales","Streptomycetaceae","Streptomyces","ActIA","Bintje","Rhizosphere soil","Pcar","BS093a"
2025-11-20,"Pectobacterium",135,"right",2,"right2",1,188,2,1,1,"Actinobacteriota","Actinobacteria","Streptomycetales","Streptomycetaceae","Streptomyces","ActIA","Innovator","Root","Pcar","AR121"
2025-11-20,"Pectobacterium",136,"left",2,"left2",2,2,2,1,1,"Actinobacteriota","Actinobacteria","Streptomycetales","Streptomycetaceae","Streptomyces","TSA","Innovator","Root","Pcar","AR015"
2025-11-20,"Pectobacterium",136,"left",3,"left3",2,3,2,2,1,"Actinobacteriota","Actinobacteria","Streptomycetales","Streptomycetaceae","Streptomyces","TSA","Innovator","Root","Pcar","AR019"
2025-11-20,"Pectobacterium",136,"left",4,"left4",2,4,2,0,1,"Actinobacteriota","Actinobacteria","Streptomycetales","Streptomycetaceae","Streptomyces","TSA","Innovator","Root","Pcar","AR031"
2025-11-20,"Pectobacterium",136,"left",5,"left5",2,5,2,0,1,"Actinobacteriota","Actinobacteria","Streptomycetales","Streptomycetaceae","Streptomyces","TSA","Innovator","Root","Pcar","AR040"
2025-11-20,"Pectobacterium",136,"left",7,"left7",2,7,2,0,1,"Actinobacteriota","Actinobacteria","Streptomycetales","Streptomycetaceae","Streptomyces","TSA","Innovator","Root","Pcar","AR045"
2025-11-20,"Pectobacterium",136,"left",8,"left8",2,8,2,0,1,"Actinobacteriota","Actinobacteria","Streptomycetales","Streptomycetaceae","Streptomyces","ARE","Innovator","Root","Pcar","AR064"
2025-11-20,"Pectobacterium",136,"right",1,"right1",2,9,2,0,1,"Actinobacteriota","Actinobacteria","Streptomycetales","Streptomycetaceae","Streptomyces","ARE","Innovator","Root","Pcar","AR083c"
2025-11-20,"Pectobacterium",136,"right",2,"right2",2,10,2,0,1,"Actinobacteriota","Actinobacteria","Streptomycetales","Streptomycetaceae","Streptomyces","ARE","Innovator","Root","Pcar","AR083d"
2025-11-20,"Pectobacterium",136,"right",3,"right3",2,11,2,0,1,"Actinobacteriota","Actinobacteria","Streptomycetales","Streptomycetaceae","Streptomyces","ActIA","Innovator","Root","Pcar","AR092"
2025-11-20,"Pectobacterium",136,"right",4,"right4",2,12,2,0,0,"Actinobacteriota","Actinobacteria","Streptomycetales","Streptomycetaceae","Streptomyces","ActIA","Innovator","Root","Pcar","AR127"
2025-11-20,"Pectobacterium",136,"right",5,"right5",2,13,2,0,1,"Actinobacteriota","Actinobacteria","Streptomycetales","Streptomycetaceae","Streptomyces","TSA","Innovator","Rhizosphere soil","Pcar","AS005"
2025-11-20,"Pectobacterium",137,"left",1,"left1",2,14,2,0,1,"Actinobacteriota","Actinobacteria","Propionibacteriales","Nocardioidaceae","Nocardioides","TSA","Innovator","Rhizosphere soil","Pcar","AS010"
2025-11-20,"Pectobacterium",137,"left",2,"left2",2,15,2,0,1,"Actinobacteriota","Actinobacteria","Streptomycetales","Streptomycetaceae","Streptomyces","ARE","Innovator","Rhizosphere soil","Pcar","AS048"
2025-11-20,"Pectobacterium",137,"left",5,"left5",2,18,2,0,1,"Actinobacteriota","Actinobacteria","Propionibacteriales","Nocardioidaceae","Nocardioides","ActIA","Innovator","Rhizosphere soil","Pcar","AS106"
2025-11-20,"Pectobacterium",137,"left",6,"left6",2,19,2,0,1,"Actinobacteriota","Actinobacteria","Corynebacteriales","Nocardiaceae","Nocardia","ActIA","Innovator","Rhizosphere soil","Pcar","AS107"
2025-11-20,"Pectobacterium",137,"left",7,"left7",2,20,2,0,1,"Actinobacteriota","Actinobacteria","Propionibacteriales","Nocardioidaceae","Nocardioides","ActIA","Innovator","Rhizosphere soil","Pcar","AS108"
2025-11-20,"Pectobacterium",137,"left",8,"left8",2,21,2,0,1,"Actinobacteriota","Actinobacteria","Streptomycetales","Streptomycetaceae","Streptomyces","ActIA","Innovator","Rhizosphere soil","Pcar","AS112"
2025-11-20,"Pectobacterium",137,"right",1,"right1",2,22,2,0,1,"Actinobacteriota","Actinobacteria","Propionibacteriales","Nocardioidaceae","Nocardioides","ActIA","Innovator","Rhizosphere soil","Pcar","AS121b"
2025-11-20,"Pectobacterium",137,"right",2,"right2",2,23,2,0,1,"Actinobacteriota","Actinobacteria","Corynebacteriales","Nocardiaceae","Nocardia","ActIA","Innovator","Rhizosphere soil","Pcar","AS127"
2025-11-20,"Pectobacterium",137,"right",3,"right3",2,24,2,0,1,"Actinobacteriota","Actinobacteria","Propionibacteriales","Nocardioidaceae","Nocardioides","ActIA","Innovator","Rhizosphere soil","Pcar","AS133"
2025-11-20,"Pectobacterium",137,"right",5,"right5",2,26,2,0,1,"Actinobacteriota","Actinobacteria","Propionibacteriales","Nocardioidaceae","Nocardioides","ActIA","Bintje","Leaf","Pcar","BL047a"
2025-11-20,"Pectobacterium",138,"left",1,"left1",2,27,2,0,1,"Actinobacteriota","Actinobacteria","Streptomycetales","Streptomycetaceae","Streptomyces","ActIA","Bintje","Root","Pcar","BR063"
2025-11-20,"Pectobacterium",138,"left",2,"left2",2,28,2,0,1,"Actinobacteriota","Actinobacteria","Propionibacteriales","Nocardioidaceae","Nocardioides","ActIA","Bintje","Root","Pcar","BR081"
2025-11-20,"Pectobacterium",138,"left",3,"left3",2,29,2,0,1,"Actinobacteriota","Actinobacteria","Streptomycetales","Streptomycetaceae","Streptomyces","ActIA","Bintje","Root","Pcar","BR084"
2025-11-20,"Pectobacterium",138,"left",5,"left5",2,31,2,1,1,"Actinobacteriota","Actinobacteria","Streptomycetales","Streptomycetaceae","Streptomyces","ActIA","Bintje","Root","Pcar","BR085"
2025-11-20,"Pectobacterium",138,"left",7,"left7",2,33,2,0,1,"Actinobacteriota","Actinobacteria","Streptomycetales","Streptomycetaceae","Streptomyces","TSA","Bintje","Root","Pcar","BR092b"
2025-11-20,"Pectobacterium",138,"left",8,"left8",2,34,2,0,1,"Actinobacteriota","Actinobacteria","Streptomycetales","Streptomycetaceae","Streptomyces","TSA","Bintje","Root","Pcar","BR123"
2025-11-20,"Pectobacterium",138,"right",1,"right1",2,35,2,0,1,"Actinobacteriota","Actinobacteria","Corynebacteriales","Nocardiaceae","Nocardia","ARE","Bintje","Root","Pcar","BR162"
2025-11-20,"Pectobacterium",138,"right",3,"right3",2,37,2,0,1,"Actinobacteriota","Actinobacteria","Propionibacteriales","Nocardioidaceae","Nocardioides","ActIA","Bintje","Rhizosphere soil","Pcar","BS088"
2025-11-20,"Pectobacterium",138,"right",5,"right5",2,39,2,0,1,"Actinobacteriota","Actinobacteria","Propionibacteriales","Nocardioidaceae","Nocardioides","TSA","Bintje","Rhizosphere soil","Pcar","BS157"
2025-11-20,"Pectobacterium",139,"left",1,"left1",2,40,2,0,1,"Actinobacteriota","Actinobacteria","Streptomycetales","Streptomycetaceae","Streptomyces","TSA","Bintje","Rhizosphere soil","Pcar","BS184"
2025-11-20,"Pectobacterium",139,"left",3,"left3",2,42,2,1,1,"Actinobacteriota","Actinobacteria","Streptomycetales","Streptomycetaceae","Streptomyces","TSA","Bintje","Rhizosphere soil","Pcar","BS195a"
2025-11-20,"Pectobacterium",139,"left",4,"left4",2,43,2,0,1,"Actinobacteriota","Actinobacteria","Streptomycetales","Streptomycetaceae","Streptomyces","TSA","Bintje","Rhizosphere soil","Pcar","BS197a"
2025-11-20,"Pectobacterium",139,"left",5,"left5",2,44,2,0,1,"Actinobacteriota","Actinobacteria","Streptomycetales","Streptomycetaceae","Streptomyces","TSA","Bintje","Rhizosphere soil","Pcar","BS198"
2025-11-20,"Pectobacterium",139,"left",7,"left7",2,46,2,0,1,"Actinobacteriota","Actinobacteria","Streptomycetales","Streptomycetaceae","Streptomyces","ARE","Bintje","Rhizosphere soil","Pcar","BS216a"
2025-11-20,"Pectobacterium",139,"left",8,"left8",2,47,2,0,1,"Actinobacteriota","Actinobacteria","Streptomycetales","Streptomycetaceae","Streptomyces","ARE","Bintje","Rhizosphere soil","Pcar","BS216c"
2025-11-20,"Pectobacterium",139,"right",1,"right1",2,48,2,0,1,"Actinobacteriota","Actinobacteria","Streptomycetales","Streptomycetaceae","Streptomyces","ARE","Bintje","Rhizosphere soil","Pcar","BS219b"
2025-11-20,"Pectobacterium",139,"right",2,"right2",2,49,2,0,1,"Actinobacteriota","Actinobacteria","Corynebacteriales","Nocardiaceae","Nocardia","ARE","Bintje","Rhizosphere soil","Pcar","BS228"
2025-11-20,"Pectobacterium",139,"right",3,"right3",2,50,2,0,1,"Actinobacteriota","Actinobacteria","Corynebacteriales","Nocardiaceae","Nocardia","ARE","Bintje","Rhizosphere soil","Pcar","BS233"
2025-11-20,"Pectobacterium",139,"right",4,"right4",2,51,2,0,1,"Actinobacteriota","Actinobacteria","Streptomycetales","Streptomycetaceae","Streptomyces","ARE","Bintje","Rhizosphere soil","Pcar","BS235"
2025-11-21,"Alternaria",140,"left",1,"left1",1,105,2,1,1,"Actinobacteriota","Actinobacteria","Streptomycetales","Streptomycetaceae","Streptomyces","ActIA","Bintje","Root","Asol","BR068"
2025-11-21,"Alternaria",140,"left",2,"left2",1,106,2,0,1,"Actinobacteriota","Actinobacteria","Streptomycetales","Streptomycetaceae","Streptomyces","ActIA","Bintje","Root","Asol","BR070"
2025-11-21,"Alternaria",140,"left",3,"left3",1,107,2,0,1,"Actinobacteriota","Actinobacteria","Streptomycetales","Streptomycetaceae","Streptomyces","ActIA","Bintje","Root","Asol","BR074"
2025-11-21,"Alternaria",140,"left",4,"left4",1,108,2,0,1,"Actinobacteriota","Actinobacteria","Streptomycetales","Streptomycetaceae","Streptomyces","ActIA","Bintje","Root","Asol","BR079"
2025-11-21,"Alternaria",140,"left",8,"left8",1,112,2,0,1,"Actinobacteriota","Actinobacteria","Streptomycetales","Streptomycetaceae","Streptomyces","TSA","Bintje","Root","Asol","BR092a"
2025-11-21,"Alternaria",140,"right",3,"right3",1,115,2,0,1,"Actinobacteriota","Actinobacteria","Streptomycetales","Streptomycetaceae","Streptomyces","TSA","Bintje","Root","Asol","BR097"
2025-11-21,"Alternaria",140,"right",4,"right4",1,116,2,1,1,"Actinobacteriota","Actinobacteria","Streptomycetales","Streptomycetaceae","Streptomyces","TSA","Bintje","Root","Asol","BR104"
2025-11-21,"Alternaria",140,"right",5,"right5",1,117,2,0,1,"Actinobacteriota","Actinobacteria","Streptomycetales","Streptomycetaceae","Streptomyces","TSA","Bintje","Root","Asol","BR111"
2025-11-21,"Alternaria",142,"left",1,"left1",1,118,2,1,1,"Actinobacteriota","Actinobacteria","Streptomycetales","Streptomycetaceae","Streptomyces","TSA","Bintje","Root","Asol","BR113"
2025-11-21,"Alternaria",142,"left",2,"left2",1,119,2,0,1,"Actinobacteriota","Actinobacteria","Streptomycetales","Streptomycetaceae","Streptomyces","TSA","Bintje","Root","Asol","BR114"
2025-11-21,"Alternaria",142,"left",3,"left3",1,120,2,0,1,"Actinobacteriota","Actinobacteria","Streptomycetales","Streptomycetaceae","Streptomyces","TSA","Bintje","Root","Asol","BR117"
2025-11-21,"Alternaria",142,"left",4,"left4",1,121,2,0,1,"Actinobacteriota","Actinobacteria","Streptomycetales","Streptomycetaceae","Streptomyces","TSA","Bintje","Root","Asol","BR131"
2025-11-21,"Alternaria",142,"left",5,"left5",1,122,2,0,1,"Actinobacteriota","Actinobacteria","Streptomycetales","Streptomycetaceae","Streptomyces","TSA","Bintje","Root","Asol","BR132"
2025-11-21,"Alternaria",142,"left",6,"left6",1,123,2,0,1,"Actinobacteriota","Actinobacteria","Streptomycetales","Streptomycetaceae","Streptomyces","ARE","Bintje","Root","Asol","BR142"
2025-11-21,"Alternaria",142,"left",7,"left7",1,124,2,2,1,"Actinobacteriota","Actinobacteria","Streptomycetales","Streptomycetaceae","Streptomyces","ARE","Bintje","Root","Asol","BR143"
2025-11-21,"Alternaria",142,"left",8,"left8",1,125,2,0,1,"Actinobacteriota","Actinobacteria","Streptomycetales","Streptomycetaceae","Streptomyces","ARE","Bintje","Root","Asol","BR163"
2025-11-21,"Alternaria",142,"right",1,"right1",1,126,2,1,1,"Actinobacteriota","Actinobacteria","Streptomycetales","Streptomycetaceae","Streptomyces","ARE","Bintje","Root","Asol","BR159"
2025-11-21,"Alternaria",142,"right",2,"right2",1,127,2,0,1,"Actinobacteriota","Actinobacteria","Streptomycetales","Streptomycetaceae","Streptomyces","ARE","Bintje","Root","Asol","BR164"
2025-11-21,"Alternaria",142,"right",3,"right3",1,128,2,2,1,"Actinobacteriota","Actinobacteria","Streptomycetales","Streptomycetaceae","Streptomyces","ARE","Bintje","Root","Asol","BR165"
2025-11-21,"Alternaria",142,"right",4,"right4",1,129,2,0,1,"Actinobacteriota","Actinobacteria","Streptomycetales","Streptomycetaceae","Streptomyces","ActIA","Bintje","Rhizosphere soil","Asol","BS078"
2025-11-21,"Alternaria",142,"right",5,"right5",1,130,2,0,1,"Actinobacteriota","Actinobacteria","Streptomycetales","Streptomycetaceae","Streptomyces","ActIA","Bintje","Rhizosphere soil","Asol","BS082"
2025-11-21,"Alternaria",143,"left",1,"left1",1,131,2,0,1,"Actinobacteriota","Actinobacteria","Streptomycetales","Streptomycetaceae","Streptomyces","ActIA","Bintje","Rhizosphere soil","Asol","BS084"
2025-11-21,"Alternaria",143,"left",2,"left2",1,132,2,1,1,"Actinobacteriota","Actinobacteria","Streptomycetales","Streptomycetaceae","Streptomyces","ActIA","Bintje","Rhizosphere soil","Asol","BS085"
2025-11-21,"Alternaria",143,"left",3,"left3",1,133,2,3,1,"Actinobacteriota","Actinobacteria","Streptomycetales","Streptomycetaceae","Streptomyces","ActIA","Bintje","Rhizosphere soil","Asol","BS086"
2025-11-21,"Alternaria",143,"left",4,"left4",1,134,2,0,1,"Actinobacteriota","Actinobacteria","Streptomycetales","Streptomycetaceae","Streptomyces","ActIA","Bintje","Rhizosphere soil","Asol","BS089"
2025-11-21,"Alternaria",143,"left",5,"left5",1,135,2,0,1,"Actinobacteriota","Actinobacteria","Streptomycetales","Streptomycetaceae","Streptomyces","ActIA","Bintje","Rhizosphere soil","Asol","BS090"
2025-11-21,"Alternaria",143,"left",7,"left7",1,137,2,0,1,"Actinobacteriota","Actinobacteria","Streptomycetales","Streptomycetaceae","Streptomyces","ActIA","Bintje","Rhizosphere soil","Asol","BS093b"
2025-11-21,"Alternaria",143,"left",8,"left8",1,138,2,0,1,"Actinobacteriota","Actinobacteria","Streptomycetales","Streptomycetaceae","Streptomyces","ActIA","Bintje","Rhizosphere soil","Asol","BS093c"
2025-11-21,"Alternaria",143,"right",1,"right1",1,139,2,0,1,"Actinobacteriota","Actinobacteria","Streptomycetales","Streptomycetaceae","Streptomyces","ActIA","Bintje","Rhizosphere soil","Asol","BS096"
2025-11-21,"Alternaria",143,"right",2,"right2",1,140,2,2,1,"Actinobacteriota","Actinobacteria","Streptomycetales","Streptomycetaceae","Streptomyces","ActIA","Bintje","Rhizosphere soil","Asol","BS097a"
2025-11-21,"Alternaria",143,"right",3,"right3",1,141,2,2,1,"Actinobacteriota","Actinobacteria","Streptomycetales","Streptomycetaceae","Streptomyces","ActIA","Bintje","Rhizosphere soil","Asol","BS112"
2025-11-21,"Alternaria",143,"right",4,"right4",1,142,2,0,1,"Actinobacteriota","Actinobacteria","Streptomycetales","Streptomycetaceae","Streptomyces","ActIA","Bintje","Rhizosphere soil","Asol","BS115"
2025-11-21,"Alternaria",144,"left",1,"left1",1,144,2,1,1,"Actinobacteriota","Actinobacteria","Streptomycetales","Streptomycetaceae","Streptomyces","ActIA","Bintje","Rhizosphere soil","Asol","BS128"
2025-11-21,"Alternaria",144,"left",2,"left2",1,145,2,0,1,"Actinobacteriota","Actinobacteria","Streptomycetales","Streptomycetaceae","Streptomyces","ActIA","Bintje","Rhizosphere soil","Asol","BS129b"
2025-11-21,"Alternaria",144,"left",3,"left3",1,146,2,0,1,"Actinobacteriota","Actinobacteria","Streptomycetales","Streptomycetaceae","Streptomyces","ActIA","Bintje","Rhizosphere soil","Asol","BS136"
2025-11-21,"Alternaria",144,"left",5,"left5",1,148,2,0,1,"Actinobacteriota","Actinobacteria","Streptomycetales","Streptomycetaceae","Streptomyces","ActIA","Bintje","Rhizosphere soil","Asol","BS137a"
2025-11-21,"Alternaria",144,"left",6,"left6",1,149,2,0,1,"Actinobacteriota","Actinobacteria","Streptomycetales","Streptomycetaceae","Streptomyces","ActIA","Bintje","Rhizosphere soil","Asol","BS137b"
2025-11-21,"Alternaria",144,"left",7,"left7",1,150,2,0,1,"Actinobacteriota","Actinobacteria","Streptomycetales","Streptomycetaceae","Streptomyces","TSA","Bintje","Rhizosphere soil","Asol","BS140b"
2025-11-21,"Alternaria",144,"left",8,"left8",1,151,2,0,1,"Actinobacteriota","Actinobacteria","Streptomycetales","Streptomycetaceae","Streptomyces","TSA","Bintje","Rhizosphere soil","Asol","BS145"
2025-11-21,"Alternaria",144,"right",1,"right1",1,152,2,1,1,"Actinobacteriota","Actinobacteria","Streptomycetales","Streptomycetaceae","Streptomyces","TSA","Bintje","Rhizosphere soil","Asol","BS148"
2025-11-21,"Alternaria",144,"right",2,"right2",1,153,2,2,1,"Actinobacteriota","Actinobacteria","Streptomycetales","Streptomycetaceae","Streptomyces","TSA","Bintje","Rhizosphere soil","Asol","BS149"
2025-11-21,"Alternaria",144,"right",4,"right4",1,155,2,0,1,"Actinobacteriota","Actinobacteria","Streptomycetales","Streptomycetaceae","Streptomyces","TSA","Bintje","Rhizosphere soil","Asol","BS152"
2025-11-21,"Alternaria",144,"right",5,"right5",1,156,2,0,1,"Actinobacteriota","Actinobacteria","Streptomycetales","Streptomycetaceae","Streptomyces","TSA","Bintje","Rhizosphere soil","Asol","BS155"
2025-11-21,"Alternaria",145,"left",1,"left1",1,157,2,0,1,"Actinobacteriota","Actinobacteria","Streptomycetales","Streptomycetaceae","Streptomyces","TSA","Bintje","Rhizosphere soil","Asol","BS159"
2025-11-21,"Alternaria",145,"left",2,"left2",1,158,2,0,1,"Actinobacteriota","Actinobacteria","Streptomycetales","Streptomycetaceae","Streptomyces","TSA","Bintje","Rhizosphere soil","Asol","BS160"
2025-11-21,"Alternaria",145,"left",3,"left3",1,159,2,2,1,"Actinobacteriota","Actinobacteria","Streptomycetales","Streptomycetaceae","Streptomyces","TSA","Bintje","Rhizosphere soil","Asol","BS166"
2025-11-21,"Alternaria",145,"left",4,"left4",1,160,2,2,1,"Actinobacteriota","Actinobacteria","Streptomycetales","Streptomycetaceae","Streptomyces","TSA","Bintje","Rhizosphere soil","Asol","BS167"
2025-11-21,"Alternaria",145,"left",5,"left5",1,161,2,0,1,"Actinobacteriota","Actinobacteria","Streptomycetales","Streptomycetaceae","Streptomyces","TSA","Bintje","Rhizosphere soil","Asol","BS185"
2025-11-21,"Alternaria",145,"left",6,"left6",1,162,2,2,1,"Actinobacteriota","Actinobacteria","Streptomycetales","Streptomycetaceae","Streptomyces","TSA","Bintje","Rhizosphere soil","Asol","BS188"
2025-11-21,"Alternaria",145,"left",7,"left7",1,163,2,1,1,"Actinobacteriota","Actinobacteria","Streptomycetales","Streptomycetaceae","Streptomyces","TSA","Bintje","Rhizosphere soil","Asol","BS195b"
2025-11-21,"Alternaria",145,"left",8,"left8",1,164,2,1,1,"Actinobacteriota","Actinobacteria","Streptomycetales","Streptomycetaceae","Streptomyces","TSA","Bintje","Rhizosphere soil","Asol","BS197b"
2025-11-21,"Alternaria",145,"right",1,"right1",1,165,2,0,1,"Actinobacteriota","Actinobacteria","Streptomycetales","Streptomycetaceae","Streptomyces","TSA","Bintje","Rhizosphere soil","Asol","BS202"
2025-11-21,"Alternaria",145,"right",2,"right2",1,166,2,0,1,"Actinobacteriota","Actinobacteria","Streptomycetales","Streptomycetaceae","Streptomyces","TSA","Bintje","Rhizosphere soil","Asol","BS204"
2025-11-21,"Alternaria",145,"right",3,"right3",1,167,2,0,1,"Actinobacteriota","Actinobacteria","Streptomycetales","Streptomycetaceae","Streptomyces","TSA","Bintje","Rhizosphere soil","Asol","BS204a"
2025-11-21,"Alternaria",145,"right",4,"right4",1,168,2,1,1,"Actinobacteriota","Actinobacteria","Streptomycetales","Streptomycetaceae","Streptomyces","TSA","Bintje","Rhizosphere soil","Asol","BS205"
2025-11-21,"Alternaria",145,"right",5,"right5",1,169,2,2,1,"Actinobacteriota","Actinobacteria","Streptomycetales","Streptomycetaceae","Streptomyces","TSA","Bintje","Rhizosphere soil","Asol","BS207"
2025-11-21,"Alternaria",146,"left",1,"left1",1,170,2,0,1,"Actinobacteriota","Actinobacteria","Streptomycetales","Streptomycetaceae","Streptomyces","ARE","Bintje","Rhizosphere soil","Asol","BS211"
2025-11-21,"Alternaria",146,"left",2,"left2",1,171,2,2,1,"Actinobacteriota","Actinobacteria","Streptomycetales","Streptomycetaceae","Streptomyces","ARE","Bintje","Rhizosphere soil","Asol","BS212"
2025-11-21,"Alternaria",146,"left",3,"left3",1,172,2,0,1,"Actinobacteriota","Actinobacteria","Streptomycetales","Streptomycetaceae","Streptomyces","ARE","Bintje","Rhizosphere soil","Asol","BS213"
2025-11-21,"Alternaria",146,"left",4,"left4",1,173,2,0,1,"Actinobacteriota","Actinobacteria","Streptomycetales","Streptomycetaceae","Streptomyces","ARE","Bintje","Rhizosphere soil","Asol","BS214"
2025-11-21,"Alternaria",146,"left",5,"left5",1,174,2,0,1,"Actinobacteriota","Actinobacteria","Streptomycetales","Streptomycetaceae","Streptomyces","ARE","Bintje","Rhizosphere soil","Asol","BS215a"
2025-11-21,"Alternaria",146,"left",7,"left7",1,176,2,0,1,"Actinobacteriota","Actinobacteria","Streptomycetales","Streptomycetaceae","Streptomyces","ARE","Bintje","Rhizosphere soil","Asol","BS217"
2025-11-21,"Alternaria",146,"left",8,"left8",1,177,2,0,1,"Actinobacteriota","Actinobacteria","Streptomycetales","Streptomycetaceae","Streptomyces","ARE","Bintje","Rhizosphere soil","Asol","BS218"
2025-11-21,"Alternaria",146,"right",2,"right2",1,179,2,2,1,"Actinobacteriota","Actinobacteria","Streptomycetales","Streptomycetaceae","Streptomyces","ARE","Bintje","Rhizosphere soil","Asol","BS219c"
2025-11-21,"Alternaria",146,"right",3,"right3",1,180,2,0,1,"Actinobacteriota","Actinobacteria","Streptomycetales","Streptomycetaceae","Streptomyces","ARE","Bintje","Rhizosphere soil","Asol","BS220"
2025-11-21,"Alternaria",146,"right",4,"right4",1,181,2,2,1,"Actinobacteriota","Actinobacteria","Streptomycetales","Streptomycetaceae","Streptomyces","ARE","Bintje","Rhizosphere soil","Asol","BS226"
2025-11-21,"Alternaria",146,"right",5,"right5",1,182,2,0,1,"Actinobacteriota","Actinobacteria","Streptomycetales","Streptomycetaceae","Streptomyces","ARE","Bintje","Rhizosphere soil","Asol","BS227"
2025-11-21,"Alternaria",147,"left",2,"left2",1,184,2,0,1,"Actinobacteriota","Actinobacteria","Streptomycetales","Streptomycetaceae","Streptomyces","ARE","Bintje","Rhizosphere soil","Asol","BS234"
2025-11-21,"Alternaria",147,"left",3,"left3",1,185,2,0,1,"Actinobacteriota","Actinobacteria","Streptomycetales","Streptomycetaceae","Streptomyces","ARE","Bintje","Rhizosphere soil","Asol","BS238"
2025-11-21,"Alternaria",147,"left",4,"left4",1,186,2,0,1,"Actinobacteriota","Actinobacteria","Streptomycetales","Streptomycetaceae","Streptomyces","ActIA","Innovator","Root","Asol","AR101"
2025-11-21,"Alternaria",147,"right",1,"right1",1,187,2,1,1,"Actinobacteriota","Actinobacteria","Streptomycetales","Streptomycetaceae","Streptomyces","ActIA","Bintje","Rhizosphere soil","Asol","BS093a"
2025-11-21,"Alternaria",147,"right",2,"right2",1,188,2,2,1,"Actinobacteriota","Actinobacteria","Streptomycetales","Streptomycetaceae","Streptomyces","ActIA","Innovator","Root","Asol","AR121"
2025-11-21,"Alternaria",148,"left",2,"left2",2,2,2,0,1,"Actinobacteriota","Actinobacteria","Streptomycetales","Streptomycetaceae","Streptomyces","TSA","Innovator","Root","Asol","AR015"
2025-11-21,"Alternaria",148,"left",3,"left3",2,3,2,3,1,"Actinobacteriota","Actinobacteria","Streptomycetales","Streptomycetaceae","Streptomyces","TSA","Innovator","Root","Asol","AR019"
2025-11-21,"Alternaria",148,"left",4,"left4",2,4,2,1,1,"Actinobacteriota","Actinobacteria","Streptomycetales","Streptomycetaceae","Streptomyces","TSA","Innovator","Root","Asol","AR031"
2025-11-21,"Alternaria",148,"left",5,"left5",2,5,2,2,1,"Actinobacteriota","Actinobacteria","Streptomycetales","Streptomycetaceae","Streptomyces","TSA","Innovator","Root","Asol","AR040"
2025-11-21,"Alternaria",148,"left",7,"left7",2,7,2,2,1,"Actinobacteriota","Actinobacteria","Streptomycetales","Streptomycetaceae","Streptomyces","TSA","Innovator","Root","Asol","AR045"
2025-11-21,"Alternaria",148,"left",8,"left8",2,8,2,2,1,"Actinobacteriota","Actinobacteria","Streptomycetales","Streptomycetaceae","Streptomyces","ARE","Innovator","Root","Asol","AR064"
2025-11-21,"Alternaria",148,"right",1,"right1",2,9,2,2,1,"Actinobacteriota","Actinobacteria","Streptomycetales","Streptomycetaceae","Streptomyces","ARE","Innovator","Root","Asol","AR083c"
2025-11-21,"Alternaria",148,"right",2,"right2",2,10,2,2,1,"Actinobacteriota","Actinobacteria","Streptomycetales","Streptomycetaceae","Streptomyces","ARE","Innovator","Root","Asol","AR083d"
2025-11-21,"Alternaria",148,"right",3,"right3",2,11,2,2,1,"Actinobacteriota","Actinobacteria","Streptomycetales","Streptomycetaceae","Streptomyces","ActIA","Innovator","Root","Asol","AR092"
2025-11-21,"Alternaria",148,"right",4,"right4",2,12,2,2,0,"Actinobacteriota","Actinobacteria","Streptomycetales","Streptomycetaceae","Streptomyces","ActIA","Innovator","Root","Asol","AR127"
2025-11-21,"Alternaria",148,"right",5,"right5",2,13,2,2,1,"Actinobacteriota","Actinobacteria","Streptomycetales","Streptomycetaceae","Streptomyces","TSA","Innovator","Rhizosphere soil","Asol","AS005"
2025-11-21,"Alternaria",149,"left",1,"left1",2,14,2,2,1,"Actinobacteriota","Actinobacteria","Propionibacteriales","Nocardioidaceae","Nocardioides","TSA","Innovator","Rhizosphere soil","Asol","AS010"
2025-11-21,"Alternaria",149,"left",2,"left2",2,15,2,2,1,"Actinobacteriota","Actinobacteria","Streptomycetales","Streptomycetaceae","Streptomyces","ARE","Innovator","Rhizosphere soil","Asol","AS048"
2025-11-21,"Alternaria",149,"left",5,"left5",2,18,2,2,1,"Actinobacteriota","Actinobacteria","Propionibacteriales","Nocardioidaceae","Nocardioides","ActIA","Innovator","Rhizosphere soil","Asol","AS106"
2025-11-21,"Alternaria",149,"left",6,"left6",2,19,2,0,1,"Actinobacteriota","Actinobacteria","Corynebacteriales","Nocardiaceae","Nocardia","ActIA","Innovator","Rhizosphere soil","Asol","AS107"
2025-11-21,"Alternaria",149,"left",7,"left7",2,20,2,1,1,"Actinobacteriota","Actinobacteria","Propionibacteriales","Nocardioidaceae","Nocardioides","ActIA","Innovator","Rhizosphere soil","Asol","AS108"
2025-11-21,"Alternaria",149,"left",8,"left8",2,21,2,0,1,"Actinobacteriota","Actinobacteria","Streptomycetales","Streptomycetaceae","Streptomyces","ActIA","Innovator","Rhizosphere soil","Asol","AS112"
2025-11-21,"Alternaria",149,"right",1,"right1",2,22,2,1,1,"Actinobacteriota","Actinobacteria","Propionibacteriales","Nocardioidaceae","Nocardioides","ActIA","Innovator","Rhizosphere soil","Asol","AS121b"
2025-11-21,"Alternaria",149,"right",2,"right2",2,23,2,0,1,"Actinobacteriota","Actinobacteria","Corynebacteriales","Nocardiaceae","Nocardia","ActIA","Innovator","Rhizosphere soil","Asol","AS127"
2025-11-21,"Alternaria",149,"right",3,"right3",2,24,2,0,1,"Actinobacteriota","Actinobacteria","Propionibacteriales","Nocardioidaceae","Nocardioides","ActIA","Innovator","Rhizosphere soil","Asol","AS133"
2025-11-21,"Alternaria",149,"right",5,"right5",2,26,2,0,1,"Actinobacteriota","Actinobacteria","Propionibacteriales","Nocardioidaceae","Nocardioides","ActIA","Bintje","Leaf","Asol","BL047a"
2025-11-21,"Alternaria",150,"left",1,"left1",2,27,2,0,1,"Actinobacteriota","Actinobacteria","Streptomycetales","Streptomycetaceae","Streptomyces","ActIA","Bintje","Root","Asol","BR063"
2025-11-21,"Alternaria",150,"left",2,"left2",2,28,2,0,1,"Actinobacteriota","Actinobacteria","Propionibacteriales","Nocardioidaceae","Nocardioides","ActIA","Bintje","Root","Asol","BR081"
2025-11-21,"Alternaria",150,"left",3,"left3",2,29,2,2,1,"Actinobacteriota","Actinobacteria","Streptomycetales","Streptomycetaceae","Streptomyces","ActIA","Bintje","Root","Asol","BR084"
2025-11-21,"Alternaria",150,"left",5,"left5",2,31,2,1,1,"Actinobacteriota","Actinobacteria","Streptomycetales","Streptomycetaceae","Streptomyces","ActIA","Bintje","Root","Asol","BR085"
2025-11-21,"Alternaria",150,"left",7,"left7",2,33,2,1,1,"Actinobacteriota","Actinobacteria","Streptomycetales","Streptomycetaceae","Streptomyces","TSA","Bintje","Root","Asol","BR092b"
2025-11-21,"Alternaria",150,"left",8,"left8",2,34,2,0,1,"Actinobacteriota","Actinobacteria","Streptomycetales","Streptomycetaceae","Streptomyces","TSA","Bintje","Root","Asol","BR123"
2025-11-21,"Alternaria",150,"right",1,"right1",2,35,2,2,1,"Actinobacteriota","Actinobacteria","Corynebacteriales","Nocardiaceae","Nocardia","ARE","Bintje","Root","Asol","BR162"
2025-11-21,"Alternaria",150,"right",3,"right3",2,37,2,0,1,"Actinobacteriota","Actinobacteria","Propionibacteriales","Nocardioidaceae","Nocardioides","ActIA","Bintje","Rhizosphere soil","Asol","BS088"
2025-11-21,"Alternaria",150,"right",5,"right5",2,39,2,0,1,"Actinobacteriota","Actinobacteria","Propionibacteriales","Nocardioidaceae","Nocardioides","TSA","Bintje","Rhizosphere soil","Asol","BS157"
2025-11-21,"Alternaria",151,"left",1,"left1",2,40,2,0,1,"Actinobacteriota","Actinobacteria","Streptomycetales","Streptomycetaceae","Streptomyces","TSA","Bintje","Rhizosphere soil","Asol","BS184"
2025-11-21,"Alternaria",151,"left",3,"left3",2,42,2,3,1,"Actinobacteriota","Actinobacteria","Streptomycetales","Streptomycetaceae","Streptomyces","TSA","Bintje","Rhizosphere soil","Asol","BS195a"
2025-11-21,"Alternaria",151,"left",4,"left4",2,43,2,1,1,"Actinobacteriota","Actinobacteria","Streptomycetales","Streptomycetaceae","Streptomyces","TSA","Bintje","Rhizosphere soil","Asol","BS197a"
2025-11-21,"Alternaria",151,"left",5,"left5",2,44,2,1,1,"Actinobacteriota","Actinobacteria","Streptomycetales","Streptomycetaceae","Streptomyces","TSA","Bintje","Rhizosphere soil","Asol","BS198"
2025-11-21,"Alternaria",151,"left",7,"left7",2,46,2,1,1,"Actinobacteriota","Actinobacteria","Streptomycetales","Streptomycetaceae","Streptomyces","ARE","Bintje","Rhizosphere soil","Asol","BS216a"
2025-11-21,"Alternaria",151,"left",8,"left8",2,47,2,1,1,"Actinobacteriota","Actinobacteria","Streptomycetales","Streptomycetaceae","Streptomyces","ARE","Bintje","Rhizosphere soil","Asol","BS216c"
2025-11-21,"Alternaria",151,"right",1,"right1",2,48,2,2,1,"Actinobacteriota","Actinobacteria","Streptomycetales","Streptomycetaceae","Streptomyces","ARE","Bintje","Rhizosphere soil","Asol","BS219b"
2025-11-21,"Alternaria",151,"right",2,"right2",2,49,2,2,1,"Actinobacteriota","Actinobacteria","Corynebacteriales","Nocardiaceae","Nocardia","ARE","Bintje","Rhizosphere soil","Asol","BS228"
2025-11-21,"Alternaria",151,"right",3,"right3",2,50,2,0,1,"Actinobacteriota","Actinobacteria","Corynebacteriales","Nocardiaceae","Nocardia","ARE","Bintje","Rhizosphere soil","Asol","BS233"
2025-11-21,"Alternaria",151,"right",4,"right4",2,51,2,2,1,"Actinobacteriota","Actinobacteria","Streptomycetales","Streptomycetaceae","Streptomyces","ARE","Bintje","Rhizosphere soil","Asol","BS235"
2025-12-05,"Pythium",81,"left",1,"left1",1,118,1,1,1,"Actinobacteriota","Actinobacteria","Streptomycetales","Streptomycetaceae","Streptomyces","TSA","Bintje","Root","Pult","BR113"
2025-12-05,"Pythium",81,"left",2,"left2",1,119,1,0,1,"Actinobacteriota","Actinobacteria","Streptomycetales","Streptomycetaceae","Streptomyces","TSA","Bintje","Root","Pult","BR114"
2025-12-05,"Pythium",81,"left",3,"left3",1,120,1,0,1,"Actinobacteriota","Actinobacteria","Streptomycetales","Streptomycetaceae","Streptomyces","TSA","Bintje","Root","Pult","BR117"
2025-12-05,"Pythium",81,"left",4,"left4",1,121,1,1,1,"Actinobacteriota","Actinobacteria","Streptomycetales","Streptomycetaceae","Streptomyces","TSA","Bintje","Root","Pult","BR131"
2025-12-05,"Pythium",81,"left",5,"left5",1,122,1,0,1,"Actinobacteriota","Actinobacteria","Streptomycetales","Streptomycetaceae","Streptomyces","TSA","Bintje","Root","Pult","BR132"
2025-12-05,"Pythium",81,"left",6,"left6",1,123,1,0,1,"Actinobacteriota","Actinobacteria","Streptomycetales","Streptomycetaceae","Streptomyces","ARE","Bintje","Root","Pult","BR142"
2025-12-05,"Pythium",81,"left",7,"left7",1,124,1,1,1,"Actinobacteriota","Actinobacteria","Streptomycetales","Streptomycetaceae","Streptomyces","ARE","Bintje","Root","Pult","BR143"
2025-12-05,"Pythium",81,"left",8,"left8",1,125,1,0,1,"Actinobacteriota","Actinobacteria","Streptomycetales","Streptomycetaceae","Streptomyces","ARE","Bintje","Root","Pult","BR163"
2025-12-05,"Pythium",81,"right",1,"right1",1,126,1,2,1,"Actinobacteriota","Actinobacteria","Streptomycetales","Streptomycetaceae","Streptomyces","ARE","Bintje","Root","Pult","BR159"
2025-12-05,"Pythium",81,"right",2,"right2",1,127,1,0,1,"Actinobacteriota","Actinobacteria","Streptomycetales","Streptomycetaceae","Streptomyces","ARE","Bintje","Root","Pult","BR164"
2025-12-05,"Pythium",81,"right",3,"right3",1,128,1,1,1,"Actinobacteriota","Actinobacteria","Streptomycetales","Streptomycetaceae","Streptomyces","ARE","Bintje","Root","Pult","BR165"
2025-12-05,"Pythium",81,"right",4,"right4",1,129,1,0,1,"Actinobacteriota","Actinobacteria","Streptomycetales","Streptomycetaceae","Streptomyces","ActIA","Bintje","Rhizosphere soil","Pult","BS078"
2025-12-05,"Pythium",81,"right",5,"right5",1,130,1,1,1,"Actinobacteriota","Actinobacteria","Streptomycetales","Streptomycetaceae","Streptomyces","ActIA","Bintje","Rhizosphere soil","Pult","BS082"
2025-12-05,"Pythium",82,"left",1,"left1",1,131,1,0,1,"Actinobacteriota","Actinobacteria","Streptomycetales","Streptomycetaceae","Streptomyces","ActIA","Bintje","Rhizosphere soil","Pult","BS084"
2025-12-05,"Pythium",82,"left",2,"left2",1,132,1,1,1,"Actinobacteriota","Actinobacteria","Streptomycetales","Streptomycetaceae","Streptomyces","ActIA","Bintje","Rhizosphere soil","Pult","BS085"
2025-12-05,"Pythium",82,"left",3,"left3",1,133,1,2,1,"Actinobacteriota","Actinobacteria","Streptomycetales","Streptomycetaceae","Streptomyces","ActIA","Bintje","Rhizosphere soil","Pult","BS086"
2025-12-05,"Pythium",82,"left",4,"left4",1,134,1,2,1,"Actinobacteriota","Actinobacteria","Streptomycetales","Streptomycetaceae","Streptomyces","ActIA","Bintje","Rhizosphere soil","Pult","BS089"
2025-12-05,"Pythium",82,"left",5,"left5",1,135,1,0,1,"Actinobacteriota","Actinobacteria","Streptomycetales","Streptomycetaceae","Streptomyces","ActIA","Bintje","Rhizosphere soil","Pult","BS090"
2025-12-05,"Pythium",82,"left",7,"left7",1,137,1,0,1,"Actinobacteriota","Actinobacteria","Streptomycetales","Streptomycetaceae","Streptomyces","ActIA","Bintje","Rhizosphere soil","Pult","BS093b"
2025-12-05,"Pythium",82,"left",8,"left8",1,138,1,0,1,"Actinobacteriota","Actinobacteria","Streptomycetales","Streptomycetaceae","Streptomyces","ActIA","Bintje","Rhizosphere soil","Pult","BS093c"
2025-12-05,"Pythium",82,"right",1,"right1",1,139,1,0,1,"Actinobacteriota","Actinobacteria","Streptomycetales","Streptomycetaceae","Streptomyces","ActIA","Bintje","Rhizosphere soil","Pult","BS096"
2025-12-05,"Pythium",82,"right",2,"right2",1,140,1,2,1,"Actinobacteriota","Actinobacteria","Streptomycetales","Streptomycetaceae","Streptomyces","ActIA","Bintje","Rhizosphere soil","Pult","BS097a"
2025-12-05,"Pythium",82,"right",3,"right3",1,141,1,2,1,"Actinobacteriota","Actinobacteria","Streptomycetales","Streptomycetaceae","Streptomyces","ActIA","Bintje","Rhizosphere soil","Pult","BS112"
2025-12-05,"Pythium",82,"right",4,"right4",1,142,1,0,1,"Actinobacteriota","Actinobacteria","Streptomycetales","Streptomycetaceae","Streptomyces","ActIA","Bintje","Rhizosphere soil","Pult","BS115"
2025-12-05,"Pythium",83,"left",1,"left1",1,144,1,2,1,"Actinobacteriota","Actinobacteria","Streptomycetales","Streptomycetaceae","Streptomyces","ActIA","Bintje","Rhizosphere soil","Pult","BS128"
2025-12-05,"Pythium",83,"left",2,"left2",1,145,1,0,1,"Actinobacteriota","Actinobacteria","Streptomycetales","Streptomycetaceae","Streptomyces","ActIA","Bintje","Rhizosphere soil","Pult","BS129b"
2025-12-05,"Pythium",83,"left",3,"left3",1,146,1,0,1,"Actinobacteriota","Actinobacteria","Streptomycetales","Streptomycetaceae","Streptomyces","ActIA","Bintje","Rhizosphere soil","Pult","BS136"
2025-12-05,"Pythium",83,"left",5,"left5",1,148,1,0,1,"Actinobacteriota","Actinobacteria","Streptomycetales","Streptomycetaceae","Streptomyces","ActIA","Bintje","Rhizosphere soil","Pult","BS137a"
2025-12-05,"Pythium",83,"left",6,"left6",1,149,1,0,1,"Actinobacteriota","Actinobacteria","Streptomycetales","Streptomycetaceae","Streptomyces","ActIA","Bintje","Rhizosphere soil","Pult","BS137b"
2025-12-05,"Pythium",83,"left",7,"left7",1,150,1,0,1,"Actinobacteriota","Actinobacteria","Streptomycetales","Streptomycetaceae","Streptomyces","TSA","Bintje","Rhizosphere soil","Pult","BS140b"
2025-12-05,"Pythium",83,"left",8,"left8",1,151,1,0,1,"Actinobacteriota","Actinobacteria","Streptomycetales","Streptomycetaceae","Streptomyces","TSA","Bintje","Rhizosphere soil","Pult","BS145"
2025-12-05,"Pythium",83,"right",1,"right1",1,152,1,0,1,"Actinobacteriota","Actinobacteria","Streptomycetales","Streptomycetaceae","Streptomyces","TSA","Bintje","Rhizosphere soil","Pult","BS148"
2025-12-05,"Pythium",83,"right",2,"right2",1,153,1,2,1,"Actinobacteriota","Actinobacteria","Streptomycetales","Streptomycetaceae","Streptomyces","TSA","Bintje","Rhizosphere soil","Pult","BS149"
2025-12-05,"Pythium",83,"right",4,"right4",1,155,1,0,1,"Actinobacteriota","Actinobacteria","Streptomycetales","Streptomycetaceae","Streptomyces","TSA","Bintje","Rhizosphere soil","Pult","BS152"
2025-12-05,"Pythium",83,"right",5,"right5",1,156,1,1,1,"Actinobacteriota","Actinobacteria","Streptomycetales","Streptomycetaceae","Streptomyces","TSA","Bintje","Rhizosphere soil","Pult","BS155"
2025-12-05,"Pythium",84,"left",1,"left1",1,157,1,0,1,"Actinobacteriota","Actinobacteria","Streptomycetales","Streptomycetaceae","Streptomyces","TSA","Bintje","Rhizosphere soil","Pult","BS159"
2025-12-05,"Pythium",84,"left",2,"left2",1,158,1,0,1,"Actinobacteriota","Actinobacteria","Streptomycetales","Streptomycetaceae","Streptomyces","TSA","Bintje","Rhizosphere soil","Pult","BS160"
2025-12-05,"Pythium",84,"left",3,"left3",1,159,1,1,1,"Actinobacteriota","Actinobacteria","Streptomycetales","Streptomycetaceae","Streptomyces","TSA","Bintje","Rhizosphere soil","Pult","BS166"
2025-12-05,"Pythium",84,"left",4,"left4",1,160,1,0,1,"Actinobacteriota","Actinobacteria","Streptomycetales","Streptomycetaceae","Streptomyces","TSA","Bintje","Rhizosphere soil","Pult","BS167"
2025-12-05,"Pythium",84,"left",5,"left5",1,161,1,1,1,"Actinobacteriota","Actinobacteria","Streptomycetales","Streptomycetaceae","Streptomyces","TSA","Bintje","Rhizosphere soil","Pult","BS185"
2025-12-05,"Pythium",84,"left",6,"left6",1,162,1,0,1,"Actinobacteriota","Actinobacteria","Streptomycetales","Streptomycetaceae","Streptomyces","TSA","Bintje","Rhizosphere soil","Pult","BS188"
2025-12-05,"Pythium",84,"left",7,"left7",1,163,1,0,1,"Actinobacteriota","Actinobacteria","Streptomycetales","Streptomycetaceae","Streptomyces","TSA","Bintje","Rhizosphere soil","Pult","BS195b"
2025-12-05,"Pythium",84,"left",8,"left8",1,164,1,0,1,"Actinobacteriota","Actinobacteria","Streptomycetales","Streptomycetaceae","Streptomyces","TSA","Bintje","Rhizosphere soil","Pult","BS197b"
2025-12-05,"Pythium",84,"right",1,"right1",1,165,1,0,1,"Actinobacteriota","Actinobacteria","Streptomycetales","Streptomycetaceae","Streptomyces","TSA","Bintje","Rhizosphere soil","Pult","BS202"
2025-12-05,"Pythium",84,"right",2,"right2",1,166,1,0,1,"Actinobacteriota","Actinobacteria","Streptomycetales","Streptomycetaceae","Streptomyces","TSA","Bintje","Rhizosphere soil","Pult","BS204"
2025-12-05,"Pythium",84,"right",3,"right3",1,167,1,0,1,"Actinobacteriota","Actinobacteria","Streptomycetales","Streptomycetaceae","Streptomyces","TSA","Bintje","Rhizosphere soil","Pult","BS204a"
2025-12-05,"Pythium",84,"right",4,"right4",1,168,1,0,1,"Actinobacteriota","Actinobacteria","Streptomycetales","Streptomycetaceae","Streptomyces","TSA","Bintje","Rhizosphere soil","Pult","BS205"
2025-12-05,"Pythium",84,"right",5,"right5",1,169,1,0,1,"Actinobacteriota","Actinobacteria","Streptomycetales","Streptomycetaceae","Streptomyces","TSA","Bintje","Rhizosphere soil","Pult","BS207"
2025-12-05,"Pythium",85,"left",1,"left1",1,170,1,0,1,"Actinobacteriota","Actinobacteria","Streptomycetales","Streptomycetaceae","Streptomyces","ARE","Bintje","Rhizosphere soil","Pult","BS211"
2025-12-05,"Pythium",85,"left",2,"left2",1,171,1,1,1,"Actinobacteriota","Actinobacteria","Streptomycetales","Streptomycetaceae","Streptomyces","ARE","Bintje","Rhizosphere soil","Pult","BS212"
2025-12-05,"Pythium",85,"left",3,"left3",1,172,1,0,1,"Actinobacteriota","Actinobacteria","Streptomycetales","Streptomycetaceae","Streptomyces","ARE","Bintje","Rhizosphere soil","Pult","BS213"
2025-12-05,"Pythium",85,"left",4,"left4",1,173,1,0,1,"Actinobacteriota","Actinobacteria","Streptomycetales","Streptomycetaceae","Streptomyces","ARE","Bintje","Rhizosphere soil","Pult","BS214"
2025-12-05,"Pythium",85,"left",5,"left5",1,174,1,0,1,"Actinobacteriota","Actinobacteria","Streptomycetales","Streptomycetaceae","Streptomyces","ARE","Bintje","Rhizosphere soil","Pult","BS215a"
2025-12-05,"Pythium",85,"left",7,"left7",1,176,1,0,1,"Actinobacteriota","Actinobacteria","Streptomycetales","Streptomycetaceae","Streptomyces","ARE","Bintje","Rhizosphere soil","Pult","BS217"
2025-12-05,"Pythium",85,"left",8,"left8",1,177,1,0,1,"Actinobacteriota","Actinobacteria","Streptomycetales","Streptomycetaceae","Streptomyces","ARE","Bintje","Rhizosphere soil","Pult","BS218"
2025-12-05,"Pythium",85,"right",2,"right2",1,179,1,0,1,"Actinobacteriota","Actinobacteria","Streptomycetales","Streptomycetaceae","Streptomyces","ARE","Bintje","Rhizosphere soil","Pult","BS219c"
2025-12-05,"Pythium",85,"right",3,"right3",1,180,1,1,1,"Actinobacteriota","Actinobacteria","Streptomycetales","Streptomycetaceae","Streptomyces","ARE","Bintje","Rhizosphere soil","Pult","BS220"
2025-12-05,"Pythium",85,"right",4,"right4",1,181,1,1,1,"Actinobacteriota","Actinobacteria","Streptomycetales","Streptomycetaceae","Streptomyces","ARE","Bintje","Rhizosphere soil","Pult","BS226"
2025-12-05,"Pythium",85,"right",5,"right5",1,182,1,1,1,"Actinobacteriota","Actinobacteria","Streptomycetales","Streptomycetaceae","Streptomyces","ARE","Bintje","Rhizosphere soil","Pult","BS227"
2025-12-05,"Pythium",86,"left",2,"left2",1,184,1,0,1,"Actinobacteriota","Actinobacteria","Streptomycetales","Streptomycetaceae","Streptomyces","ARE","Bintje","Rhizosphere soil","Pult","BS234"
2025-12-05,"Pythium",86,"left",3,"left3",1,185,1,0,1,"Actinobacteriota","Actinobacteria","Streptomycetales","Streptomycetaceae","Streptomyces","ARE","Bintje","Rhizosphere soil","Pult","BS238"
2025-12-05,"Pythium",86,"left",4,"left4",1,186,1,0,1,"Actinobacteriota","Actinobacteria","Streptomycetales","Streptomycetaceae","Streptomyces","ActIA","Innovator","Root","Pult","AR101"
2025-12-05,"Pythium",86,"right",1,"right1",1,187,1,0,1,"Actinobacteriota","Actinobacteria","Streptomycetales","Streptomycetaceae","Streptomyces","ActIA","Bintje","Rhizosphere soil","Pult","BS093a"
2025-12-05,"Pythium",86,"right",2,"right2",1,188,1,1,1,"Actinobacteriota","Actinobacteria","Streptomycetales","Streptomycetaceae","Streptomyces","ActIA","Innovator","Root","Pult","AR121"
2025-12-05,"Pythium",87,"left",2,"left2",2,2,1,0,1,"Actinobacteriota","Actinobacteria","Streptomycetales","Streptomycetaceae","Streptomyces","TSA","Innovator","Root","Pult","AR015"
2025-12-05,"Pythium",87,"left",3,"left3",2,3,1,2,1,"Actinobacteriota","Actinobacteria","Streptomycetales","Streptomycetaceae","Streptomyces","TSA","Innovator","Root","Pult","AR019"
2025-12-05,"Pythium",87,"left",4,"left4",2,4,1,0,1,"Actinobacteriota","Actinobacteria","Streptomycetales","Streptomycetaceae","Streptomyces","TSA","Innovator","Root","Pult","AR031"
2025-12-05,"Pythium",87,"left",5,"left5",2,5,1,0,1,"Actinobacteriota","Actinobacteria","Streptomycetales","Streptomycetaceae","Streptomyces","TSA","Innovator","Root","Pult","AR040"
2025-12-05,"Pythium",87,"left",7,"left7",2,7,1,0,1,"Actinobacteriota","Actinobacteria","Streptomycetales","Streptomycetaceae","Streptomyces","TSA","Innovator","Root","Pult","AR045"
2025-12-05,"Pythium",87,"left",8,"left8",2,8,1,0,1,"Actinobacteriota","Actinobacteria","Streptomycetales","Streptomycetaceae","Streptomyces","ARE","Innovator","Root","Pult","AR064"
2025-12-05,"Pythium",87,"right",1,"right1",2,9,1,0,1,"Actinobacteriota","Actinobacteria","Streptomycetales","Streptomycetaceae","Streptomyces","ARE","Innovator","Root","Pult","AR083c"
2025-12-05,"Pythium",87,"right",2,"right2",2,10,1,1,1,"Actinobacteriota","Actinobacteria","Streptomycetales","Streptomycetaceae","Streptomyces","ARE","Innovator","Root","Pult","AR083d"
2025-12-05,"Pythium",87,"right",3,"right3",2,11,1,1,1,"Actinobacteriota","Actinobacteria","Streptomycetales","Streptomycetaceae","Streptomyces","ActIA","Innovator","Root","Pult","AR092"
2025-12-05,"Pythium",87,"right",4,"right4",2,12,1,0,0,"Actinobacteriota","Actinobacteria","Streptomycetales","Streptomycetaceae","Streptomyces","ActIA","Innovator","Root","Pult","AR127"
2025-12-05,"Pythium",87,"right",5,"right5",2,13,1,0,1,"Actinobacteriota","Actinobacteria","Streptomycetales","Streptomycetaceae","Streptomyces","TSA","Innovator","Rhizosphere soil","Pult","AS005"
2025-12-05,"Pythium",88,"left",1,"left1",2,14,1,0,1,"Actinobacteriota","Actinobacteria","Propionibacteriales","Nocardioidaceae","Nocardioides","TSA","Innovator","Rhizosphere soil","Pult","AS010"
2025-12-05,"Pythium",88,"left",2,"left2",2,15,1,0,1,"Actinobacteriota","Actinobacteria","Streptomycetales","Streptomycetaceae","Streptomyces","ARE","Innovator","Rhizosphere soil","Pult","AS048"
2025-12-05,"Pythium",88,"left",5,"left5",2,18,1,0,1,"Actinobacteriota","Actinobacteria","Propionibacteriales","Nocardioidaceae","Nocardioides","ActIA","Innovator","Rhizosphere soil","Pult","AS106"
2025-12-05,"Pythium",88,"left",6,"left6",2,19,1,0,1,"Actinobacteriota","Actinobacteria","Corynebacteriales","Nocardiaceae","Nocardia","ActIA","Innovator","Rhizosphere soil","Pult","AS107"
2025-12-05,"Pythium",88,"left",7,"left7",2,20,1,0,1,"Actinobacteriota","Actinobacteria","Propionibacteriales","Nocardioidaceae","Nocardioides","ActIA","Innovator","Rhizosphere soil","Pult","AS108"
2025-12-05,"Pythium",88,"left",8,"left8",2,21,1,0,1,"Actinobacteriota","Actinobacteria","Streptomycetales","Streptomycetaceae","Streptomyces","ActIA","Innovator","Rhizosphere soil","Pult","AS112"
2025-12-05,"Pythium",88,"right",1,"right1",2,22,1,0,1,"Actinobacteriota","Actinobacteria","Propionibacteriales","Nocardioidaceae","Nocardioides","ActIA","Innovator","Rhizosphere soil","Pult","AS121b"
2025-12-05,"Pythium",88,"right",2,"right2",2,23,1,0,1,"Actinobacteriota","Actinobacteria","Corynebacteriales","Nocardiaceae","Nocardia","ActIA","Innovator","Rhizosphere soil","Pult","AS127"
2025-12-05,"Pythium",88,"right",3,"right3",2,24,1,0,1,"Actinobacteriota","Actinobacteria","Propionibacteriales","Nocardioidaceae","Nocardioides","ActIA","Innovator","Rhizosphere soil","Pult","AS133"
2025-12-05,"Pythium",88,"right",5,"right5",2,26,1,0,1,"Actinobacteriota","Actinobacteria","Propionibacteriales","Nocardioidaceae","Nocardioides","ActIA","Bintje","Leaf","Pult","BL047a"
2025-12-05,"Pythium",89,"left",1,"left1",2,27,1,0,1,"Actinobacteriota","Actinobacteria","Streptomycetales","Streptomycetaceae","Streptomyces","ActIA","Bintje","Root","Pult","BR063"
2025-12-05,"Pythium",89,"left",2,"left2",2,28,1,0,1,"Actinobacteriota","Actinobacteria","Propionibacteriales","Nocardioidaceae","Nocardioides","ActIA","Bintje","Root","Pult","BR081"
2025-12-05,"Pythium",89,"left",3,"left3",2,29,1,0,1,"Actinobacteriota","Actinobacteria","Streptomycetales","Streptomycetaceae","Streptomyces","ActIA","Bintje","Root","Pult","BR084"
2025-12-05,"Pythium",89,"left",5,"left5",2,31,1,0,1,"Actinobacteriota","Actinobacteria","Streptomycetales","Streptomycetaceae","Streptomyces","ActIA","Bintje","Root","Pult","BR085"
2025-12-05,"Pythium",89,"left",7,"left7",2,33,1,0,1,"Actinobacteriota","Actinobacteria","Streptomycetales","Streptomycetaceae","Streptomyces","TSA","Bintje","Root","Pult","BR092b"
2025-12-05,"Pythium",89,"left",8,"left8",2,34,1,0,1,"Actinobacteriota","Actinobacteria","Streptomycetales","Streptomycetaceae","Streptomyces","TSA","Bintje","Root","Pult","BR123"
2025-12-05,"Pythium",89,"right",1,"right1",2,35,1,1,1,"Actinobacteriota","Actinobacteria","Corynebacteriales","Nocardiaceae","Nocardia","ARE","Bintje","Root","Pult","BR162"
2025-12-05,"Pythium",89,"right",3,"right3",2,37,1,0,1,"Actinobacteriota","Actinobacteria","Propionibacteriales","Nocardioidaceae","Nocardioides","ActIA","Bintje","Rhizosphere soil","Pult","BS088"
2025-12-05,"Pythium",89,"right",5,"right5",2,39,1,0,1,"Actinobacteriota","Actinobacteria","Propionibacteriales","Nocardioidaceae","Nocardioides","TSA","Bintje","Rhizosphere soil","Pult","BS157"
2025-12-05,"Pythium",90,"left",1,"left1",2,40,1,0,1,"Actinobacteriota","Actinobacteria","Streptomycetales","Streptomycetaceae","Streptomyces","TSA","Bintje","Rhizosphere soil","Pult","BS184"
2025-12-05,"Pythium",90,"left",3,"left3",2,42,1,2,1,"Actinobacteriota","Actinobacteria","Streptomycetales","Streptomycetaceae","Streptomyces","TSA","Bintje","Rhizosphere soil","Pult","BS195a"
2025-12-05,"Pythium",90,"left",4,"left4",2,43,1,2,1,"Actinobacteriota","Actinobacteria","Streptomycetales","Streptomycetaceae","Streptomyces","TSA","Bintje","Rhizosphere soil","Pult","BS197a"
2025-12-05,"Pythium",90,"left",5,"left5",2,44,1,0,1,"Actinobacteriota","Actinobacteria","Streptomycetales","Streptomycetaceae","Streptomyces","TSA","Bintje","Rhizosphere soil","Pult","BS198"
2025-12-05,"Pythium",90,"left",7,"left7",2,46,1,0,1,"Actinobacteriota","Actinobacteria","Streptomycetales","Streptomycetaceae","Streptomyces","ARE","Bintje","Rhizosphere soil","Pult","BS216a"
2025-12-05,"Pythium",90,"left",8,"left8",2,47,1,0,1,"Actinobacteriota","Actinobacteria","Streptomycetales","Streptomycetaceae","Streptomyces","ARE","Bintje","Rhizosphere soil","Pult","BS216c"
2025-12-05,"Pythium",90,"right",1,"right1",2,48,1,0,1,"Actinobacteriota","Actinobacteria","Streptomycetales","Streptomycetaceae","Streptomyces","ARE","Bintje","Rhizosphere soil","Pult","BS219b"
2025-12-05,"Pythium",90,"right",2,"right2",2,49,1,0,1,"Actinobacteriota","Actinobacteria","Corynebacteriales","Nocardiaceae","Nocardia","ARE","Bintje","Rhizosphere soil","Pult","BS228"
2025-12-05,"Pythium",90,"right",3,"right3",2,50,1,0,1,"Actinobacteriota","Actinobacteria","Corynebacteriales","Nocardiaceae","Nocardia","ARE","Bintje","Rhizosphere soil","Pult","BS233"
2025-12-05,"Pythium",90,"right",4,"right4",2,51,1,1,1,"Actinobacteriota","Actinobacteria","Streptomycetales","Streptomycetaceae","Streptomyces","ARE","Bintje","Rhizosphere soil","Pult","BS235"
2025-12-12,"Pythium",93,"left",1,"left1",1,27,2,0,1,"Actinobacteriota","Actinobacteria","Streptomycetales","Streptomycetaceae","Streptomyces","TSA","Innovator","Root","Pult","AR050"
2025-12-12,"Pythium",93,"left",2,"left2",1,28,2,0,1,"Actinobacteriota","Actinobacteria","Streptomycetales","Streptomycetaceae","Streptomyces","ARE","Innovator","Root","Pult","AR062"
2025-12-12,"Pythium",93,"left",3,"left3",1,29,2,1,1,"Actinobacteriota","Actinobacteria","Streptomycetales","Streptomycetaceae","Streptomyces","ARE","Innovator","Root","Pult","AR065"
2025-12-12,"Pythium",93,"left",4,"left4",1,30,2,0,1,"Actinobacteriota","Actinobacteria","Streptomycetales","Streptomycetaceae","Streptomyces","ARE","Innovator","Root","Pult","AR069"
2025-12-12,"Pythium",93,"left",5,"left5",1,31,2,1,1,"Actinobacteriota","Actinobacteria","Streptomycetales","Streptomycetaceae","Streptomyces","ARE","Innovator","Root","Pult","AR072"
2025-12-12,"Pythium",93,"left",6,"left6",1,32,2,1,1,"Actinobacteriota","Actinobacteria","Streptomycetales","Streptomycetaceae","Streptomyces","ARE","Innovator","Root","Pult","AR082"
2025-12-12,"Pythium",93,"left",7,"left7",1,33,2,0,1,"Actinobacteriota","Actinobacteria","Streptomycetales","Streptomycetaceae","Streptomyces","ARE","Innovator","Root","Pult","AR083b"
2025-12-12,"Pythium",93,"left",8,"left8",1,34,2,0,1,"Actinobacteriota","Actinobacteria","Streptomycetales","Streptomycetaceae","Streptomyces","ARE","Innovator","Root","Pult","AR085"
2025-12-12,"Pythium",93,"right",1,"right1",1,35,2,0,1,"Actinobacteriota","Actinobacteria","Streptomycetales","Streptomycetaceae","Streptomyces","ActIA","Innovator","Root","Pult","AR091"
2025-12-12,"Pythium",93,"right",2,"right2",1,36,2,2,1,"Actinobacteriota","Actinobacteria","Streptomycetales","Streptomycetaceae","Streptomyces","ActIA","Innovator","Root","Pult","AR092b"
2025-12-12,"Pythium",93,"right",3,"right3",1,37,2,2,1,"Actinobacteriota","Actinobacteria","Streptomycetales","Streptomycetaceae","Streptomyces","ActIA","Innovator","Root","Pult","AR094"
2025-12-12,"Pythium",93,"right",4,"right4",1,38,2,1,1,"Actinobacteriota","Actinobacteria","Streptomycetales","Streptomycetaceae","Streptomyces","ActIA","Innovator","Root","Pult","AR108"
2025-12-12,"Pythium",93,"right",5,"right5",1,39,2,0,1,"Actinobacteriota","Actinobacteria","Streptomycetales","Streptomycetaceae","Streptomyces","ActIA","Innovator","Root","Pult","AR109"
2025-12-12,"Pythium",94,"left",2,"left2",1,41,2,0,1,"Actinobacteriota","Actinobacteria","Streptomycetales","Streptomycetaceae","Streptomyces","ActIA","Innovator","Root","Pult","AR113"
2025-12-12,"Pythium",94,"left",3,"left3",1,42,2,0,1,"Actinobacteriota","Actinobacteria","Streptomycetales","Streptomycetaceae","Streptomyces","ActIA","Innovator","Root","Pult","AR115"
2025-12-12,"Pythium",94,"left",4,"left4",1,43,2,1,1,"Actinobacteriota","Actinobacteria","Streptomycetales","Streptomycetaceae","Streptomyces","ActIA","Innovator","Root","Pult","AR124"
2025-12-12,"Pythium",94,"left",5,"left5",1,44,2,0,1,"Actinobacteriota","Actinobacteria","Streptomycetales","Streptomycetaceae","Streptomyces","ActIA","Innovator","Root","Pult","AR170"
2025-12-12,"Pythium",94,"left",6,"left6",1,45,2,0,1,"Actinobacteriota","Actinobacteria","Streptomycetales","Streptomycetaceae","Streptomyces","TSA","Innovator","Rhizosphere soil","Pult","AS002"
2025-12-12,"Pythium",94,"left",7,"left7",1,46,2,0,1,"Actinobacteriota","Actinobacteria","Streptomycetales","Streptomycetaceae","Streptomyces","TSA","Innovator","Rhizosphere soil","Pult","AS004"
2025-12-12,"Pythium",94,"left",8,"left8",1,47,2,0,1,"Actinobacteriota","Actinobacteria","Streptomycetales","Streptomycetaceae","Streptomyces","TSA","Innovator","Rhizosphere soil","Pult","AS007"
2025-12-12,"Pythium",94,"right",1,"right1",1,48,2,1,1,"Actinobacteriota","Actinobacteria","Streptomycetales","Streptomycetaceae","Streptomyces","TSA","Innovator","Rhizosphere soil","Pult","AS008"
2025-12-12,"Pythium",94,"right",2,"right2",1,49,2,0,1,"Actinobacteriota","Actinobacteria","Streptomycetales","Streptomycetaceae","Streptomyces","TSA","Innovator","Rhizosphere soil","Pult","AS014"
2025-12-12,"Pythium",94,"right",3,"right3",1,50,2,1,1,"Actinobacteriota","Actinobacteria","Streptomycetales","Streptomycetaceae","Streptomyces","TSA","Innovator","Rhizosphere soil","Pult","AS020"
2025-12-12,"Pythium",94,"right",4,"right4",1,51,2,0,1,"Actinobacteriota","Actinobacteria","Streptomycetales","Streptomycetaceae","Streptomyces","TSA","Innovator","Rhizosphere soil","Pult","AS032"
2025-12-12,"Pythium",94,"right",5,"right5",1,52,2,0,1,"Actinobacteriota","Actinobacteria","Streptomycetales","Streptomycetaceae","Streptomyces","TSA","Innovator","Rhizosphere soil","Pult","AS037"
2025-12-12,"Pythium",95,"left",2,"left2",1,54,2,0,1,"Actinobacteriota","Actinobacteria","Streptomycetales","Streptomycetaceae","Streptomyces","TSA","Innovator","Rhizosphere soil","Pult","AS041"
2025-12-12,"Pythium",95,"left",3,"left3",1,55,2,0,1,"Actinobacteriota","Actinobacteria","Streptomycetales","Streptomycetaceae","Streptomyces","ARE","Innovator","Rhizosphere soil","Pult","AS046"
2025-12-12,"Pythium",95,"left",4,"left4",1,56,2,1,1,"Actinobacteriota","Actinobacteria","Streptomycetales","Streptomycetaceae","Streptomyces","ARE","Innovator","Rhizosphere soil","Pult","AS053"
2025-12-12,"Pythium",95,"left",5,"left5",1,57,2,0,1,"Actinobacteriota","Actinobacteria","Streptomycetales","Streptomycetaceae","Streptomyces","ARE","Innovator","Rhizosphere soil","Pult","AS065"
2025-12-12,"Pythium",95,"left",6,"left6",1,58,2,1,1,"Actinobacteriota","Actinobacteria","Streptomycetales","Streptomycetaceae","Streptomyces","ARE","Innovator","Rhizosphere soil","Pult","AS073"
2025-12-12,"Pythium",95,"right",1,"right1",1,61,2,1,1,"Actinobacteriota","Actinobacteria","Streptomycetales","Streptomycetaceae","Streptomyces","ARE","Innovator","Rhizosphere soil","Pult","AS078"
2025-12-12,"Pythium",95,"right",2,"right2",1,62,2,0,1,"Actinobacteriota","Actinobacteria","Streptomycetales","Streptomycetaceae","Streptomyces","ARE","Innovator","Rhizosphere soil","Pult","AS079"
2025-12-12,"Pythium",95,"right",3,"right3",1,63,2,0,1,"Actinobacteriota","Actinobacteria","Streptomycetales","Streptomycetaceae","Streptomyces","ActIA","Innovator","Rhizosphere soil","Pult","AS097"
2025-12-12,"Pythium",95,"right",4,"right4",1,64,2,1,1,"Actinobacteriota","Actinobacteria","Streptomycetales","Streptomycetaceae","Streptomyces","ActIA","Innovator","Rhizosphere soil","Pult","AS098"
2025-12-12,"Pythium",95,"right",5,"right5",1,65,2,0,1,"Actinobacteriota","Actinobacteria","Streptomycetales","Streptomycetaceae","Streptomyces","ActIA","Innovator","Rhizosphere soil","Pult","AS099"
2025-12-12,"Pythium",96,"left",1,"left1",1,66,2,0,1,"Actinobacteriota","Actinobacteria","Streptomycetales","Streptomycetaceae","Streptomyces","ActIA","Innovator","Rhizosphere soil","Pult","AS100"
2025-12-12,"Pythium",96,"left",2,"left2",1,67,2,2,1,"Actinobacteriota","Actinobacteria","Streptomycetales","Streptomycetaceae","Streptomyces","ActIA","Innovator","Rhizosphere soil","Pult","AS104"
2025-12-12,"Pythium",96,"left",3,"left3",1,68,2,0,1,"Actinobacteriota","Actinobacteria","Streptomycetales","Streptomycetaceae","Streptomyces","ActIA","Innovator","Rhizosphere soil","Pult","AS105"
2025-12-12,"Pythium",96,"left",4,"left4",1,69,2,0,1,"Actinobacteriota","Actinobacteria","Streptomycetales","Streptomycetaceae","Streptomyces","ActIA","Innovator","Rhizosphere soil","Pult","AS111"
2025-12-12,"Pythium",96,"left",5,"left5",1,70,2,0,1,"Actinobacteriota","Actinobacteria","Streptomycetales","Streptomycetaceae","Streptomyces","ActIA","Innovator","Rhizosphere soil","Pult","AS113"
2025-12-12,"Pythium",96,"left",6,"left6",1,71,2,0,1,"Actinobacteriota","Actinobacteria","Streptomycetales","Streptomycetaceae","Streptomyces","ActIA","Innovator","Rhizosphere soil","Pult","AS114"
2025-12-12,"Pythium",96,"left",7,"left7",1,72,2,0,1,"Actinobacteriota","Actinobacteria","Streptomycetales","Streptomycetaceae","Streptomyces","ActIA","Innovator","Rhizosphere soil","Pult","AS115"
2025-12-12,"Pythium",96,"left",8,"left8",1,73,2,0,1,"Actinobacteriota","Actinobacteria","Streptomycetales","Streptomycetaceae","Streptomyces","ActIA","Innovator","Rhizosphere soil","Pult","AS116"
2025-12-12,"Pythium",96,"right",1,"right1",1,74,2,0,1,"Actinobacteriota","Actinobacteria","Streptomycetales","Streptomycetaceae","Streptomyces","ActIA","Innovator","Rhizosphere soil","Pult","AS118"
2025-12-12,"Pythium",96,"right",2,"right2",1,75,2,0,1,"Actinobacteriota","Actinobacteria","Streptomycetales","Streptomycetaceae","Streptomyces","ActIA","Innovator","Rhizosphere soil","Pult","AS120"
2025-12-12,"Pythium",96,"right",3,"right3",1,76,2,0,1,"Actinobacteriota","Actinobacteria","Streptomycetales","Streptomycetaceae","Streptomyces","ActIA","Innovator","Rhizosphere soil","Pult","AS121a"
2025-12-12,"Pythium",96,"right",4,"right4",1,77,2,0,1,"Actinobacteriota","Actinobacteria","Streptomycetales","Streptomycetaceae","Streptomyces","ActIA","Innovator","Rhizosphere soil","Pult","AS121c"
2025-12-12,"Pythium",96,"right",5,"right5",1,78,2,1,1,"Actinobacteriota","Actinobacteria","Streptomycetales","Streptomycetaceae","Streptomyces","ActIA","Innovator","Rhizosphere soil","Pult","AS131"
2025-12-12,"Pythium",97,"left",1,"left1",1,79,2,0,1,"Actinobacteriota","Actinobacteria","Streptomycetales","Streptomycetaceae","Streptomyces","ActIA","Innovator","Rhizosphere soil","Pult","AS136"
2025-12-12,"Pythium",97,"left",2,"left2",1,80,2,0,1,"Actinobacteriota","Actinobacteria","Streptomycetales","Streptomycetaceae","Streptomyces","ActIA","Innovator","Rhizosphere soil","Pult","AS139a"
2025-12-12,"Pythium",97,"left",3,"left3",1,81,2,0,1,"Actinobacteriota","Actinobacteria","Streptomycetales","Streptomycetaceae","Streptomyces","ActIA","Innovator","Rhizosphere soil","Pult","AS140a"
2025-12-12,"Pythium",97,"left",4,"left4",1,82,2,0,1,"Actinobacteriota","Actinobacteria","Streptomycetales","Streptomycetaceae","Streptomyces","ActIA","Innovator","Rhizosphere soil","Pult","AS140b"
2025-12-12,"Pythium",97,"left",5,"left5",1,83,2,0,1,"Actinobacteriota","Actinobacteria","Streptomycetales","Streptomycetaceae","Streptomyces","ActIA","Innovator","Rhizosphere soil","Pult","AS141"
2025-12-12,"Pythium",97,"left",6,"left6",1,84,2,0,1,"Actinobacteriota","Actinobacteria","Streptomycetales","Streptomycetaceae","Streptomyces","ActIA","Innovator","Rhizosphere soil","Pult","AS142"
2025-12-12,"Pythium",97,"left",7,"left7",1,85,2,0,1,"Actinobacteriota","Actinobacteria","Streptomycetales","Streptomycetaceae","Streptomyces","ActIA","Innovator","Rhizosphere soil","Pult","AS143"
2025-12-12,"Pythium",97,"right",1,"right1",1,87,2,0,1,"Actinobacteriota","Actinobacteria","Streptomycetales","Streptomycetaceae","Streptomyces","ActIA","Innovator","Rhizosphere soil","Pult","AS145"
2025-12-12,"Pythium",97,"right",4,"right4",1,90,2,0,1,"Actinobacteriota","Actinobacteria","Streptomycetales","Streptomycetaceae","Streptomyces","ActIA","Bintje","Leaf","Pult","BL040a"
2025-12-12,"Pythium",97,"right",5,"right5",1,91,2,0,1,"Actinobacteriota","Actinobacteria","Streptomycetales","Streptomycetaceae","Streptomyces","ActIA","Bintje","Leaf","Pult","BL040b"
2025-12-12,"Pythium",98,"left",4,"left4",1,95,2,0,1,"Actinobacteriota","Actinobacteria","Streptomycetales","Streptomycetaceae","Streptomyces","ARE","Bintje","Leaf","Pult","BL087"
2025-12-12,"Pythium",98,"left",5,"left5",1,96,2,2,1,"Actinobacteriota","Actinobacteria","Streptomycetales","Streptomycetaceae","Streptomyces","ARE","Bintje","Leaf","Pult","BL091"
2025-12-12,"Pythium",98,"left",6,"left6",1,97,2,2,1,"Actinobacteriota","Actinobacteria","Streptomycetales","Streptomycetaceae","Streptomyces","ActIA","Bintje","Root","Pult","BR044"
2025-12-12,"Pythium",98,"left",7,"left7",1,98,2,2,1,"Actinobacteriota","Actinobacteria","Streptomycetales","Streptomycetaceae","Streptomyces","ActIA","Bintje","Root","Pult","BR045"
2025-12-12,"Pythium",98,"left",8,"left8",1,99,2,0,1,"Actinobacteriota","Actinobacteria","Streptomycetales","Streptomycetaceae","Streptomyces","ActIA","Bintje","Root","Pult","BR048"
2025-12-12,"Pythium",98,"right",1,"right1",1,100,2,0,1,"Actinobacteriota","Actinobacteria","Streptomycetales","Streptomycetaceae","Streptomyces","ActIA","Bintje","Root","Pult","BR051"
2025-12-12,"Pythium",98,"right",2,"right2",1,101,2,0,1,"Actinobacteriota","Actinobacteria","Streptomycetales","Streptomycetaceae","Streptomyces","ActIA","Bintje","Root","Pult","BR057"
2025-12-12,"Pythium",98,"right",3,"right3",1,102,2,0,1,"Actinobacteriota","Actinobacteria","Streptomycetales","Streptomycetaceae","Streptomyces","ActIA","Bintje","Root","Pult","BR060"
2025-12-12,"Pythium",98,"right",4,"right4",1,103,2,2,1,"Actinobacteriota","Actinobacteria","Streptomycetales","Streptomycetaceae","Streptomyces","ActIA","Bintje","Root","Pult","BR061"
2025-12-12,"Pythium",98,"right",5,"right5",1,104,2,2,1,"Actinobacteriota","Actinobacteria","Streptomycetales","Streptomycetaceae","Streptomyces","ActIA","Bintje","Root","Pult","BR065"
2025-12-12,"Pythium",99,"left",1,"left1",1,105,2,0,1,"Actinobacteriota","Actinobacteria","Streptomycetales","Streptomycetaceae","Streptomyces","ActIA","Bintje","Root","Pult","BR068"
2025-12-12,"Pythium",99,"left",2,"left2",1,106,2,0,1,"Actinobacteriota","Actinobacteria","Streptomycetales","Streptomycetaceae","Streptomyces","ActIA","Bintje","Root","Pult","BR070"
2025-12-12,"Pythium",99,"left",3,"left3",1,107,2,0,1,"Actinobacteriota","Actinobacteria","Streptomycetales","Streptomycetaceae","Streptomyces","ActIA","Bintje","Root","Pult","BR074"
2025-12-12,"Pythium",99,"left",4,"left4",1,108,2,2,1,"Actinobacteriota","Actinobacteria","Streptomycetales","Streptomycetaceae","Streptomyces","ActIA","Bintje","Root","Pult","BR079"
2025-12-12,"Pythium",99,"left",8,"left8",1,112,2,0,1,"Actinobacteriota","Actinobacteria","Streptomycetales","Streptomycetaceae","Streptomyces","TSA","Bintje","Root","Pult","BR092a"
2025-12-12,"Pythium",99,"right",3,"right3",1,115,2,0,1,"Actinobacteriota","Actinobacteria","Streptomycetales","Streptomycetaceae","Streptomyces","TSA","Bintje","Root","Pult","BR097"
2025-12-12,"Pythium",99,"right",4,"right4",1,116,2,2,1,"Actinobacteriota","Actinobacteria","Streptomycetales","Streptomycetaceae","Streptomyces","TSA","Bintje","Root","Pult","BR104"
2025-12-12,"Pythium",99,"right",5,"right5",1,117,2,0,1,"Actinobacteriota","Actinobacteria","Streptomycetales","Streptomycetaceae","Streptomyces","TSA","Bintje","Root","Pult","BR111"
2025-12-12,"Pythium",100,"left",1,"left1",1,118,2,2,1,"Actinobacteriota","Actinobacteria","Streptomycetales","Streptomycetaceae","Streptomyces","TSA","Bintje","Root","Pult","BR113"
2025-12-12,"Pythium",100,"left",2,"left2",1,119,2,0,1,"Actinobacteriota","Actinobacteria","Streptomycetales","Streptomycetaceae","Streptomyces","TSA","Bintje","Root","Pult","BR114"
2025-12-12,"Pythium",100,"left",3,"left3",1,120,2,0,1,"Actinobacteriota","Actinobacteria","Streptomycetales","Streptomycetaceae","Streptomyces","TSA","Bintje","Root","Pult","BR117"
2025-12-12,"Pythium",100,"left",4,"left4",1,121,2,2,1,"Actinobacteriota","Actinobacteria","Streptomycetales","Streptomycetaceae","Streptomyces","TSA","Bintje","Root","Pult","BR131"
2025-12-12,"Pythium",100,"left",5,"left5",1,122,2,0,1,"Actinobacteriota","Actinobacteria","Streptomycetales","Streptomycetaceae","Streptomyces","TSA","Bintje","Root","Pult","BR132"
2025-12-12,"Pythium",100,"left",6,"left6",1,123,2,0,1,"Actinobacteriota","Actinobacteria","Streptomycetales","Streptomycetaceae","Streptomyces","ARE","Bintje","Root","Pult","BR142"
2025-12-12,"Pythium",100,"left",7,"left7",1,124,2,1,1,"Actinobacteriota","Actinobacteria","Streptomycetales","Streptomycetaceae","Streptomyces","ARE","Bintje","Root","Pult","BR143"
2025-12-12,"Pythium",100,"left",8,"left8",1,125,2,0,1,"Actinobacteriota","Actinobacteria","Streptomycetales","Streptomycetaceae","Streptomyces","ARE","Bintje","Root","Pult","BR163"
2025-12-12,"Pythium",100,"right",1,"right1",1,126,2,1,1,"Actinobacteriota","Actinobacteria","Streptomycetales","Streptomycetaceae","Streptomyces","ARE","Bintje","Root","Pult","BR159"
2025-12-12,"Pythium",100,"right",2,"right2",1,127,2,0,1,"Actinobacteriota","Actinobacteria","Streptomycetales","Streptomycetaceae","Streptomyces","ARE","Bintje","Root","Pult","BR164"
2025-12-12,"Pythium",100,"right",3,"right3",1,128,2,2,1,"Actinobacteriota","Actinobacteria","Streptomycetales","Streptomycetaceae","Streptomyces","ARE","Bintje","Root","Pult","BR165"
2025-12-12,"Pythium",100,"right",4,"right4",1,129,2,0,1,"Actinobacteriota","Actinobacteria","Streptomycetales","Streptomycetaceae","Streptomyces","ActIA","Bintje","Rhizosphere soil","Pult","BS078"
2025-12-12,"Pythium",100,"right",5,"right5",1,130,2,1,1,"Actinobacteriota","Actinobacteria","Streptomycetales","Streptomycetaceae","Streptomyces","ActIA","Bintje","Rhizosphere soil","Pult","BS082"
2025-12-12,"Pythium",101,"left",1,"left1",1,131,2,0,1,"Actinobacteriota","Actinobacteria","Streptomycetales","Streptomycetaceae","Streptomyces","ActIA","Bintje","Rhizosphere soil","Pult","BS084"
2025-12-12,"Pythium",101,"left",2,"left2",1,132,2,1,1,"Actinobacteriota","Actinobacteria","Streptomycetales","Streptomycetaceae","Streptomyces","ActIA","Bintje","Rhizosphere soil","Pult","BS085"
2025-12-12,"Pythium",101,"left",3,"left3",1,133,2,2,1,"Actinobacteriota","Actinobacteria","Streptomycetales","Streptomycetaceae","Streptomyces","ActIA","Bintje","Rhizosphere soil","Pult","BS086"
2025-12-12,"Pythium",101,"left",4,"left4",1,134,2,2,1,"Actinobacteriota","Actinobacteria","Streptomycetales","Streptomycetaceae","Streptomyces","ActIA","Bintje","Rhizosphere soil","Pult","BS089"
2025-12-12,"Pythium",101,"left",5,"left5",1,135,2,1,1,"Actinobacteriota","Actinobacteria","Streptomycetales","Streptomycetaceae","Streptomyces","ActIA","Bintje","Rhizosphere soil","Pult","BS090"
2025-12-12,"Pythium",101,"left",7,"left7",1,137,2,0,1,"Actinobacteriota","Actinobacteria","Streptomycetales","Streptomycetaceae","Streptomyces","ActIA","Bintje","Rhizosphere soil","Pult","BS093b"
2025-12-12,"Pythium",101,"left",8,"left8",1,138,2,2,1,"Actinobacteriota","Actinobacteria","Streptomycetales","Streptomycetaceae","Streptomyces","ActIA","Bintje","Rhizosphere soil","Pult","BS093c"
2025-12-12,"Pythium",101,"right",1,"right1",1,139,2,0,1,"Actinobacteriota","Actinobacteria","Streptomycetales","Streptomycetaceae","Streptomyces","ActIA","Bintje","Rhizosphere soil","Pult","BS096"
2025-12-12,"Pythium",101,"right",2,"right2",1,140,2,2,1,"Actinobacteriota","Actinobacteria","Streptomycetales","Streptomycetaceae","Streptomyces","ActIA","Bintje","Rhizosphere soil","Pult","BS097a"
2025-12-12,"Pythium",101,"right",3,"right3",1,141,2,2,1,"Actinobacteriota","Actinobacteria","Streptomycetales","Streptomycetaceae","Streptomyces","ActIA","Bintje","Rhizosphere soil","Pult","BS112"
2025-12-12,"Pythium",101,"right",4,"right4",1,142,2,0,1,"Actinobacteriota","Actinobacteria","Streptomycetales","Streptomycetaceae","Streptomyces","ActIA","Bintje","Rhizosphere soil","Pult","BS115"
2025-12-12,"Pythium",103,"left",1,"left1",1,157,2,0,1,"Actinobacteriota","Actinobacteria","Streptomycetales","Streptomycetaceae","Streptomyces","TSA","Bintje","Rhizosphere soil","Pult","BS159"
2025-12-12,"Pythium",103,"left",2,"left2",1,158,2,0,1,"Actinobacteriota","Actinobacteria","Streptomycetales","Streptomycetaceae","Streptomyces","TSA","Bintje","Rhizosphere soil","Pult","BS160"
2025-12-12,"Pythium",103,"left",3,"left3",1,159,2,2,1,"Actinobacteriota","Actinobacteria","Streptomycetales","Streptomycetaceae","Streptomyces","TSA","Bintje","Rhizosphere soil","Pult","BS166"
2025-12-12,"Pythium",103,"left",4,"left4",1,160,2,1,1,"Actinobacteriota","Actinobacteria","Streptomycetales","Streptomycetaceae","Streptomyces","TSA","Bintje","Rhizosphere soil","Pult","BS167"
2025-12-12,"Pythium",103,"left",5,"left5",1,161,2,0,1,"Actinobacteriota","Actinobacteria","Streptomycetales","Streptomycetaceae","Streptomyces","TSA","Bintje","Rhizosphere soil","Pult","BS185"
2025-12-12,"Pythium",103,"left",6,"left6",1,162,2,1,1,"Actinobacteriota","Actinobacteria","Streptomycetales","Streptomycetaceae","Streptomyces","TSA","Bintje","Rhizosphere soil","Pult","BS188"
2025-12-12,"Pythium",103,"left",7,"left7",1,163,2,2,1,"Actinobacteriota","Actinobacteria","Streptomycetales","Streptomycetaceae","Streptomyces","TSA","Bintje","Rhizosphere soil","Pult","BS195b"
2025-12-12,"Pythium",103,"left",8,"left8",1,164,2,0,1,"Actinobacteriota","Actinobacteria","Streptomycetales","Streptomycetaceae","Streptomyces","TSA","Bintje","Rhizosphere soil","Pult","BS197b"
2025-12-12,"Pythium",103,"right",1,"right1",1,165,2,0,1,"Actinobacteriota","Actinobacteria","Streptomycetales","Streptomycetaceae","Streptomyces","TSA","Bintje","Rhizosphere soil","Pult","BS202"
2025-12-12,"Pythium",103,"right",2,"right2",1,166,2,0,1,"Actinobacteriota","Actinobacteria","Streptomycetales","Streptomycetaceae","Streptomyces","TSA","Bintje","Rhizosphere soil","Pult","BS204"
2025-12-12,"Pythium",103,"right",3,"right3",1,167,2,0,1,"Actinobacteriota","Actinobacteria","Streptomycetales","Streptomycetaceae","Streptomyces","TSA","Bintje","Rhizosphere soil","Pult","BS204a"
2025-12-12,"Pythium",103,"right",4,"right4",1,168,2,0,1,"Actinobacteriota","Actinobacteria","Streptomycetales","Streptomycetaceae","Streptomyces","TSA","Bintje","Rhizosphere soil","Pult","BS205"
2025-12-12,"Pythium",103,"right",5,"right5",1,169,2,2,1,"Actinobacteriota","Actinobacteria","Streptomycetales","Streptomycetaceae","Streptomyces","TSA","Bintje","Rhizosphere soil","Pult","BS207"
2025-12-12,"Pythium",104,"left",1,"left1",1,170,2,0,1,"Actinobacteriota","Actinobacteria","Streptomycetales","Streptomycetaceae","Streptomyces","ARE","Bintje","Rhizosphere soil","Pult","BS211"
2025-12-12,"Pythium",104,"left",2,"left2",1,171,2,0,1,"Actinobacteriota","Actinobacteria","Streptomycetales","Streptomycetaceae","Streptomyces","ARE","Bintje","Rhizosphere soil","Pult","BS212"
2025-12-12,"Pythium",104,"left",3,"left3",1,172,2,0,1,"Actinobacteriota","Actinobacteria","Streptomycetales","Streptomycetaceae","Streptomyces","ARE","Bintje","Rhizosphere soil","Pult","BS213"
2025-12-12,"Pythium",104,"left",4,"left4",1,173,2,0,1,"Actinobacteriota","Actinobacteria","Streptomycetales","Streptomycetaceae","Streptomyces","ARE","Bintje","Rhizosphere soil","Pult","BS214"
2025-12-12,"Pythium",104,"left",5,"left5",1,174,2,0,1,"Actinobacteriota","Actinobacteria","Streptomycetales","Streptomycetaceae","Streptomyces","ARE","Bintje","Rhizosphere soil","Pult","BS215a"
2025-12-12,"Pythium",104,"left",7,"left7",1,176,2,0,1,"Actinobacteriota","Actinobacteria","Streptomycetales","Streptomycetaceae","Streptomyces","ARE","Bintje","Rhizosphere soil","Pult","BS217"
2025-12-12,"Pythium",104,"left",8,"left8",1,177,2,0,1,"Actinobacteriota","Actinobacteria","Streptomycetales","Streptomycetaceae","Streptomyces","ARE","Bintje","Rhizosphere soil","Pult","BS218"
2025-12-12,"Pythium",104,"right",2,"right2",1,179,2,0,1,"Actinobacteriota","Actinobacteria","Streptomycetales","Streptomycetaceae","Streptomyces","ARE","Bintje","Rhizosphere soil","Pult","BS219c"
2025-12-12,"Pythium",104,"right",3,"right3",1,180,2,0,1,"Actinobacteriota","Actinobacteria","Streptomycetales","Streptomycetaceae","Streptomyces","ARE","Bintje","Rhizosphere soil","Pult","BS220"
2025-12-12,"Pythium",104,"right",4,"right4",1,181,2,2,1,"Actinobacteriota","Actinobacteria","Streptomycetales","Streptomycetaceae","Streptomyces","ARE","Bintje","Rhizosphere soil","Pult","BS226"
2025-12-12,"Pythium",104,"right",5,"right5",1,182,2,1,1,"Actinobacteriota","Actinobacteria","Streptomycetales","Streptomycetaceae","Streptomyces","ARE","Bintje","Rhizosphere soil","Pult","BS227"
2025-12-12,"Pythium",105,"left",2,"left2",1,184,2,0,1,"Actinobacteriota","Actinobacteria","Streptomycetales","Streptomycetaceae","Streptomyces","ARE","Bintje","Rhizosphere soil","Pult","BS234"
2025-12-12,"Pythium",105,"left",3,"left3",1,185,2,0,1,"Actinobacteriota","Actinobacteria","Streptomycetales","Streptomycetaceae","Streptomyces","ARE","Bintje","Rhizosphere soil","Pult","BS238"
2025-12-12,"Pythium",105,"left",4,"left4",1,186,2,0,1,"Actinobacteriota","Actinobacteria","Streptomycetales","Streptomycetaceae","Streptomyces","ActIA","Innovator","Root","Pult","AR101"
2025-12-12,"Pythium",105,"right",1,"right1",1,187,2,0,1,"Actinobacteriota","Actinobacteria","Streptomycetales","Streptomycetaceae","Streptomyces","ActIA","Bintje","Rhizosphere soil","Pult","BS093a"
2025-12-12,"Pythium",105,"right",2,"right2",1,188,2,0,1,"Actinobacteriota","Actinobacteria","Streptomycetales","Streptomycetaceae","Streptomyces","ActIA","Innovator","Root","Pult","AR121"
2025-12-12,"Pythium",106,"left",2,"left2",2,2,2,0,1,"Actinobacteriota","Actinobacteria","Streptomycetales","Streptomycetaceae","Streptomyces","TSA","Innovator","Root","Pult","AR015"
2025-12-12,"Pythium",106,"left",3,"left3",2,3,2,2,1,"Actinobacteriota","Actinobacteria","Streptomycetales","Streptomycetaceae","Streptomyces","TSA","Innovator","Root","Pult","AR019"
2025-12-12,"Pythium",106,"left",4,"left4",2,4,2,0,1,"Actinobacteriota","Actinobacteria","Streptomycetales","Streptomycetaceae","Streptomyces","TSA","Innovator","Root","Pult","AR031"
2025-12-12,"Pythium",106,"left",5,"left5",2,5,2,0,1,"Actinobacteriota","Actinobacteria","Streptomycetales","Streptomycetaceae","Streptomyces","TSA","Innovator","Root","Pult","AR040"
2025-12-12,"Pythium",106,"left",7,"left7",2,7,2,0,1,"Actinobacteriota","Actinobacteria","Streptomycetales","Streptomycetaceae","Streptomyces","TSA","Innovator","Root","Pult","AR045"
2025-12-12,"Pythium",106,"left",8,"left8",2,8,2,2,1,"Actinobacteriota","Actinobacteria","Streptomycetales","Streptomycetaceae","Streptomyces","ARE","Innovator","Root","Pult","AR064"
2025-12-12,"Pythium",106,"right",1,"right1",2,9,2,0,1,"Actinobacteriota","Actinobacteria","Streptomycetales","Streptomycetaceae","Streptomyces","ARE","Innovator","Root","Pult","AR083c"
2025-12-12,"Pythium",106,"right",2,"right2",2,10,2,2,1,"Actinobacteriota","Actinobacteria","Streptomycetales","Streptomycetaceae","Streptomyces","ARE","Innovator","Root","Pult","AR083d"
2025-12-12,"Pythium",106,"right",3,"right3",2,11,2,2,1,"Actinobacteriota","Actinobacteria","Streptomycetales","Streptomycetaceae","Streptomyces","ActIA","Innovator","Root","Pult","AR092"
2025-12-12,"Pythium",106,"right",4,"right4",2,12,2,0,1,"Actinobacteriota","Actinobacteria","Streptomycetales","Streptomycetaceae","Streptomyces","ActIA","Innovator","Root","Pult","AR127"
2025-12-12,"Pythium",106,"right",5,"right5",2,13,2,0,1,"Actinobacteriota","Actinobacteria","Streptomycetales","Streptomycetaceae","Streptomyces","TSA","Innovator","Rhizosphere soil","Pult","AS005"
2025-12-12,"Pythium",107,"left",1,"left1",2,14,2,0,1,"Actinobacteriota","Actinobacteria","Propionibacteriales","Nocardioidaceae","Nocardioides","TSA","Innovator","Rhizosphere soil","Pult","AS010"
2025-12-12,"Pythium",107,"left",2,"left2",2,15,2,0,1,"Actinobacteriota","Actinobacteria","Streptomycetales","Streptomycetaceae","Streptomyces","ARE","Innovator","Rhizosphere soil","Pult","AS048"
2025-12-12,"Pythium",107,"left",5,"left5",2,18,2,0,1,"Actinobacteriota","Actinobacteria","Propionibacteriales","Nocardioidaceae","Nocardioides","ActIA","Innovator","Rhizosphere soil","Pult","AS106"
2025-12-12,"Pythium",107,"left",6,"left6",2,19,2,0,1,"Actinobacteriota","Actinobacteria","Corynebacteriales","Nocardiaceae","Nocardia","ActIA","Innovator","Rhizosphere soil","Pult","AS107"
2025-12-12,"Pythium",107,"left",7,"left7",2,20,2,0,1,"Actinobacteriota","Actinobacteria","Propionibacteriales","Nocardioidaceae","Nocardioides","ActIA","Innovator","Rhizosphere soil","Pult","AS108"
2025-12-12,"Pythium",107,"left",8,"left8",2,21,2,1,1,"Actinobacteriota","Actinobacteria","Streptomycetales","Streptomycetaceae","Streptomyces","ActIA","Innovator","Rhizosphere soil","Pult","AS112"
2025-12-12,"Pythium",107,"right",1,"right1",2,22,2,0,1,"Actinobacteriota","Actinobacteria","Propionibacteriales","Nocardioidaceae","Nocardioides","ActIA","Innovator","Rhizosphere soil","Pult","AS121b"
2025-12-12,"Pythium",107,"right",2,"right2",2,23,2,0,1,"Actinobacteriota","Actinobacteria","Corynebacteriales","Nocardiaceae","Nocardia","ActIA","Innovator","Rhizosphere soil","Pult","AS127"
2025-12-12,"Pythium",107,"right",3,"right3",2,24,2,0,1,"Actinobacteriota","Actinobacteria","Propionibacteriales","Nocardioidaceae","Nocardioides","ActIA","Innovator","Rhizosphere soil","Pult","AS133"
2025-12-12,"Pythium",107,"right",5,"right5",2,26,2,0,1,"Actinobacteriota","Actinobacteria","Propionibacteriales","Nocardioidaceae","Nocardioides","ActIA","Bintje","Leaf","Pult","BL047a"
2025-12-12,"Pythium",108,"left",1,"left1",2,27,2,0,1,"Actinobacteriota","Actinobacteria","Streptomycetales","Streptomycetaceae","Streptomyces","ActIA","Bintje","Root","Pult","BR063"
2025-12-12,"Pythium",108,"left",2,"left2",2,28,2,0,1,"Actinobacteriota","Actinobacteria","Propionibacteriales","Nocardioidaceae","Nocardioides","ActIA","Bintje","Root","Pult","BR081"
2025-12-12,"Pythium",108,"left",3,"left3",2,29,2,0,1,"Actinobacteriota","Actinobacteria","Streptomycetales","Streptomycetaceae","Streptomyces","ActIA","Bintje","Root","Pult","BR084"
2025-12-12,"Pythium",108,"left",5,"left5",2,31,2,0,1,"Actinobacteriota","Actinobacteria","Streptomycetales","Streptomycetaceae","Streptomyces","ActIA","Bintje","Root","Pult","BR085"
2025-12-12,"Pythium",108,"left",7,"left7",2,33,2,0,1,"Actinobacteriota","Actinobacteria","Streptomycetales","Streptomycetaceae","Streptomyces","TSA","Bintje","Root","Pult","BR092b"
2025-12-12,"Pythium",108,"left",8,"left8",2,34,2,0,1,"Actinobacteriota","Actinobacteria","Streptomycetales","Streptomycetaceae","Streptomyces","TSA","Bintje","Root","Pult","BR123"
2025-12-12,"Pythium",108,"right",1,"right1",2,35,2,0,1,"Actinobacteriota","Actinobacteria","Corynebacteriales","Nocardiaceae","Nocardia","ARE","Bintje","Root","Pult","BR162"
2025-12-12,"Pythium",108,"right",3,"right3",2,37,2,0,1,"Actinobacteriota","Actinobacteria","Propionibacteriales","Nocardioidaceae","Nocardioides","ActIA","Bintje","Rhizosphere soil","Pult","BS088"
2025-12-12,"Pythium",108,"right",5,"right5",2,39,2,0,1,"Actinobacteriota","Actinobacteria","Propionibacteriales","Nocardioidaceae","Nocardioides","TSA","Bintje","Rhizosphere soil","Pult","BS157"
2025-12-12,"Pythium",109,"left",1,"left1",2,40,2,0,1,"Actinobacteriota","Actinobacteria","Streptomycetales","Streptomycetaceae","Streptomyces","TSA","Bintje","Rhizosphere soil","Pult","BS184"
2025-12-12,"Pythium",109,"left",3,"left3",2,42,2,0,1,"Actinobacteriota","Actinobacteria","Streptomycetales","Streptomycetaceae","Streptomyces","TSA","Bintje","Rhizosphere soil","Pult","BS195a"
2025-12-12,"Pythium",109,"left",4,"left4",2,43,2,0,1,"Actinobacteriota","Actinobacteria","Streptomycetales","Streptomycetaceae","Streptomyces","TSA","Bintje","Rhizosphere soil","Pult","BS197a"
2025-12-12,"Pythium",109,"left",5,"left5",2,44,2,2,1,"Actinobacteriota","Actinobacteria","Streptomycetales","Streptomycetaceae","Streptomyces","TSA","Bintje","Rhizosphere soil","Pult","BS198"
2025-12-12,"Pythium",109,"left",7,"left7",2,46,2,2,1,"Actinobacteriota","Actinobacteria","Streptomycetales","Streptomycetaceae","Streptomyces","ARE","Bintje","Rhizosphere soil","Pult","BS216a"
2025-12-12,"Pythium",109,"left",8,"left8",2,47,2,2,1,"Actinobacteriota","Actinobacteria","Streptomycetales","Streptomycetaceae","Streptomyces","ARE","Bintje","Rhizosphere soil","Pult","BS216c"
2025-12-12,"Pythium",109,"right",1,"right1",2,48,2,0,1,"Actinobacteriota","Actinobacteria","Streptomycetales","Streptomycetaceae","Streptomyces","ARE","Bintje","Rhizosphere soil","Pult","BS219b"
2025-12-12,"Pythium",109,"right",2,"right2",2,49,2,0,1,"Actinobacteriota","Actinobacteria","Corynebacteriales","Nocardiaceae","Nocardia","ARE","Bintje","Rhizosphere soil","Pult","BS228"
2025-12-12,"Pythium",109,"right",3,"right3",2,50,2,0,1,"Actinobacteriota","Actinobacteria","Corynebacteriales","Nocardiaceae","Nocardia","ARE","Bintje","Rhizosphere soil","Pult","BS233"
2025-12-12,"Pythium",109,"right",4,"right4",2,51,2,0,1,"Actinobacteriota","Actinobacteria","Streptomycetales","Streptomycetaceae","Streptomyces","ARE","Bintje","Rhizosphere soil","Pult","BS235"
2026-02-04,"Phytophthora",1,NA,NA,"top",1,1,1,0,1,"Actinobacteriota","Actinobacteria","Streptomycetales","Streptomycetaceae","Streptomyces","ARE","Innovator","Leaf","Pinf","AL045"
2026-02-04,"Phytophthora",1,NA,NA,"top-right",1,2,1,1,1,"Actinobacteriota","Actinobacteria","Streptomycetales","Streptomycetaceae","Streptomyces","ARE","Innovator","Leaf","Pinf","AL058"
2026-02-04,"Phytophthora",1,NA,NA,"bottom-right",1,3,1,1,1,"Actinobacteriota","Actinobacteria","Streptomycetales","Streptomycetaceae","Streptomyces","ARE","Innovator","Leaf","Pinf","AL067"
2026-02-04,"Phytophthora",1,NA,NA,"bottom",1,4,1,0,1,"Actinobacteriota","Actinobacteria","Streptomycetales","Streptomycetaceae","Streptomyces","ActIA","Innovator","Leaf","Pinf","AL071"
2026-02-04,"Phytophthora",1,NA,NA,"bottom-left",1,5,1,0,1,"Actinobacteriota","Actinobacteria","Streptomycetales","Streptomycetaceae","Streptomyces","ActIA","Innovator","Leaf","Pinf","AL074"
2026-02-04,"Phytophthora",2,NA,NA,"top",1,6,1,9,1,"Actinobacteriota","Actinobacteria","Streptomycetales","Streptomycetaceae","Streptomyces","ActIA","Innovator","Leaf","Pinf","AL083"
2026-02-04,"Phytophthora",2,NA,NA,"top-right",1,7,1,9,1,"Actinobacteriota","Actinobacteria","Streptomycetales","Streptomycetaceae","Streptomyces","TSA","Innovator","Root","Pinf","AR003"
2026-02-04,"Phytophthora",2,NA,NA,"bottom-right",1,8,1,9,1,"Actinobacteriota","Actinobacteria","Streptomycetales","Streptomycetaceae","Streptomyces","TSA","Innovator","Root","Pinf","AR004"
2026-02-04,"Phytophthora",2,NA,NA,"bottom",1,9,1,9,1,"Actinobacteriota","Actinobacteria","Streptomycetales","Streptomycetaceae","Streptomyces","TSA","Innovator","Root","Pinf","AR006"
2026-02-04,"Phytophthora",3,NA,NA,"top",1,11,1,2,1,"Actinobacteriota","Actinobacteria","Streptomycetales","Streptomycetaceae","Streptomyces","TSA","Innovator","Root","Pinf","AR011"
2026-02-04,"Phytophthora",3,NA,NA,"top-right",1,12,1,2,1,"Actinobacteriota","Actinobacteria","Streptomycetales","Streptomycetaceae","Streptomyces","TSA","Innovator","Root","Pinf","AR012"
2026-02-04,"Phytophthora",3,NA,NA,"bottom-right",1,13,1,3,1,"Actinobacteriota","Actinobacteria","Streptomycetales","Streptomycetaceae","Streptomyces","TSA","Innovator","Root","Pinf","AR013"
2026-02-04,"Phytophthora",3,NA,NA,"bottom",1,14,1,2,1,"Actinobacteriota","Actinobacteria","Streptomycetales","Streptomycetaceae","Streptomyces","TSA","Innovator","Root","Pinf","AR014"
2026-02-04,"Phytophthora",3,NA,NA,"bottom-left",1,15,1,1,1,"Actinobacteriota","Actinobacteria","Streptomycetales","Streptomycetaceae","Streptomyces","TSA","Innovator","Root","Pinf","AR018"
2026-02-04,"Phytophthora",4,NA,NA,"top",1,16,1,3,1,"Actinobacteriota","Actinobacteria","Streptomycetales","Streptomycetaceae","Streptomyces","TSA","Innovator","Root","Pinf","AR020"
2026-02-04,"Phytophthora",4,NA,NA,"top-right",1,17,1,1,1,"Actinobacteriota","Actinobacteria","Streptomycetales","Streptomycetaceae","Streptomyces","TSA","Innovator","Root","Pinf","AR027"
2026-02-04,"Phytophthora",4,NA,NA,"bottom-right",1,18,1,1,1,"Actinobacteriota","Actinobacteria","Streptomycetales","Streptomycetaceae","Streptomyces","TSA","Innovator","Root","Pinf","AR029"
2026-02-04,"Phytophthora",4,NA,NA,"bottom",1,19,1,0,1,"Actinobacteriota","Actinobacteria","Streptomycetales","Streptomycetaceae","Streptomyces","TSA","Innovator","Root","Pinf","AR030"
2026-02-04,"Phytophthora",5,NA,NA,"top",1,21,1,0,1,"Actinobacteriota","Actinobacteria","Streptomycetales","Streptomycetaceae","Streptomyces","TSA","Innovator","Root","Pinf","AR033"
2026-02-04,"Phytophthora",5,NA,NA,"top-right",1,22,1,0,1,"Actinobacteriota","Actinobacteria","Streptomycetales","Streptomycetaceae","Streptomyces","TSA","Innovator","Root","Pinf","AR034"
2026-02-04,"Phytophthora",5,NA,NA,"bottom-right",1,23,1,3,1,"Actinobacteriota","Actinobacteria","Streptomycetales","Streptomycetaceae","Streptomyces","TSA","Innovator","Root","Pinf","AR036"
2026-02-04,"Phytophthora",5,NA,NA,"bottom",1,24,1,3,1,"Actinobacteriota","Actinobacteria","Streptomycetales","Streptomycetaceae","Streptomyces","TSA","Innovator","Root","Pinf","AR038b"
2026-02-04,"Phytophthora",6,NA,NA,"top",1,26,1,0,1,"Actinobacteriota","Actinobacteria","Streptomycetales","Streptomycetaceae","Streptomyces","TSA","Innovator","Root","Pinf","AR044"
2026-02-04,"Phytophthora",6,NA,NA,"top-right",1,27,1,1,1,"Actinobacteriota","Actinobacteria","Streptomycetales","Streptomycetaceae","Streptomyces","TSA","Innovator","Root","Pinf","AR050"
2026-02-04,"Phytophthora",6,NA,NA,"bottom-right",1,28,1,3,1,"Actinobacteriota","Actinobacteria","Streptomycetales","Streptomycetaceae","Streptomyces","ARE","Innovator","Root","Pinf","AR062"
2026-02-04,"Phytophthora",6,NA,NA,"bottom",1,29,1,2,1,"Actinobacteriota","Actinobacteria","Streptomycetales","Streptomycetaceae","Streptomyces","ARE","Innovator","Root","Pinf","AR065"
2026-02-04,"Phytophthora",6,NA,NA,"bottom-left",1,30,1,1,1,"Actinobacteriota","Actinobacteria","Streptomycetales","Streptomycetaceae","Streptomyces","ARE","Innovator","Root","Pinf","AR069"
2026-02-04,"Phytophthora",7,NA,NA,"top",1,31,1,4,1,"Actinobacteriota","Actinobacteria","Streptomycetales","Streptomycetaceae","Streptomyces","ARE","Innovator","Root","Pinf","AR072"
2026-02-04,"Phytophthora",7,NA,NA,"top-right",1,32,1,9,1,"Actinobacteriota","Actinobacteria","Streptomycetales","Streptomycetaceae","Streptomyces","ARE","Innovator","Root","Pinf","AR082"
2026-02-04,"Phytophthora",7,NA,NA,"bottom-right",1,33,1,9,1,"Actinobacteriota","Actinobacteria","Streptomycetales","Streptomycetaceae","Streptomyces","ARE","Innovator","Root","Pinf","AR083b"
2026-02-04,"Phytophthora",7,NA,NA,"bottom",1,34,1,9,1,"Actinobacteriota","Actinobacteria","Streptomycetales","Streptomycetaceae","Streptomyces","ARE","Innovator","Root","Pinf","AR085"
2026-02-04,"Phytophthora",7,NA,NA,"bottom-left",1,35,1,9,1,"Actinobacteriota","Actinobacteria","Streptomycetales","Streptomycetaceae","Streptomyces","ActIA","Innovator","Root","Pinf","AR091"
2026-02-04,"Phytophthora",8,NA,NA,"top",1,36,1,2,1,"Actinobacteriota","Actinobacteria","Streptomycetales","Streptomycetaceae","Streptomyces","ActIA","Innovator","Root","Pinf","AR092b"
2026-02-04,"Phytophthora",8,NA,NA,"top-right",1,37,1,2,1,"Actinobacteriota","Actinobacteria","Streptomycetales","Streptomycetaceae","Streptomyces","ActIA","Innovator","Root","Pinf","AR094"
2026-02-04,"Phytophthora",8,NA,NA,"bottom-right",1,38,1,2,1,"Actinobacteriota","Actinobacteria","Streptomycetales","Streptomycetaceae","Streptomyces","ActIA","Innovator","Root","Pinf","AR108"
2026-02-04,"Phytophthora",8,NA,NA,"bottom",1,39,1,2,1,"Actinobacteriota","Actinobacteria","Streptomycetales","Streptomycetaceae","Streptomyces","ActIA","Innovator","Root","Pinf","AR109"
2026-02-04,"Phytophthora",9,NA,NA,"top",1,41,1,4,1,"Actinobacteriota","Actinobacteria","Streptomycetales","Streptomycetaceae","Streptomyces","ActIA","Innovator","Root","Pinf","AR113"
2026-02-04,"Phytophthora",9,NA,NA,"top-right",1,42,1,4,1,"Actinobacteriota","Actinobacteria","Streptomycetales","Streptomycetaceae","Streptomyces","ActIA","Innovator","Root","Pinf","AR115"
2026-02-04,"Phytophthora",9,NA,NA,"bottom-right",1,43,1,3,1,"Actinobacteriota","Actinobacteria","Streptomycetales","Streptomycetaceae","Streptomyces","ActIA","Innovator","Root","Pinf","AR124"
2026-02-04,"Phytophthora",9,NA,NA,"bottom",1,44,1,2,1,"Actinobacteriota","Actinobacteria","Streptomycetales","Streptomycetaceae","Streptomyces","ActIA","Innovator","Root","Pinf","AR170"
2026-02-04,"Phytophthora",9,NA,NA,"bottom-left",1,45,1,0,1,"Actinobacteriota","Actinobacteria","Streptomycetales","Streptomycetaceae","Streptomyces","TSA","Innovator","Rhizosphere soil","Pinf","AS002"
2026-02-04,"Phytophthora",10,NA,NA,"top",1,46,1,0,1,"Actinobacteriota","Actinobacteria","Streptomycetales","Streptomycetaceae","Streptomyces","TSA","Innovator","Rhizosphere soil","Pinf","AS004"
2026-02-04,"Phytophthora",10,NA,NA,"top-right",1,47,1,0,1,"Actinobacteriota","Actinobacteria","Streptomycetales","Streptomycetaceae","Streptomyces","TSA","Innovator","Rhizosphere soil","Pinf","AS007"
2026-02-04,"Phytophthora",10,NA,NA,"bottom-right",1,48,1,3,1,"Actinobacteriota","Actinobacteria","Streptomycetales","Streptomycetaceae","Streptomyces","TSA","Innovator","Rhizosphere soil","Pinf","AS008"
2026-02-04,"Phytophthora",10,NA,NA,"bottom",1,49,1,0,1,"Actinobacteriota","Actinobacteria","Streptomycetales","Streptomycetaceae","Streptomyces","TSA","Innovator","Rhizosphere soil","Pinf","AS014"
2026-02-04,"Phytophthora",10,NA,NA,"bottom-left",1,50,1,2,1,"Actinobacteriota","Actinobacteria","Streptomycetales","Streptomycetaceae","Streptomyces","TSA","Innovator","Rhizosphere soil","Pinf","AS020"
2026-02-04,"Phytophthora",11,NA,NA,"top",1,51,1,1,1,"Actinobacteriota","Actinobacteria","Streptomycetales","Streptomycetaceae","Streptomyces","TSA","Innovator","Rhizosphere soil","Pinf","AS032"
2026-02-04,"Phytophthora",11,NA,NA,"top-right",1,52,1,0,1,"Actinobacteriota","Actinobacteria","Streptomycetales","Streptomycetaceae","Streptomyces","TSA","Innovator","Rhizosphere soil","Pinf","AS037"
2026-02-04,"Phytophthora",11,NA,NA,"bottom",1,54,1,0,1,"Actinobacteriota","Actinobacteria","Streptomycetales","Streptomycetaceae","Streptomyces","TSA","Innovator","Rhizosphere soil","Pinf","AS041"
2026-02-04,"Phytophthora",11,NA,NA,"bottom-left",1,55,1,0,1,"Actinobacteriota","Actinobacteria","Streptomycetales","Streptomycetaceae","Streptomyces","ARE","Innovator","Rhizosphere soil","Pinf","AS046"
2026-02-04,"Phytophthora",12,NA,NA,"top",1,56,1,3,1,"Actinobacteriota","Actinobacteria","Streptomycetales","Streptomycetaceae","Streptomyces","ARE","Innovator","Rhizosphere soil","Pinf","AS053"
2026-02-04,"Phytophthora",12,NA,NA,"top-right",1,57,1,4,1,"Actinobacteriota","Actinobacteria","Streptomycetales","Streptomycetaceae","Streptomyces","ARE","Innovator","Rhizosphere soil","Pinf","AS065"
2026-02-04,"Phytophthora",12,NA,NA,"bottom-right",1,58,1,3,1,"Actinobacteriota","Actinobacteria","Streptomycetales","Streptomycetaceae","Streptomyces","ARE","Innovator","Rhizosphere soil","Pinf","AS073"
2026-02-04,"Phytophthora",13,NA,NA,"top",1,61,1,2,1,"Actinobacteriota","Actinobacteria","Streptomycetales","Streptomycetaceae","Streptomyces","ARE","Innovator","Rhizosphere soil","Pinf","AS078"
2026-02-04,"Phytophthora",13,NA,NA,"top-right",1,62,1,0,1,"Actinobacteriota","Actinobacteria","Streptomycetales","Streptomycetaceae","Streptomyces","ARE","Innovator","Rhizosphere soil","Pinf","AS079"
2026-02-04,"Phytophthora",13,NA,NA,"bottom-right",1,63,1,0,1,"Actinobacteriota","Actinobacteria","Streptomycetales","Streptomycetaceae","Streptomyces","ActIA","Innovator","Rhizosphere soil","Pinf","AS097"
2026-02-04,"Phytophthora",13,NA,NA,"bottom",1,64,1,2,1,"Actinobacteriota","Actinobacteria","Streptomycetales","Streptomycetaceae","Streptomyces","ActIA","Innovator","Rhizosphere soil","Pinf","AS098"
2026-02-04,"Phytophthora",13,NA,NA,"bottom-left",1,65,1,0,1,"Actinobacteriota","Actinobacteria","Streptomycetales","Streptomycetaceae","Streptomyces","ActIA","Innovator","Rhizosphere soil","Pinf","AS099"
2026-02-04,"Phytophthora",14,NA,NA,"top",1,66,1,9,1,"Actinobacteriota","Actinobacteria","Streptomycetales","Streptomycetaceae","Streptomyces","ActIA","Innovator","Rhizosphere soil","Pinf","AS100"
2026-02-04,"Phytophthora",14,NA,NA,"top-right",1,67,1,3,1,"Actinobacteriota","Actinobacteria","Streptomycetales","Streptomycetaceae","Streptomyces","ActIA","Innovator","Rhizosphere soil","Pinf","AS104"
2026-02-04,"Phytophthora",14,NA,NA,"bottom-right",1,68,1,2,1,"Actinobacteriota","Actinobacteria","Streptomycetales","Streptomycetaceae","Streptomyces","ActIA","Innovator","Rhizosphere soil","Pinf","AS105"
2026-02-04,"Phytophthora",14,NA,NA,"bottom",1,69,1,1,1,"Actinobacteriota","Actinobacteria","Streptomycetales","Streptomycetaceae","Streptomyces","ActIA","Innovator","Rhizosphere soil","Pinf","AS111"
2026-02-04,"Phytophthora",14,NA,NA,"bottom-left",1,70,1,1,1,"Actinobacteriota","Actinobacteria","Streptomycetales","Streptomycetaceae","Streptomyces","ActIA","Innovator","Rhizosphere soil","Pinf","AS113"
2026-02-04,"Phytophthora",15,NA,NA,"top",1,71,1,0,1,"Actinobacteriota","Actinobacteria","Streptomycetales","Streptomycetaceae","Streptomyces","ActIA","Innovator","Rhizosphere soil","Pinf","AS114"
2026-02-04,"Phytophthora",15,NA,NA,"top-right",1,72,1,0,1,"Actinobacteriota","Actinobacteria","Streptomycetales","Streptomycetaceae","Streptomyces","ActIA","Innovator","Rhizosphere soil","Pinf","AS115"
2026-02-04,"Phytophthora",15,NA,NA,"bottom-right",1,73,1,0,1,"Actinobacteriota","Actinobacteria","Streptomycetales","Streptomycetaceae","Streptomyces","ActIA","Innovator","Rhizosphere soil","Pinf","AS116"
2026-02-04,"Phytophthora",15,NA,NA,"bottom",1,74,1,2,1,"Actinobacteriota","Actinobacteria","Streptomycetales","Streptomycetaceae","Streptomyces","ActIA","Innovator","Rhizosphere soil","Pinf","AS118"
2026-02-04,"Phytophthora",15,NA,NA,"bottom-left",1,75,1,1,1,"Actinobacteriota","Actinobacteria","Streptomycetales","Streptomycetaceae","Streptomyces","ActIA","Innovator","Rhizosphere soil","Pinf","AS120"
2026-02-04,"Phytophthora",16,NA,NA,"top",1,76,1,0,1,"Actinobacteriota","Actinobacteria","Streptomycetales","Streptomycetaceae","Streptomyces","ActIA","Innovator","Rhizosphere soil","Pinf","AS121a"
2026-02-04,"Phytophthora",16,NA,NA,"top-right",1,77,1,2,1,"Actinobacteriota","Actinobacteria","Streptomycetales","Streptomycetaceae","Streptomyces","ActIA","Innovator","Rhizosphere soil","Pinf","AS121c"
2026-02-04,"Phytophthora",16,NA,NA,"bottom-right",1,78,1,3,1,"Actinobacteriota","Actinobacteria","Streptomycetales","Streptomycetaceae","Streptomyces","ActIA","Innovator","Rhizosphere soil","Pinf","AS131"
2026-02-04,"Phytophthora",16,NA,NA,"bottom",1,79,1,2,1,"Actinobacteriota","Actinobacteria","Streptomycetales","Streptomycetaceae","Streptomyces","ActIA","Innovator","Rhizosphere soil","Pinf","AS136"
2026-02-04,"Phytophthora",16,NA,NA,"bottom-left",1,80,1,0,1,"Actinobacteriota","Actinobacteria","Streptomycetales","Streptomycetaceae","Streptomyces","ActIA","Innovator","Rhizosphere soil","Pinf","AS139a"
2026-02-04,"Phytophthora",17,NA,NA,"top",1,81,1,0,1,"Actinobacteriota","Actinobacteria","Streptomycetales","Streptomycetaceae","Streptomyces","ActIA","Innovator","Rhizosphere soil","Pinf","AS140a"
2026-02-04,"Phytophthora",17,NA,NA,"top-right",1,82,1,0,1,"Actinobacteriota","Actinobacteria","Streptomycetales","Streptomycetaceae","Streptomyces","ActIA","Innovator","Rhizosphere soil","Pinf","AS140b"
2026-02-04,"Phytophthora",17,NA,NA,"bottom-right",1,83,1,0,1,"Actinobacteriota","Actinobacteria","Streptomycetales","Streptomycetaceae","Streptomyces","ActIA","Innovator","Rhizosphere soil","Pinf","AS141"
2026-02-04,"Phytophthora",17,NA,NA,"bottom",1,84,1,1,1,"Actinobacteriota","Actinobacteria","Streptomycetales","Streptomycetaceae","Streptomyces","ActIA","Innovator","Rhizosphere soil","Pinf","AS142"
2026-02-04,"Phytophthora",17,NA,NA,"bottom-left",1,85,1,1,1,"Actinobacteriota","Actinobacteria","Streptomycetales","Streptomycetaceae","Streptomyces","ActIA","Innovator","Rhizosphere soil","Pinf","AS143"
2026-02-04,"Phytophthora",18,NA,NA,"top-right",1,87,1,0,1,"Actinobacteriota","Actinobacteria","Streptomycetales","Streptomycetaceae","Streptomyces","ActIA","Innovator","Rhizosphere soil","Pinf","AS145"
2026-02-04,"Phytophthora",18,NA,NA,"bottom-left",1,90,1,0,1,"Actinobacteriota","Actinobacteria","Streptomycetales","Streptomycetaceae","Streptomyces","ActIA","Bintje","Leaf","Pinf","BL040a"
2026-02-04,"Phytophthora",19,NA,NA,"top",1,91,1,2,1,"Actinobacteriota","Actinobacteria","Streptomycetales","Streptomycetaceae","Streptomyces","ActIA","Bintje","Leaf","Pinf","BL040b"
2026-02-04,"Phytophthora",19,NA,NA,"bottom-left",1,95,1,0,1,"Actinobacteriota","Actinobacteria","Streptomycetales","Streptomycetaceae","Streptomyces","ARE","Bintje","Leaf","Pinf","BL087"
2026-02-04,"Phytophthora",20,NA,NA,"top",1,96,1,4,1,"Actinobacteriota","Actinobacteria","Streptomycetales","Streptomycetaceae","Streptomyces","ARE","Bintje","Leaf","Pinf","BL091"
2026-02-04,"Phytophthora",20,NA,NA,"top-right",1,97,1,9,1,"Actinobacteriota","Actinobacteria","Streptomycetales","Streptomycetaceae","Streptomyces","ActIA","Bintje","Root","Pinf","BR044"
2026-02-04,"Phytophthora",20,NA,NA,"bottom-right",1,98,1,3,1,"Actinobacteriota","Actinobacteria","Streptomycetales","Streptomycetaceae","Streptomyces","ActIA","Bintje","Root","Pinf","BR045"
2026-02-04,"Phytophthora",20,NA,NA,"bottom",1,99,1,0,1,"Actinobacteriota","Actinobacteria","Streptomycetales","Streptomycetaceae","Streptomyces","ActIA","Bintje","Root","Pinf","BR048"
2026-02-04,"Phytophthora",20,NA,NA,"bottom-left",1,100,1,2,1,"Actinobacteriota","Actinobacteria","Streptomycetales","Streptomycetaceae","Streptomyces","ActIA","Bintje","Root","Pinf","BR051"
2026-02-04,"Phytophthora",21,NA,NA,"top",1,101,1,0,1,"Actinobacteriota","Actinobacteria","Streptomycetales","Streptomycetaceae","Streptomyces","ActIA","Bintje","Root","Pinf","BR057"
2026-02-04,"Phytophthora",21,NA,NA,"top-right",1,102,1,2,1,"Actinobacteriota","Actinobacteria","Streptomycetales","Streptomycetaceae","Streptomyces","ActIA","Bintje","Root","Pinf","BR060"
2026-02-04,"Phytophthora",21,NA,NA,"bottom-right",1,103,1,2,1,"Actinobacteriota","Actinobacteria","Streptomycetales","Streptomycetaceae","Streptomyces","ActIA","Bintje","Root","Pinf","BR061"
2026-02-04,"Phytophthora",21,NA,NA,"bottom",1,104,1,3,1,"Actinobacteriota","Actinobacteria","Streptomycetales","Streptomycetaceae","Streptomyces","ActIA","Bintje","Root","Pinf","BR065"
2026-02-04,"Phytophthora",21,NA,NA,"bottom-left",1,105,1,4,1,"Actinobacteriota","Actinobacteria","Streptomycetales","Streptomycetaceae","Streptomyces","ActIA","Bintje","Root","Pinf","BR068"
2026-02-04,"Phytophthora",22,NA,NA,"top",1,106,1,0,1,"Actinobacteriota","Actinobacteria","Streptomycetales","Streptomycetaceae","Streptomyces","ActIA","Bintje","Root","Pinf","BR070"
2026-02-04,"Phytophthora",22,NA,NA,"top-right",1,107,1,0,1,"Actinobacteriota","Actinobacteria","Streptomycetales","Streptomycetaceae","Streptomyces","ActIA","Bintje","Root","Pinf","BR074"
2026-02-04,"Phytophthora",22,NA,NA,"bottom-right",1,108,1,2,1,"Actinobacteriota","Actinobacteria","Streptomycetales","Streptomycetaceae","Streptomyces","ActIA","Bintje","Root","Pinf","BR079"
2026-02-04,"Phytophthora",23,NA,NA,"top-right",1,112,1,2,1,"Actinobacteriota","Actinobacteria","Streptomycetales","Streptomycetaceae","Streptomyces","TSA","Bintje","Root","Pinf","BR092a"
2026-02-04,"Phytophthora",23,NA,NA,"bottom-left",1,115,1,1,1,"Actinobacteriota","Actinobacteria","Streptomycetales","Streptomycetaceae","Streptomyces","TSA","Bintje","Root","Pinf","BR097"
2026-02-04,"Phytophthora",24,NA,NA,"top",1,116,1,3,1,"Actinobacteriota","Actinobacteria","Streptomycetales","Streptomycetaceae","Streptomyces","TSA","Bintje","Root","Pinf","BR104"
2026-02-04,"Phytophthora",24,NA,NA,"top-right",1,117,1,2,1,"Actinobacteriota","Actinobacteria","Streptomycetales","Streptomycetaceae","Streptomyces","TSA","Bintje","Root","Pinf","BR111"
2026-02-04,"Phytophthora",24,NA,NA,"bottom-right",1,118,1,2,1,"Actinobacteriota","Actinobacteria","Streptomycetales","Streptomycetaceae","Streptomyces","TSA","Bintje","Root","Pinf","BR113"
2026-02-04,"Phytophthora",24,NA,NA,"bottom",1,119,1,2,1,"Actinobacteriota","Actinobacteria","Streptomycetales","Streptomycetaceae","Streptomyces","TSA","Bintje","Root","Pinf","BR114"
2026-02-04,"Phytophthora",24,NA,NA,"bottom-left",1,120,1,1,1,"Actinobacteriota","Actinobacteria","Streptomycetales","Streptomycetaceae","Streptomyces","TSA","Bintje","Root","Pinf","BR117"
2026-02-04,"Phytophthora",25,NA,NA,"top",1,121,1,2,1,"Actinobacteriota","Actinobacteria","Streptomycetales","Streptomycetaceae","Streptomyces","TSA","Bintje","Root","Pinf","BR131"
2026-02-04,"Phytophthora",25,NA,NA,"top-right",1,122,1,0,1,"Actinobacteriota","Actinobacteria","Streptomycetales","Streptomycetaceae","Streptomyces","TSA","Bintje","Root","Pinf","BR132"
2026-02-04,"Phytophthora",25,NA,NA,"bottom-right",1,123,1,0,1,"Actinobacteriota","Actinobacteria","Streptomycetales","Streptomycetaceae","Streptomyces","ARE","Bintje","Root","Pinf","BR142"
2026-02-04,"Phytophthora",25,NA,NA,"bottom",1,124,1,3,1,"Actinobacteriota","Actinobacteria","Streptomycetales","Streptomycetaceae","Streptomyces","ARE","Bintje","Root","Pinf","BR143"
2026-02-04,"Phytophthora",25,NA,NA,"bottom-left",1,125,1,0,1,"Actinobacteriota","Actinobacteria","Streptomycetales","Streptomycetaceae","Streptomyces","ARE","Bintje","Root","Pinf","BR163"
2026-02-04,"Phytophthora",26,NA,NA,"top",1,126,1,3,1,"Actinobacteriota","Actinobacteria","Streptomycetales","Streptomycetaceae","Streptomyces","ARE","Bintje","Root","Pinf","BR159"
2026-02-04,"Phytophthora",26,NA,NA,"top-right",1,127,1,0,1,"Actinobacteriota","Actinobacteria","Streptomycetales","Streptomycetaceae","Streptomyces","ARE","Bintje","Root","Pinf","BR164"
2026-02-04,"Phytophthora",26,NA,NA,"bottom-right",1,128,1,4,1,"Actinobacteriota","Actinobacteria","Streptomycetales","Streptomycetaceae","Streptomyces","ARE","Bintje","Root","Pinf","BR165"
2026-02-04,"Phytophthora",26,NA,NA,"bottom",1,129,1,9,1,"Actinobacteriota","Actinobacteria","Streptomycetales","Streptomycetaceae","Streptomyces","ActIA","Bintje","Rhizosphere soil","Pinf","BS078"
2026-02-04,"Phytophthora",26,NA,NA,"bottom-left",1,130,1,9,1,"Actinobacteriota","Actinobacteria","Streptomycetales","Streptomycetaceae","Streptomyces","ActIA","Bintje","Rhizosphere soil","Pinf","BS082"
2026-02-04,"Phytophthora",27,NA,NA,"top",1,131,1,1,1,"Actinobacteriota","Actinobacteria","Streptomycetales","Streptomycetaceae","Streptomyces","ActIA","Bintje","Rhizosphere soil","Pinf","BS084"
2026-02-04,"Phytophthora",27,NA,NA,"top-right",1,132,1,2,1,"Actinobacteriota","Actinobacteria","Streptomycetales","Streptomycetaceae","Streptomyces","ActIA","Bintje","Rhizosphere soil","Pinf","BS085"
2026-02-04,"Phytophthora",27,NA,NA,"bottom-right",1,133,1,2,1,"Actinobacteriota","Actinobacteria","Streptomycetales","Streptomycetaceae","Streptomyces","ActIA","Bintje","Rhizosphere soil","Pinf","BS086"
2026-02-04,"Phytophthora",27,NA,NA,"bottom",1,134,1,3,1,"Actinobacteriota","Actinobacteria","Streptomycetales","Streptomycetaceae","Streptomyces","ActIA","Bintje","Rhizosphere soil","Pinf","BS089"
2026-02-04,"Phytophthora",27,NA,NA,"bottom-left",1,135,1,2,1,"Actinobacteriota","Actinobacteria","Streptomycetales","Streptomycetaceae","Streptomyces","ActIA","Bintje","Rhizosphere soil","Pinf","BS090"
2026-02-04,"Phytophthora",28,NA,NA,"top-right",1,137,1,2,1,"Actinobacteriota","Actinobacteria","Streptomycetales","Streptomycetaceae","Streptomyces","ActIA","Bintje","Rhizosphere soil","Pinf","BS093b"
2026-02-04,"Phytophthora",28,NA,NA,"bottom-right",1,138,1,2,1,"Actinobacteriota","Actinobacteria","Streptomycetales","Streptomycetaceae","Streptomyces","ActIA","Bintje","Rhizosphere soil","Pinf","BS093c"
2026-02-04,"Phytophthora",28,NA,NA,"bottom",1,139,1,2,1,"Actinobacteriota","Actinobacteria","Streptomycetales","Streptomycetaceae","Streptomyces","ActIA","Bintje","Rhizosphere soil","Pinf","BS096"
2026-02-04,"Phytophthora",28,NA,NA,"bottom-left",1,140,1,1,1,"Actinobacteriota","Actinobacteria","Streptomycetales","Streptomycetaceae","Streptomyces","ActIA","Bintje","Rhizosphere soil","Pinf","BS097a"
2026-02-04,"Phytophthora",29,NA,NA,"top",1,141,1,4,1,"Actinobacteriota","Actinobacteria","Streptomycetales","Streptomycetaceae","Streptomyces","ActIA","Bintje","Rhizosphere soil","Pinf","BS112"
2026-02-04,"Phytophthora",29,NA,NA,"top-right",1,142,1,9,1,"Actinobacteriota","Actinobacteria","Streptomycetales","Streptomycetaceae","Streptomyces","ActIA","Bintje","Rhizosphere soil","Pinf","BS115"
2026-02-04,"Phytophthora",29,NA,NA,"bottom",1,144,1,3,1,"Actinobacteriota","Actinobacteria","Streptomycetales","Streptomycetaceae","Streptomyces","ActIA","Bintje","Rhizosphere soil","Pinf","BS128"
2026-02-04,"Phytophthora",29,NA,NA,"bottom-left",1,145,1,3,1,"Actinobacteriota","Actinobacteria","Streptomycetales","Streptomycetaceae","Streptomyces","ActIA","Bintje","Rhizosphere soil","Pinf","BS129b"
2026-02-04,"Phytophthora",30,NA,NA,"top",1,146,1,0,1,"Actinobacteriota","Actinobacteria","Streptomycetales","Streptomycetaceae","Streptomyces","ActIA","Bintje","Rhizosphere soil","Pinf","BS136"
2026-02-04,"Phytophthora",30,NA,NA,"bottom-right",1,148,1,0,1,"Actinobacteriota","Actinobacteria","Streptomycetales","Streptomycetaceae","Streptomyces","ActIA","Bintje","Rhizosphere soil","Pinf","BS137a"
2026-02-04,"Phytophthora",30,NA,NA,"bottom",1,149,1,0,1,"Actinobacteriota","Actinobacteria","Streptomycetales","Streptomycetaceae","Streptomyces","ActIA","Bintje","Rhizosphere soil","Pinf","BS137b"
2026-02-04,"Phytophthora",30,NA,NA,"bottom-left",1,150,1,0,1,"Actinobacteriota","Actinobacteria","Streptomycetales","Streptomycetaceae","Streptomyces","TSA","Bintje","Rhizosphere soil","Pinf","BS140b"
2026-02-04,"Phytophthora",31,NA,NA,"top",1,151,1,1,1,"Actinobacteriota","Actinobacteria","Streptomycetales","Streptomycetaceae","Streptomyces","TSA","Bintje","Rhizosphere soil","Pinf","BS145"
2026-02-04,"Phytophthora",31,NA,NA,"top-right",1,152,1,2,1,"Actinobacteriota","Actinobacteria","Streptomycetales","Streptomycetaceae","Streptomyces","TSA","Bintje","Rhizosphere soil","Pinf","BS148"
2026-02-04,"Phytophthora",31,NA,NA,"bottom-right",1,153,1,2,1,"Actinobacteriota","Actinobacteria","Streptomycetales","Streptomycetaceae","Streptomyces","TSA","Bintje","Rhizosphere soil","Pinf","BS149"
2026-02-04,"Phytophthora",31,NA,NA,"bottom-left",1,155,1,0,1,"Actinobacteriota","Actinobacteria","Streptomycetales","Streptomycetaceae","Streptomyces","TSA","Bintje","Rhizosphere soil","Pinf","BS152"
2026-02-04,"Phytophthora",32,NA,NA,"top",1,156,1,2,1,"Actinobacteriota","Actinobacteria","Streptomycetales","Streptomycetaceae","Streptomyces","TSA","Bintje","Rhizosphere soil","Pinf","BS155"
2026-02-04,"Phytophthora",32,NA,NA,"top-right",1,157,1,0,1,"Actinobacteriota","Actinobacteria","Streptomycetales","Streptomycetaceae","Streptomyces","TSA","Bintje","Rhizosphere soil","Pinf","BS159"
2026-02-04,"Phytophthora",32,NA,NA,"bottom-right",1,158,1,0,1,"Actinobacteriota","Actinobacteria","Streptomycetales","Streptomycetaceae","Streptomyces","TSA","Bintje","Rhizosphere soil","Pinf","BS160"
2026-02-04,"Phytophthora",32,NA,NA,"bottom",1,159,1,3,1,"Actinobacteriota","Actinobacteria","Streptomycetales","Streptomycetaceae","Streptomyces","TSA","Bintje","Rhizosphere soil","Pinf","BS166"
2026-02-04,"Phytophthora",32,NA,NA,"bottom-left",1,160,1,2,1,"Actinobacteriota","Actinobacteria","Streptomycetales","Streptomycetaceae","Streptomyces","TSA","Bintje","Rhizosphere soil","Pinf","BS167"
2026-02-04,"Phytophthora",33,NA,NA,"top",1,161,1,2,1,"Actinobacteriota","Actinobacteria","Streptomycetales","Streptomycetaceae","Streptomyces","TSA","Bintje","Rhizosphere soil","Pinf","BS185"
2026-02-04,"Phytophthora",33,NA,NA,"top-right",1,162,1,2,1,"Actinobacteriota","Actinobacteria","Streptomycetales","Streptomycetaceae","Streptomyces","TSA","Bintje","Rhizosphere soil","Pinf","BS188"
2026-02-04,"Phytophthora",33,NA,NA,"bottom-right",1,163,1,2,1,"Actinobacteriota","Actinobacteria","Streptomycetales","Streptomycetaceae","Streptomyces","TSA","Bintje","Rhizosphere soil","Pinf","BS195b"
2026-02-04,"Phytophthora",33,NA,NA,"bottom",1,164,1,2,1,"Actinobacteriota","Actinobacteria","Streptomycetales","Streptomycetaceae","Streptomyces","TSA","Bintje","Rhizosphere soil","Pinf","BS197b"
2026-02-04,"Phytophthora",33,NA,NA,"bottom-left",1,165,1,0,1,"Actinobacteriota","Actinobacteria","Streptomycetales","Streptomycetaceae","Streptomyces","TSA","Bintje","Rhizosphere soil","Pinf","BS202"
2026-02-04,"Phytophthora",34,NA,NA,"top",1,166,1,0,1,"Actinobacteriota","Actinobacteria","Streptomycetales","Streptomycetaceae","Streptomyces","TSA","Bintje","Rhizosphere soil","Pinf","BS204"
2026-02-04,"Phytophthora",34,NA,NA,"top-right",1,167,1,2,1,"Actinobacteriota","Actinobacteria","Streptomycetales","Streptomycetaceae","Streptomyces","TSA","Bintje","Rhizosphere soil","Pinf","BS204a"
2026-02-04,"Phytophthora",34,NA,NA,"bottom-right",1,168,1,3,1,"Actinobacteriota","Actinobacteria","Streptomycetales","Streptomycetaceae","Streptomyces","TSA","Bintje","Rhizosphere soil","Pinf","BS205"
2026-02-04,"Phytophthora",34,NA,NA,"bottom",1,169,1,2,1,"Actinobacteriota","Actinobacteria","Streptomycetales","Streptomycetaceae","Streptomyces","TSA","Bintje","Rhizosphere soil","Pinf","BS207"
2026-02-04,"Phytophthora",34,NA,NA,"bottom-left",1,170,1,0,1,"Actinobacteriota","Actinobacteria","Streptomycetales","Streptomycetaceae","Streptomyces","ARE","Bintje","Rhizosphere soil","Pinf","BS211"
2026-02-04,"Phytophthora",35,NA,NA,"top",1,171,1,3,1,"Actinobacteriota","Actinobacteria","Streptomycetales","Streptomycetaceae","Streptomyces","ARE","Bintje","Rhizosphere soil","Pinf","BS212"
2026-02-04,"Phytophthora",35,NA,NA,"top-right",1,172,1,3,0,"Actinobacteriota","Actinobacteria","Streptomycetales","Streptomycetaceae","Streptomyces","ARE","Bintje","Rhizosphere soil","Pinf","BS213"
2026-02-04,"Phytophthora",35,NA,NA,"bottom-right",1,173,1,3,1,"Actinobacteriota","Actinobacteria","Streptomycetales","Streptomycetaceae","Streptomyces","ARE","Bintje","Rhizosphere soil","Pinf","BS214"
2026-02-04,"Phytophthora",35,NA,NA,"bottom",1,174,1,1,1,"Actinobacteriota","Actinobacteria","Streptomycetales","Streptomycetaceae","Streptomyces","ARE","Bintje","Rhizosphere soil","Pinf","BS215a"
2026-02-04,"Phytophthora",36,NA,NA,"top",1,176,1,1,1,"Actinobacteriota","Actinobacteria","Streptomycetales","Streptomycetaceae","Streptomyces","ARE","Bintje","Rhizosphere soil","Pinf","BS217"
2026-02-04,"Phytophthora",36,NA,NA,"top-right",1,177,1,0,1,"Actinobacteriota","Actinobacteria","Streptomycetales","Streptomycetaceae","Streptomyces","ARE","Bintje","Rhizosphere soil","Pinf","BS218"
2026-02-04,"Phytophthora",36,NA,NA,"bottom",1,179,1,2,1,"Actinobacteriota","Actinobacteria","Streptomycetales","Streptomycetaceae","Streptomyces","ARE","Bintje","Rhizosphere soil","Pinf","BS219c"
2026-02-04,"Phytophthora",36,NA,NA,"bottom-left",1,180,1,2,1,"Actinobacteriota","Actinobacteria","Streptomycetales","Streptomycetaceae","Streptomyces","ARE","Bintje","Rhizosphere soil","Pinf","BS220"
2026-02-04,"Phytophthora",37,NA,NA,"top",1,181,1,3,1,"Actinobacteriota","Actinobacteria","Streptomycetales","Streptomycetaceae","Streptomyces","ARE","Bintje","Rhizosphere soil","Pinf","BS226"
2026-02-04,"Phytophthora",37,NA,NA,"top-right",1,182,1,2,1,"Actinobacteriota","Actinobacteria","Streptomycetales","Streptomycetaceae","Streptomyces","ARE","Bintje","Rhizosphere soil","Pinf","BS227"
2026-02-04,"Phytophthora",37,NA,NA,"bottom",1,184,1,3,0,"Actinobacteriota","Actinobacteria","Streptomycetales","Streptomycetaceae","Streptomyces","ARE","Bintje","Rhizosphere soil","Pinf","BS234"
2026-02-04,"Phytophthora",37,NA,NA,"bottom-left",1,185,1,2,1,"Actinobacteriota","Actinobacteria","Streptomycetales","Streptomycetaceae","Streptomyces","ARE","Bintje","Rhizosphere soil","Pinf","BS238"
2026-02-04,"Phytophthora",38,NA,NA,"top",1,186,1,0,1,"Actinobacteriota","Actinobacteria","Streptomycetales","Streptomycetaceae","Streptomyces","ActIA","Innovator","Root","Pinf","AR101"
2026-02-04,"Phytophthora",38,NA,NA,"top-right",1,187,1,2,1,"Actinobacteriota","Actinobacteria","Streptomycetales","Streptomycetaceae","Streptomyces","ActIA","Bintje","Rhizosphere soil","Pinf","BS093a"
2026-02-04,"Phytophthora",38,NA,NA,"bottom-right",1,188,1,3,1,"Actinobacteriota","Actinobacteria","Streptomycetales","Streptomycetaceae","Streptomyces","ActIA","Innovator","Root","Pinf","AR121"
2026-02-04,"Phytophthora",39,NA,NA,"top-right",2,2,1,1,1,"Actinobacteriota","Actinobacteria","Streptomycetales","Streptomycetaceae","Streptomyces","TSA","Innovator","Root","Pinf","AR015"
2026-02-04,"Phytophthora",39,NA,NA,"bottom-right",2,3,1,3,1,"Actinobacteriota","Actinobacteria","Streptomycetales","Streptomycetaceae","Streptomyces","TSA","Innovator","Root","Pinf","AR019"
2026-02-04,"Phytophthora",39,NA,NA,"bottom",2,4,1,1,1,"Actinobacteriota","Actinobacteria","Streptomycetales","Streptomycetaceae","Streptomyces","TSA","Innovator","Root","Pinf","AR031"
2026-02-04,"Phytophthora",39,NA,NA,"bottom-left",2,5,1,2,1,"Actinobacteriota","Actinobacteria","Streptomycetales","Streptomycetaceae","Streptomyces","TSA","Innovator","Root","Pinf","AR040"
2026-02-04,"Phytophthora",40,NA,NA,"top-right",2,7,1,9,1,"Actinobacteriota","Actinobacteria","Streptomycetales","Streptomycetaceae","Streptomyces","TSA","Innovator","Root","Pinf","AR045"
2026-02-04,"Phytophthora",40,NA,NA,"bottom-right",2,8,1,9,1,"Actinobacteriota","Actinobacteria","Streptomycetales","Streptomycetaceae","Streptomyces","ARE","Innovator","Root","Pinf","AR064"
2026-02-04,"Phytophthora",40,NA,NA,"bottom",2,9,1,9,1,"Actinobacteriota","Actinobacteria","Streptomycetales","Streptomycetaceae","Streptomyces","ARE","Innovator","Root","Pinf","AR083c"
2026-02-04,"Phytophthora",40,NA,NA,"bottom-left",2,10,1,9,1,"Actinobacteriota","Actinobacteria","Streptomycetales","Streptomycetaceae","Streptomyces","ARE","Innovator","Root","Pinf","AR083d"
2026-02-04,"Phytophthora",41,NA,NA,"top",2,11,1,4,1,"Actinobacteriota","Actinobacteria","Streptomycetales","Streptomycetaceae","Streptomyces","ActIA","Innovator","Root","Pinf","AR092"
2026-02-04,"Phytophthora",41,NA,NA,"top-right",2,12,1,9,1,"Actinobacteriota","Actinobacteria","Streptomycetales","Streptomycetaceae","Streptomyces","ActIA","Innovator","Root","Pinf","AR127"
2026-02-04,"Phytophthora",41,NA,NA,"bottom-right",2,13,1,9,1,"Actinobacteriota","Actinobacteria","Streptomycetales","Streptomycetaceae","Streptomyces","TSA","Innovator","Rhizosphere soil","Pinf","AS005"
2026-02-04,"Phytophthora",41,NA,NA,"bottom",2,14,1,9,1,"Actinobacteriota","Actinobacteria","Propionibacteriales","Nocardioidaceae","Nocardioides","TSA","Innovator","Rhizosphere soil","Pinf","AS010"
2026-02-04,"Phytophthora",41,NA,NA,"bottom-left",2,15,1,9,1,"Actinobacteriota","Actinobacteria","Streptomycetales","Streptomycetaceae","Streptomyces","ARE","Innovator","Rhizosphere soil","Pinf","AS048"
2026-02-04,"Phytophthora",42,NA,NA,"bottom-right",2,18,1,3,0,"Actinobacteriota","Actinobacteria","Propionibacteriales","Nocardioidaceae","Nocardioides","ActIA","Innovator","Rhizosphere soil","Pinf","AS106"
2026-02-04,"Phytophthora",42,NA,NA,"bottom",2,19,1,0,1,"Actinobacteriota","Actinobacteria","Corynebacteriales","Nocardiaceae","Nocardia","ActIA","Innovator","Rhizosphere soil","Pinf","AS107"
2026-02-04,"Phytophthora",42,NA,NA,"bottom-left",2,20,1,3,1,"Actinobacteriota","Actinobacteria","Propionibacteriales","Nocardioidaceae","Nocardioides","ActIA","Innovator","Rhizosphere soil","Pinf","AS108"
2026-02-04,"Phytophthora",43,NA,NA,"top",2,21,1,2,1,"Actinobacteriota","Actinobacteria","Streptomycetales","Streptomycetaceae","Streptomyces","ActIA","Innovator","Rhizosphere soil","Pinf","AS112"
2026-02-04,"Phytophthora",43,NA,NA,"top-right",2,22,1,3,1,"Actinobacteriota","Actinobacteria","Propionibacteriales","Nocardioidaceae","Nocardioides","ActIA","Innovator","Rhizosphere soil","Pinf","AS121b"
2026-02-04,"Phytophthora",43,NA,NA,"bottom-right",2,23,1,2,1,"Actinobacteriota","Actinobacteria","Corynebacteriales","Nocardiaceae","Nocardia","ActIA","Innovator","Rhizosphere soil","Pinf","AS127"
2026-02-04,"Phytophthora",43,NA,NA,"bottom",2,24,1,1,1,"Actinobacteriota","Actinobacteria","Propionibacteriales","Nocardioidaceae","Nocardioides","ActIA","Innovator","Rhizosphere soil","Pinf","AS133"
2026-02-04,"Phytophthora",44,NA,NA,"top",2,26,1,0,1,"Actinobacteriota","Actinobacteria","Propionibacteriales","Nocardioidaceae","Nocardioides","ActIA","Bintje","Leaf","Pinf","BL047a"
2026-02-04,"Phytophthora",44,NA,NA,"top-right",2,27,1,2,1,"Actinobacteriota","Actinobacteria","Streptomycetales","Streptomycetaceae","Streptomyces","ActIA","Bintje","Root","Pinf","BR063"
2026-02-04,"Phytophthora",44,NA,NA,"bottom-right",2,28,1,1,1,"Actinobacteriota","Actinobacteria","Propionibacteriales","Nocardioidaceae","Nocardioides","ActIA","Bintje","Root","Pinf","BR081"
2026-02-04,"Phytophthora",44,NA,NA,"bottom",2,29,1,1,1,"Actinobacteriota","Actinobacteria","Streptomycetales","Streptomycetaceae","Streptomyces","ActIA","Bintje","Root","Pinf","BR084"
2026-02-04,"Phytophthora",45,NA,NA,"top",2,31,1,9,1,"Actinobacteriota","Actinobacteria","Streptomycetales","Streptomycetaceae","Streptomyces","ActIA","Bintje","Root","Pinf","BR085"
2026-02-04,"Phytophthora",45,NA,NA,"bottom-right",2,33,1,9,1,"Actinobacteriota","Actinobacteria","Streptomycetales","Streptomycetaceae","Streptomyces","TSA","Bintje","Root","Pinf","BR092b"
2026-02-04,"Phytophthora",45,NA,NA,"bottom",2,34,1,9,1,"Actinobacteriota","Actinobacteria","Streptomycetales","Streptomycetaceae","Streptomyces","TSA","Bintje","Root","Pinf","BR123"
2026-02-04,"Phytophthora",45,NA,NA,"bottom-left",2,35,1,4,1,"Actinobacteriota","Actinobacteria","Corynebacteriales","Nocardiaceae","Nocardia","ARE","Bintje","Root","Pinf","BR162"
2026-02-04,"Phytophthora",46,NA,NA,"top-right",2,37,1,1,1,"Actinobacteriota","Actinobacteria","Propionibacteriales","Nocardioidaceae","Nocardioides","ActIA","Bintje","Rhizosphere soil","Pinf","BS088"
2026-02-04,"Phytophthora",46,NA,NA,"bottom",2,39,1,2,1,"Actinobacteriota","Actinobacteria","Propionibacteriales","Nocardioidaceae","Nocardioides","TSA","Bintje","Rhizosphere soil","Pinf","BS157"
2026-02-04,"Phytophthora",46,NA,NA,"bottom-left",2,40,1,2,1,"Actinobacteriota","Actinobacteria","Streptomycetales","Streptomycetaceae","Streptomyces","TSA","Bintje","Rhizosphere soil","Pinf","BS184"
2026-02-04,"Phytophthora",47,NA,NA,"top-right",2,42,1,4,1,"Actinobacteriota","Actinobacteria","Streptomycetales","Streptomycetaceae","Streptomyces","TSA","Bintje","Rhizosphere soil","Pinf","BS195a"
2026-02-04,"Phytophthora",47,NA,NA,"bottom-right",2,43,1,1,1,"Actinobacteriota","Actinobacteria","Streptomycetales","Streptomycetaceae","Streptomyces","TSA","Bintje","Rhizosphere soil","Pinf","BS197a"
2026-02-04,"Phytophthora",47,NA,NA,"bottom",2,44,1,2,1,"Actinobacteriota","Actinobacteria","Streptomycetales","Streptomycetaceae","Streptomyces","TSA","Bintje","Rhizosphere soil","Pinf","BS198"
2026-02-04,"Phytophthora",48,NA,NA,"top",2,46,1,3,1,"Actinobacteriota","Actinobacteria","Streptomycetales","Streptomycetaceae","Streptomyces","ARE","Bintje","Rhizosphere soil","Pinf","BS216a"
2026-02-04,"Phytophthora",48,NA,NA,"top-right",2,47,1,3,1,"Actinobacteriota","Actinobacteria","Streptomycetales","Streptomycetaceae","Streptomyces","ARE","Bintje","Rhizosphere soil","Pinf","BS216c"
2026-02-04,"Phytophthora",48,NA,NA,"bottom-right",2,48,1,2,0,"Actinobacteriota","Actinobacteria","Streptomycetales","Streptomycetaceae","Streptomyces","ARE","Bintje","Rhizosphere soil","Pinf","BS219b"
2026-02-04,"Phytophthora",48,NA,NA,"bottom",2,50,1,0,1,"Actinobacteriota","Actinobacteria","Corynebacteriales","Nocardiaceae","Nocardia","ARE","Bintje","Rhizosphere soil","Pinf","BS233"
2026-02-04,"Phytophthora",48,NA,NA,"bottom-left",2,51,1,3,1,"Actinobacteriota","Actinobacteria","Streptomycetales","Streptomycetaceae","Streptomyces","ARE","Bintje","Rhizosphere soil","Pinf","BS235"
2026-02-11,"Phytophthora",1,NA,NA,"top",1,1,2,0,1,"Actinobacteriota","Actinobacteria","Streptomycetales","Streptomycetaceae","Streptomyces","ARE","Innovator","Leaf","Pinf","AL045"
2026-02-11,"Phytophthora",1,NA,NA,"top-right",1,2,2,1,1,"Actinobacteriota","Actinobacteria","Streptomycetales","Streptomycetaceae","Streptomyces","ARE","Innovator","Leaf","Pinf","AL058"
2026-02-11,"Phytophthora",1,NA,NA,"bottom-right",1,3,2,1,1,"Actinobacteriota","Actinobacteria","Streptomycetales","Streptomycetaceae","Streptomyces","ARE","Innovator","Leaf","Pinf","AL067"
2026-02-11,"Phytophthora",1,NA,NA,"bottom",1,4,2,1,1,"Actinobacteriota","Actinobacteria","Streptomycetales","Streptomycetaceae","Streptomyces","ActIA","Innovator","Leaf","Pinf","AL071"
2026-02-11,"Phytophthora",1,NA,NA,"bottom-left",1,5,2,1,1,"Actinobacteriota","Actinobacteria","Streptomycetales","Streptomycetaceae","Streptomyces","ActIA","Innovator","Leaf","Pinf","AL074"
2026-02-11,"Phytophthora",2,NA,NA,"top",1,6,2,0,1,"Actinobacteriota","Actinobacteria","Streptomycetales","Streptomycetaceae","Streptomyces","ActIA","Innovator","Leaf","Pinf","AL083"
2026-02-11,"Phytophthora",2,NA,NA,"top-right",1,7,2,2,1,"Actinobacteriota","Actinobacteria","Streptomycetales","Streptomycetaceae","Streptomyces","TSA","Innovator","Root","Pinf","AR003"
2026-02-11,"Phytophthora",2,NA,NA,"bottom-right",1,8,2,2,1,"Actinobacteriota","Actinobacteria","Streptomycetales","Streptomycetaceae","Streptomyces","TSA","Innovator","Root","Pinf","AR004"
2026-02-11,"Phytophthora",2,NA,NA,"bottom",1,9,2,2,1,"Actinobacteriota","Actinobacteria","Streptomycetales","Streptomycetaceae","Streptomyces","TSA","Innovator","Root","Pinf","AR006"
2026-02-11,"Phytophthora",3,NA,NA,"top",1,11,2,3,1,"Actinobacteriota","Actinobacteria","Streptomycetales","Streptomycetaceae","Streptomyces","TSA","Innovator","Root","Pinf","AR011"
2026-02-11,"Phytophthora",3,NA,NA,"top-right",1,12,2,2,1,"Actinobacteriota","Actinobacteria","Streptomycetales","Streptomycetaceae","Streptomyces","TSA","Innovator","Root","Pinf","AR012"
2026-02-11,"Phytophthora",3,NA,NA,"bottom-right",1,13,2,3,1,"Actinobacteriota","Actinobacteria","Streptomycetales","Streptomycetaceae","Streptomyces","TSA","Innovator","Root","Pinf","AR013"
2026-02-11,"Phytophthora",3,NA,NA,"bottom",1,14,2,2,1,"Actinobacteriota","Actinobacteria","Streptomycetales","Streptomycetaceae","Streptomyces","TSA","Innovator","Root","Pinf","AR014"
2026-02-11,"Phytophthora",3,NA,NA,"bottom-left",1,15,2,0,1,"Actinobacteriota","Actinobacteria","Streptomycetales","Streptomycetaceae","Streptomyces","TSA","Innovator","Root","Pinf","AR018"
2026-02-11,"Phytophthora",4,NA,NA,"top",1,16,2,2,1,"Actinobacteriota","Actinobacteria","Streptomycetales","Streptomycetaceae","Streptomyces","TSA","Innovator","Root","Pinf","AR020"
2026-02-11,"Phytophthora",4,NA,NA,"top-right",1,17,2,1,1,"Actinobacteriota","Actinobacteria","Streptomycetales","Streptomycetaceae","Streptomyces","TSA","Innovator","Root","Pinf","AR027"
2026-02-11,"Phytophthora",4,NA,NA,"bottom-right",1,18,2,0,1,"Actinobacteriota","Actinobacteria","Streptomycetales","Streptomycetaceae","Streptomyces","TSA","Innovator","Root","Pinf","AR029"
2026-02-11,"Phytophthora",4,NA,NA,"bottom",1,19,2,0,1,"Actinobacteriota","Actinobacteria","Streptomycetales","Streptomycetaceae","Streptomyces","TSA","Innovator","Root","Pinf","AR030"
2026-02-11,"Phytophthora",5,NA,NA,"top",1,21,2,1,1,"Actinobacteriota","Actinobacteria","Streptomycetales","Streptomycetaceae","Streptomyces","TSA","Innovator","Root","Pinf","AR033"
2026-02-11,"Phytophthora",5,NA,NA,"top-right",1,22,2,1,1,"Actinobacteriota","Actinobacteria","Streptomycetales","Streptomycetaceae","Streptomyces","TSA","Innovator","Root","Pinf","AR034"
2026-02-11,"Phytophthora",5,NA,NA,"bottom-right",1,23,2,2,1,"Actinobacteriota","Actinobacteria","Streptomycetales","Streptomycetaceae","Streptomyces","TSA","Innovator","Root","Pinf","AR036"
2026-02-11,"Phytophthora",5,NA,NA,"bottom",1,24,2,3,1,"Actinobacteriota","Actinobacteria","Streptomycetales","Streptomycetaceae","Streptomyces","TSA","Innovator","Root","Pinf","AR038b"
2026-02-11,"Phytophthora",6,NA,NA,"top",1,26,2,2,1,"Actinobacteriota","Actinobacteria","Streptomycetales","Streptomycetaceae","Streptomyces","TSA","Innovator","Root","Pinf","AR044"
2026-02-11,"Phytophthora",6,NA,NA,"top-right",1,27,2,2,1,"Actinobacteriota","Actinobacteria","Streptomycetales","Streptomycetaceae","Streptomyces","TSA","Innovator","Root","Pinf","AR050"
2026-02-11,"Phytophthora",6,NA,NA,"bottom-right",1,28,2,3,1,"Actinobacteriota","Actinobacteria","Streptomycetales","Streptomycetaceae","Streptomyces","ARE","Innovator","Root","Pinf","AR062"
2026-02-11,"Phytophthora",6,NA,NA,"bottom",1,29,2,3,1,"Actinobacteriota","Actinobacteria","Streptomycetales","Streptomycetaceae","Streptomyces","ARE","Innovator","Root","Pinf","AR065"
2026-02-11,"Phytophthora",6,NA,NA,"bottom-left",1,30,2,2,1,"Actinobacteriota","Actinobacteria","Streptomycetales","Streptomycetaceae","Streptomyces","ARE","Innovator","Root","Pinf","AR069"
2026-02-11,"Phytophthora",7,NA,NA,"top",1,31,2,4,1,"Actinobacteriota","Actinobacteria","Streptomycetales","Streptomycetaceae","Streptomyces","ARE","Innovator","Root","Pinf","AR072"
2026-02-11,"Phytophthora",7,NA,NA,"top-right",1,32,2,9,1,"Actinobacteriota","Actinobacteria","Streptomycetales","Streptomycetaceae","Streptomyces","ARE","Innovator","Root","Pinf","AR082"
2026-02-11,"Phytophthora",7,NA,NA,"bottom-right",1,33,2,3,1,"Actinobacteriota","Actinobacteria","Streptomycetales","Streptomycetaceae","Streptomyces","ARE","Innovator","Root","Pinf","AR083b"
2026-02-11,"Phytophthora",7,NA,NA,"bottom",1,34,2,0,1,"Actinobacteriota","Actinobacteria","Streptomycetales","Streptomycetaceae","Streptomyces","ARE","Innovator","Root","Pinf","AR085"
2026-02-11,"Phytophthora",7,NA,NA,"bottom-left",1,35,2,0,1,"Actinobacteriota","Actinobacteria","Streptomycetales","Streptomycetaceae","Streptomyces","ActIA","Innovator","Root","Pinf","AR091"
2026-02-11,"Phytophthora",8,NA,NA,"top",1,36,2,3,1,"Actinobacteriota","Actinobacteria","Streptomycetales","Streptomycetaceae","Streptomyces","ActIA","Innovator","Root","Pinf","AR092b"
2026-02-11,"Phytophthora",8,NA,NA,"top-right",1,37,2,3,1,"Actinobacteriota","Actinobacteria","Streptomycetales","Streptomycetaceae","Streptomyces","ActIA","Innovator","Root","Pinf","AR094"
2026-02-11,"Phytophthora",8,NA,NA,"bottom-right",1,38,2,2,1,"Actinobacteriota","Actinobacteria","Streptomycetales","Streptomycetaceae","Streptomyces","ActIA","Innovator","Root","Pinf","AR108"
2026-02-11,"Phytophthora",8,NA,NA,"bottom",1,39,2,3,1,"Actinobacteriota","Actinobacteria","Streptomycetales","Streptomycetaceae","Streptomyces","ActIA","Innovator","Root","Pinf","AR109"
2026-02-11,"Phytophthora",9,NA,NA,"top",1,41,2,4,1,"Actinobacteriota","Actinobacteria","Streptomycetales","Streptomycetaceae","Streptomyces","ActIA","Innovator","Root","Pinf","AR113"
2026-02-11,"Phytophthora",9,NA,NA,"top-right",1,42,2,4,1,"Actinobacteriota","Actinobacteria","Streptomycetales","Streptomycetaceae","Streptomyces","ActIA","Innovator","Root","Pinf","AR115"
2026-02-11,"Phytophthora",9,NA,NA,"bottom-right",1,43,2,3,1,"Actinobacteriota","Actinobacteria","Streptomycetales","Streptomycetaceae","Streptomyces","ActIA","Innovator","Root","Pinf","AR124"
2026-02-11,"Phytophthora",9,NA,NA,"bottom",1,44,2,2,1,"Actinobacteriota","Actinobacteria","Streptomycetales","Streptomycetaceae","Streptomyces","ActIA","Innovator","Root","Pinf","AR170"
2026-02-11,"Phytophthora",9,NA,NA,"bottom-left",1,45,2,1,1,"Actinobacteriota","Actinobacteria","Streptomycetales","Streptomycetaceae","Streptomyces","TSA","Innovator","Rhizosphere soil","Pinf","AS002"
2026-02-11,"Phytophthora",10,NA,NA,"top",1,46,2,1,1,"Actinobacteriota","Actinobacteria","Streptomycetales","Streptomycetaceae","Streptomyces","TSA","Innovator","Rhizosphere soil","Pinf","AS004"
2026-02-11,"Phytophthora",10,NA,NA,"top-right",1,47,2,1,1,"Actinobacteriota","Actinobacteria","Streptomycetales","Streptomycetaceae","Streptomyces","TSA","Innovator","Rhizosphere soil","Pinf","AS007"
2026-02-11,"Phytophthora",10,NA,NA,"bottom-right",1,48,2,3,1,"Actinobacteriota","Actinobacteria","Streptomycetales","Streptomycetaceae","Streptomyces","TSA","Innovator","Rhizosphere soil","Pinf","AS008"
2026-02-11,"Phytophthora",10,NA,NA,"bottom",1,49,2,1,1,"Actinobacteriota","Actinobacteria","Streptomycetales","Streptomycetaceae","Streptomyces","TSA","Innovator","Rhizosphere soil","Pinf","AS014"
2026-02-11,"Phytophthora",10,NA,NA,"bottom-left",1,50,2,3,1,"Actinobacteriota","Actinobacteria","Streptomycetales","Streptomycetaceae","Streptomyces","TSA","Innovator","Rhizosphere soil","Pinf","AS020"
2026-02-11,"Phytophthora",11,NA,NA,"top",1,51,2,2,1,"Actinobacteriota","Actinobacteria","Streptomycetales","Streptomycetaceae","Streptomyces","TSA","Innovator","Rhizosphere soil","Pinf","AS032"
2026-02-11,"Phytophthora",11,NA,NA,"top-right",1,52,2,1,1,"Actinobacteriota","Actinobacteria","Streptomycetales","Streptomycetaceae","Streptomyces","TSA","Innovator","Rhizosphere soil","Pinf","AS037"
2026-02-11,"Phytophthora",11,NA,NA,"bottom",1,54,2,1,1,"Actinobacteriota","Actinobacteria","Streptomycetales","Streptomycetaceae","Streptomyces","TSA","Innovator","Rhizosphere soil","Pinf","AS041"
2026-02-11,"Phytophthora",11,NA,NA,"bottom-left",1,55,2,1,1,"Actinobacteriota","Actinobacteria","Streptomycetales","Streptomycetaceae","Streptomyces","ARE","Innovator","Rhizosphere soil","Pinf","AS046"
2026-02-11,"Phytophthora",12,NA,NA,"top",1,56,2,3,1,"Actinobacteriota","Actinobacteria","Streptomycetales","Streptomycetaceae","Streptomyces","ARE","Innovator","Rhizosphere soil","Pinf","AS053"
2026-02-11,"Phytophthora",12,NA,NA,"top-right",1,57,2,4,1,"Actinobacteriota","Actinobacteria","Streptomycetales","Streptomycetaceae","Streptomyces","ARE","Innovator","Rhizosphere soil","Pinf","AS065"
2026-02-11,"Phytophthora",12,NA,NA,"bottom-right",1,58,2,3,1,"Actinobacteriota","Actinobacteria","Streptomycetales","Streptomycetaceae","Streptomyces","ARE","Innovator","Rhizosphere soil","Pinf","AS073"
2026-02-11,"Phytophthora",13,NA,NA,"top",1,61,2,3,1,"Actinobacteriota","Actinobacteria","Streptomycetales","Streptomycetaceae","Streptomyces","ARE","Innovator","Rhizosphere soil","Pinf","AS078"
2026-02-11,"Phytophthora",13,NA,NA,"top-right",1,62,2,1,1,"Actinobacteriota","Actinobacteria","Streptomycetales","Streptomycetaceae","Streptomyces","ARE","Innovator","Rhizosphere soil","Pinf","AS079"
2026-02-11,"Phytophthora",13,NA,NA,"bottom-right",1,63,2,1,1,"Actinobacteriota","Actinobacteria","Streptomycetales","Streptomycetaceae","Streptomyces","ActIA","Innovator","Rhizosphere soil","Pinf","AS097"
2026-02-11,"Phytophthora",13,NA,NA,"bottom",1,64,2,3,1,"Actinobacteriota","Actinobacteria","Streptomycetales","Streptomycetaceae","Streptomyces","ActIA","Innovator","Rhizosphere soil","Pinf","AS098"
2026-02-11,"Phytophthora",13,NA,NA,"bottom-left",1,65,2,0,1,"Actinobacteriota","Actinobacteria","Streptomycetales","Streptomycetaceae","Streptomyces","ActIA","Innovator","Rhizosphere soil","Pinf","AS099"
2026-02-11,"Phytophthora",14,NA,NA,"top",1,66,2,0,1,"Actinobacteriota","Actinobacteria","Streptomycetales","Streptomycetaceae","Streptomyces","ActIA","Innovator","Rhizosphere soil","Pinf","AS100"
2026-02-11,"Phytophthora",14,NA,NA,"top-right",1,67,2,3,1,"Actinobacteriota","Actinobacteria","Streptomycetales","Streptomycetaceae","Streptomyces","ActIA","Innovator","Rhizosphere soil","Pinf","AS104"
2026-02-11,"Phytophthora",14,NA,NA,"bottom-right",1,68,2,2,1,"Actinobacteriota","Actinobacteria","Streptomycetales","Streptomycetaceae","Streptomyces","ActIA","Innovator","Rhizosphere soil","Pinf","AS105"
2026-02-11,"Phytophthora",14,NA,NA,"bottom",1,69,2,2,1,"Actinobacteriota","Actinobacteria","Streptomycetales","Streptomycetaceae","Streptomyces","ActIA","Innovator","Rhizosphere soil","Pinf","AS111"
2026-02-11,"Phytophthora",14,NA,NA,"bottom-left",1,70,2,1,1,"Actinobacteriota","Actinobacteria","Streptomycetales","Streptomycetaceae","Streptomyces","ActIA","Innovator","Rhizosphere soil","Pinf","AS113"
2026-02-11,"Phytophthora",15,NA,NA,"top",1,71,2,1,1,"Actinobacteriota","Actinobacteria","Streptomycetales","Streptomycetaceae","Streptomyces","ActIA","Innovator","Rhizosphere soil","Pinf","AS114"
2026-02-11,"Phytophthora",15,NA,NA,"top-right",1,72,2,0,1,"Actinobacteriota","Actinobacteria","Streptomycetales","Streptomycetaceae","Streptomyces","ActIA","Innovator","Rhizosphere soil","Pinf","AS115"
2026-02-11,"Phytophthora",15,NA,NA,"bottom-right",1,73,2,0,1,"Actinobacteriota","Actinobacteria","Streptomycetales","Streptomycetaceae","Streptomyces","ActIA","Innovator","Rhizosphere soil","Pinf","AS116"
2026-02-11,"Phytophthora",15,NA,NA,"bottom",1,74,2,3,1,"Actinobacteriota","Actinobacteria","Streptomycetales","Streptomycetaceae","Streptomyces","ActIA","Innovator","Rhizosphere soil","Pinf","AS118"
2026-02-11,"Phytophthora",15,NA,NA,"bottom-left",1,75,2,2,1,"Actinobacteriota","Actinobacteria","Streptomycetales","Streptomycetaceae","Streptomyces","ActIA","Innovator","Rhizosphere soil","Pinf","AS120"
2026-02-11,"Phytophthora",16,NA,NA,"top",1,76,2,1,1,"Actinobacteriota","Actinobacteria","Streptomycetales","Streptomycetaceae","Streptomyces","ActIA","Innovator","Rhizosphere soil","Pinf","AS121a"
2026-02-11,"Phytophthora",16,NA,NA,"top-right",1,77,2,2,1,"Actinobacteriota","Actinobacteria","Streptomycetales","Streptomycetaceae","Streptomyces","ActIA","Innovator","Rhizosphere soil","Pinf","AS121c"
2026-02-11,"Phytophthora",16,NA,NA,"bottom-right",1,78,2,3,1,"Actinobacteriota","Actinobacteria","Streptomycetales","Streptomycetaceae","Streptomyces","ActIA","Innovator","Rhizosphere soil","Pinf","AS131"
2026-02-11,"Phytophthora",16,NA,NA,"bottom",1,79,2,1,1,"Actinobacteriota","Actinobacteria","Streptomycetales","Streptomycetaceae","Streptomyces","ActIA","Innovator","Rhizosphere soil","Pinf","AS136"
2026-02-11,"Phytophthora",16,NA,NA,"bottom-left",1,80,2,1,1,"Actinobacteriota","Actinobacteria","Streptomycetales","Streptomycetaceae","Streptomyces","ActIA","Innovator","Rhizosphere soil","Pinf","AS139a"
2026-02-11,"Phytophthora",17,NA,NA,"top",1,81,2,0,1,"Actinobacteriota","Actinobacteria","Streptomycetales","Streptomycetaceae","Streptomyces","ActIA","Innovator","Rhizosphere soil","Pinf","AS140a"
2026-02-11,"Phytophthora",17,NA,NA,"top-right",1,82,2,0,1,"Actinobacteriota","Actinobacteria","Streptomycetales","Streptomycetaceae","Streptomyces","ActIA","Innovator","Rhizosphere soil","Pinf","AS140b"
2026-02-11,"Phytophthora",17,NA,NA,"bottom-right",1,83,2,0,1,"Actinobacteriota","Actinobacteria","Streptomycetales","Streptomycetaceae","Streptomyces","ActIA","Innovator","Rhizosphere soil","Pinf","AS141"
2026-02-11,"Phytophthora",17,NA,NA,"bottom",1,84,2,0,1,"Actinobacteriota","Actinobacteria","Streptomycetales","Streptomycetaceae","Streptomyces","ActIA","Innovator","Rhizosphere soil","Pinf","AS142"
2026-02-11,"Phytophthora",17,NA,NA,"bottom-left",1,85,2,0,1,"Actinobacteriota","Actinobacteria","Streptomycetales","Streptomycetaceae","Streptomyces","ActIA","Innovator","Rhizosphere soil","Pinf","AS143"
2026-02-11,"Phytophthora",18,NA,NA,"top-right",1,87,2,0,1,"Actinobacteriota","Actinobacteria","Streptomycetales","Streptomycetaceae","Streptomyces","ActIA","Innovator","Rhizosphere soil","Pinf","AS145"
2026-02-11,"Phytophthora",18,NA,NA,"bottom-left",1,90,2,0,1,"Actinobacteriota","Actinobacteria","Streptomycetales","Streptomycetaceae","Streptomyces","ActIA","Bintje","Leaf","Pinf","BL040a"
2026-02-11,"Phytophthora",19,NA,NA,"top",1,91,2,9,1,"Actinobacteriota","Actinobacteria","Streptomycetales","Streptomycetaceae","Streptomyces","ActIA","Bintje","Leaf","Pinf","BL040b"
2026-02-11,"Phytophthora",19,NA,NA,"bottom-left",1,95,2,3,1,"Actinobacteriota","Actinobacteria","Streptomycetales","Streptomycetaceae","Streptomyces","ARE","Bintje","Leaf","Pinf","BL087"
2026-02-11,"Phytophthora",20,NA,NA,"top",1,96,2,4,1,"Actinobacteriota","Actinobacteria","Streptomycetales","Streptomycetaceae","Streptomyces","ARE","Bintje","Leaf","Pinf","BL091"
2026-02-11,"Phytophthora",20,NA,NA,"top-right",1,97,2,9,1,"Actinobacteriota","Actinobacteria","Streptomycetales","Streptomycetaceae","Streptomyces","ActIA","Bintje","Root","Pinf","BR044"
2026-02-11,"Phytophthora",20,NA,NA,"bottom-right",1,98,2,9,1,"Actinobacteriota","Actinobacteria","Streptomycetales","Streptomycetaceae","Streptomyces","ActIA","Bintje","Root","Pinf","BR045"
2026-02-11,"Phytophthora",20,NA,NA,"bottom",1,99,2,0,1,"Actinobacteriota","Actinobacteria","Streptomycetales","Streptomycetaceae","Streptomyces","ActIA","Bintje","Root","Pinf","BR048"
2026-02-11,"Phytophthora",20,NA,NA,"bottom-left",1,100,2,9,1,"Actinobacteriota","Actinobacteria","Streptomycetales","Streptomycetaceae","Streptomyces","ActIA","Bintje","Root","Pinf","BR051"
2026-02-11,"Phytophthora",21,NA,NA,"top",1,101,2,0,1,"Actinobacteriota","Actinobacteria","Streptomycetales","Streptomycetaceae","Streptomyces","ActIA","Bintje","Root","Pinf","BR057"
2026-02-11,"Phytophthora",21,NA,NA,"top-right",1,102,2,2,1,"Actinobacteriota","Actinobacteria","Streptomycetales","Streptomycetaceae","Streptomyces","ActIA","Bintje","Root","Pinf","BR060"
2026-02-11,"Phytophthora",21,NA,NA,"bottom-right",1,103,2,2,1,"Actinobacteriota","Actinobacteria","Streptomycetales","Streptomycetaceae","Streptomyces","ActIA","Bintje","Root","Pinf","BR061"
2026-02-11,"Phytophthora",21,NA,NA,"bottom",1,104,2,3,1,"Actinobacteriota","Actinobacteria","Streptomycetales","Streptomycetaceae","Streptomyces","ActIA","Bintje","Root","Pinf","BR065"
2026-02-11,"Phytophthora",21,NA,NA,"bottom-left",1,105,2,4,1,"Actinobacteriota","Actinobacteria","Streptomycetales","Streptomycetaceae","Streptomyces","ActIA","Bintje","Root","Pinf","BR068"
2026-02-11,"Phytophthora",22,NA,NA,"top",1,106,2,1,1,"Actinobacteriota","Actinobacteria","Streptomycetales","Streptomycetaceae","Streptomyces","ActIA","Bintje","Root","Pinf","BR070"
2026-02-11,"Phytophthora",22,NA,NA,"top-right",1,107,2,1,1,"Actinobacteriota","Actinobacteria","Streptomycetales","Streptomycetaceae","Streptomyces","ActIA","Bintje","Root","Pinf","BR074"
2026-02-11,"Phytophthora",22,NA,NA,"bottom-right",1,108,2,2,1,"Actinobacteriota","Actinobacteria","Streptomycetales","Streptomycetaceae","Streptomyces","ActIA","Bintje","Root","Pinf","BR079"
2026-02-11,"Phytophthora",23,NA,NA,"top-right",1,112,2,2,1,"Actinobacteriota","Actinobacteria","Streptomycetales","Streptomycetaceae","Streptomyces","TSA","Bintje","Root","Pinf","BR092a"
2026-02-11,"Phytophthora",23,NA,NA,"bottom-left",1,115,2,1,1,"Actinobacteriota","Actinobacteria","Streptomycetales","Streptomycetaceae","Streptomyces","TSA","Bintje","Root","Pinf","BR097"
2026-02-11,"Phytophthora",24,NA,NA,"top",1,116,2,3,1,"Actinobacteriota","Actinobacteria","Streptomycetales","Streptomycetaceae","Streptomyces","TSA","Bintje","Root","Pinf","BR104"
2026-02-11,"Phytophthora",24,NA,NA,"top-right",1,117,2,1,1,"Actinobacteriota","Actinobacteria","Streptomycetales","Streptomycetaceae","Streptomyces","TSA","Bintje","Root","Pinf","BR111"
2026-02-11,"Phytophthora",24,NA,NA,"bottom-right",1,118,2,2,1,"Actinobacteriota","Actinobacteria","Streptomycetales","Streptomycetaceae","Streptomyces","TSA","Bintje","Root","Pinf","BR113"
2026-02-11,"Phytophthora",24,NA,NA,"bottom",1,119,2,2,1,"Actinobacteriota","Actinobacteria","Streptomycetales","Streptomycetaceae","Streptomyces","TSA","Bintje","Root","Pinf","BR114"
2026-02-11,"Phytophthora",24,NA,NA,"bottom-left",1,120,2,0,1,"Actinobacteriota","Actinobacteria","Streptomycetales","Streptomycetaceae","Streptomyces","TSA","Bintje","Root","Pinf","BR117"
2026-02-11,"Phytophthora",25,NA,NA,"top",1,121,2,3,1,"Actinobacteriota","Actinobacteria","Streptomycetales","Streptomycetaceae","Streptomyces","TSA","Bintje","Root","Pinf","BR131"
2026-02-11,"Phytophthora",25,NA,NA,"top-right",1,122,2,2,1,"Actinobacteriota","Actinobacteria","Streptomycetales","Streptomycetaceae","Streptomyces","TSA","Bintje","Root","Pinf","BR132"
2026-02-11,"Phytophthora",25,NA,NA,"bottom-right",1,123,2,1,1,"Actinobacteriota","Actinobacteria","Streptomycetales","Streptomycetaceae","Streptomyces","ARE","Bintje","Root","Pinf","BR142"
2026-02-11,"Phytophthora",25,NA,NA,"bottom",1,124,2,3,1,"Actinobacteriota","Actinobacteria","Streptomycetales","Streptomycetaceae","Streptomyces","ARE","Bintje","Root","Pinf","BR143"
2026-02-11,"Phytophthora",25,NA,NA,"bottom-left",1,125,2,2,1,"Actinobacteriota","Actinobacteria","Streptomycetales","Streptomycetaceae","Streptomyces","ARE","Bintje","Root","Pinf","BR163"
2026-02-11,"Phytophthora",26,NA,NA,"top",1,126,2,3,1,"Actinobacteriota","Actinobacteria","Streptomycetales","Streptomycetaceae","Streptomyces","ARE","Bintje","Root","Pinf","BR159"
2026-02-11,"Phytophthora",26,NA,NA,"top-right",1,127,2,1,1,"Actinobacteriota","Actinobacteria","Streptomycetales","Streptomycetaceae","Streptomyces","ARE","Bintje","Root","Pinf","BR164"
2026-02-11,"Phytophthora",26,NA,NA,"bottom-right",1,128,2,3,1,"Actinobacteriota","Actinobacteria","Streptomycetales","Streptomycetaceae","Streptomyces","ARE","Bintje","Root","Pinf","BR165"
2026-02-11,"Phytophthora",26,NA,NA,"bottom",1,129,2,3,0,"Actinobacteriota","Actinobacteria","Streptomycetales","Streptomycetaceae","Streptomyces","ActIA","Bintje","Rhizosphere soil","Pinf","BS078"
2026-02-11,"Phytophthora",26,NA,NA,"bottom-left",1,130,2,2,1,"Actinobacteriota","Actinobacteria","Streptomycetales","Streptomycetaceae","Streptomyces","ActIA","Bintje","Rhizosphere soil","Pinf","BS082"
2026-02-11,"Phytophthora",27,NA,NA,"top",1,131,2,1,1,"Actinobacteriota","Actinobacteria","Streptomycetales","Streptomycetaceae","Streptomyces","ActIA","Bintje","Rhizosphere soil","Pinf","BS084"
2026-02-11,"Phytophthora",27,NA,NA,"top-right",1,132,2,2,1,"Actinobacteriota","Actinobacteria","Streptomycetales","Streptomycetaceae","Streptomyces","ActIA","Bintje","Rhizosphere soil","Pinf","BS085"
2026-02-11,"Phytophthora",27,NA,NA,"bottom-right",1,133,2,3,1,"Actinobacteriota","Actinobacteria","Streptomycetales","Streptomycetaceae","Streptomyces","ActIA","Bintje","Rhizosphere soil","Pinf","BS086"
2026-02-11,"Phytophthora",27,NA,NA,"bottom",1,134,2,2,1,"Actinobacteriota","Actinobacteria","Streptomycetales","Streptomycetaceae","Streptomyces","ActIA","Bintje","Rhizosphere soil","Pinf","BS089"
2026-02-11,"Phytophthora",27,NA,NA,"bottom-left",1,135,2,2,1,"Actinobacteriota","Actinobacteria","Streptomycetales","Streptomycetaceae","Streptomyces","ActIA","Bintje","Rhizosphere soil","Pinf","BS090"
2026-02-11,"Phytophthora",28,NA,NA,"top-right",1,137,2,2,1,"Actinobacteriota","Actinobacteria","Streptomycetales","Streptomycetaceae","Streptomyces","ActIA","Bintje","Rhizosphere soil","Pinf","BS093b"
2026-02-11,"Phytophthora",28,NA,NA,"bottom-right",1,138,2,2,1,"Actinobacteriota","Actinobacteria","Streptomycetales","Streptomycetaceae","Streptomyces","ActIA","Bintje","Rhizosphere soil","Pinf","BS093c"
2026-02-11,"Phytophthora",28,NA,NA,"bottom",1,139,2,1,1,"Actinobacteriota","Actinobacteria","Streptomycetales","Streptomycetaceae","Streptomyces","ActIA","Bintje","Rhizosphere soil","Pinf","BS096"
2026-02-11,"Phytophthora",28,NA,NA,"bottom-left",1,140,2,0,1,"Actinobacteriota","Actinobacteria","Streptomycetales","Streptomycetaceae","Streptomyces","ActIA","Bintje","Rhizosphere soil","Pinf","BS097a"
2026-02-11,"Phytophthora",29,NA,NA,"top",1,141,2,4,1,"Actinobacteriota","Actinobacteria","Streptomycetales","Streptomycetaceae","Streptomyces","ActIA","Bintje","Rhizosphere soil","Pinf","BS112"
2026-02-11,"Phytophthora",29,NA,NA,"top-right",1,142,2,9,1,"Actinobacteriota","Actinobacteria","Streptomycetales","Streptomycetaceae","Streptomyces","ActIA","Bintje","Rhizosphere soil","Pinf","BS115"
2026-02-11,"Phytophthora",29,NA,NA,"bottom",1,144,2,3,1,"Actinobacteriota","Actinobacteria","Streptomycetales","Streptomycetaceae","Streptomyces","ActIA","Bintje","Rhizosphere soil","Pinf","BS128"
2026-02-11,"Phytophthora",29,NA,NA,"bottom-left",1,145,2,2,1,"Actinobacteriota","Actinobacteria","Streptomycetales","Streptomycetaceae","Streptomyces","ActIA","Bintje","Rhizosphere soil","Pinf","BS129b"
2026-02-11,"Phytophthora",30,NA,NA,"top",1,146,2,0,1,"Actinobacteriota","Actinobacteria","Streptomycetales","Streptomycetaceae","Streptomyces","ActIA","Bintje","Rhizosphere soil","Pinf","BS136"
2026-02-11,"Phytophthora",30,NA,NA,"bottom-right",1,148,2,0,1,"Actinobacteriota","Actinobacteria","Streptomycetales","Streptomycetaceae","Streptomyces","ActIA","Bintje","Rhizosphere soil","Pinf","BS137a"
2026-02-11,"Phytophthora",30,NA,NA,"bottom",1,149,2,0,1,"Actinobacteriota","Actinobacteria","Streptomycetales","Streptomycetaceae","Streptomyces","ActIA","Bintje","Rhizosphere soil","Pinf","BS137b"
2026-02-11,"Phytophthora",30,NA,NA,"bottom-left",1,150,2,0,1,"Actinobacteriota","Actinobacteria","Streptomycetales","Streptomycetaceae","Streptomyces","TSA","Bintje","Rhizosphere soil","Pinf","BS140b"
2026-02-11,"Phytophthora",31,NA,NA,"top",1,151,2,2,1,"Actinobacteriota","Actinobacteria","Streptomycetales","Streptomycetaceae","Streptomyces","TSA","Bintje","Rhizosphere soil","Pinf","BS145"
2026-02-11,"Phytophthora",31,NA,NA,"top-right",1,152,2,2,1,"Actinobacteriota","Actinobacteria","Streptomycetales","Streptomycetaceae","Streptomyces","TSA","Bintje","Rhizosphere soil","Pinf","BS148"
2026-02-11,"Phytophthora",31,NA,NA,"bottom-right",1,153,2,2,1,"Actinobacteriota","Actinobacteria","Streptomycetales","Streptomycetaceae","Streptomyces","TSA","Bintje","Rhizosphere soil","Pinf","BS149"
2026-02-11,"Phytophthora",31,NA,NA,"bottom-left",1,155,2,0,1,"Actinobacteriota","Actinobacteria","Streptomycetales","Streptomycetaceae","Streptomyces","TSA","Bintje","Rhizosphere soil","Pinf","BS152"
2026-02-11,"Phytophthora",32,NA,NA,"top",1,156,2,2,1,"Actinobacteriota","Actinobacteria","Streptomycetales","Streptomycetaceae","Streptomyces","TSA","Bintje","Rhizosphere soil","Pinf","BS155"
2026-02-11,"Phytophthora",32,NA,NA,"top-right",1,157,2,0,1,"Actinobacteriota","Actinobacteria","Streptomycetales","Streptomycetaceae","Streptomyces","TSA","Bintje","Rhizosphere soil","Pinf","BS159"
2026-02-11,"Phytophthora",32,NA,NA,"bottom-right",1,158,2,0,1,"Actinobacteriota","Actinobacteria","Streptomycetales","Streptomycetaceae","Streptomyces","TSA","Bintje","Rhizosphere soil","Pinf","BS160"
2026-02-11,"Phytophthora",32,NA,NA,"bottom",1,159,2,3,1,"Actinobacteriota","Actinobacteria","Streptomycetales","Streptomycetaceae","Streptomyces","TSA","Bintje","Rhizosphere soil","Pinf","BS166"
2026-02-11,"Phytophthora",32,NA,NA,"bottom-left",1,160,2,3,1,"Actinobacteriota","Actinobacteria","Streptomycetales","Streptomycetaceae","Streptomyces","TSA","Bintje","Rhizosphere soil","Pinf","BS167"
2026-02-11,"Phytophthora",33,NA,NA,"top",1,161,2,3,1,"Actinobacteriota","Actinobacteria","Streptomycetales","Streptomycetaceae","Streptomyces","TSA","Bintje","Rhizosphere soil","Pinf","BS185"
2026-02-11,"Phytophthora",33,NA,NA,"top-right",1,162,2,3,1,"Actinobacteriota","Actinobacteria","Streptomycetales","Streptomycetaceae","Streptomyces","TSA","Bintje","Rhizosphere soil","Pinf","BS188"
2026-02-11,"Phytophthora",33,NA,NA,"bottom-right",1,163,2,3,1,"Actinobacteriota","Actinobacteria","Streptomycetales","Streptomycetaceae","Streptomyces","TSA","Bintje","Rhizosphere soil","Pinf","BS195b"
2026-02-11,"Phytophthora",33,NA,NA,"bottom",1,164,2,3,1,"Actinobacteriota","Actinobacteria","Streptomycetales","Streptomycetaceae","Streptomyces","TSA","Bintje","Rhizosphere soil","Pinf","BS197b"
2026-02-11,"Phytophthora",33,NA,NA,"bottom-left",1,165,2,2,1,"Actinobacteriota","Actinobacteria","Streptomycetales","Streptomycetaceae","Streptomyces","TSA","Bintje","Rhizosphere soil","Pinf","BS202"
2026-02-11,"Phytophthora",34,NA,NA,"top",1,166,2,0,1,"Actinobacteriota","Actinobacteria","Streptomycetales","Streptomycetaceae","Streptomyces","TSA","Bintje","Rhizosphere soil","Pinf","BS204"
2026-02-11,"Phytophthora",34,NA,NA,"top-right",1,167,2,2,1,"Actinobacteriota","Actinobacteria","Streptomycetales","Streptomycetaceae","Streptomyces","TSA","Bintje","Rhizosphere soil","Pinf","BS204a"
2026-02-11,"Phytophthora",34,NA,NA,"bottom-right",1,168,2,4,1,"Actinobacteriota","Actinobacteria","Streptomycetales","Streptomycetaceae","Streptomyces","TSA","Bintje","Rhizosphere soil","Pinf","BS205"
2026-02-11,"Phytophthora",34,NA,NA,"bottom",1,169,2,3,1,"Actinobacteriota","Actinobacteria","Streptomycetales","Streptomycetaceae","Streptomyces","TSA","Bintje","Rhizosphere soil","Pinf","BS207"
2026-02-11,"Phytophthora",34,NA,NA,"bottom-left",1,170,2,1,1,"Actinobacteriota","Actinobacteria","Streptomycetales","Streptomycetaceae","Streptomyces","ARE","Bintje","Rhizosphere soil","Pinf","BS211"
2026-02-11,"Phytophthora",35,NA,NA,"top",1,171,2,2,1,"Actinobacteriota","Actinobacteria","Streptomycetales","Streptomycetaceae","Streptomyces","ARE","Bintje","Rhizosphere soil","Pinf","BS212"
2026-02-11,"Phytophthora",35,NA,NA,"top-right",1,172,2,2,0,"Actinobacteriota","Actinobacteria","Streptomycetales","Streptomycetaceae","Streptomyces","ARE","Bintje","Rhizosphere soil","Pinf","BS213"
2026-02-11,"Phytophthora",35,NA,NA,"bottom-right",1,173,2,2,1,"Actinobacteriota","Actinobacteria","Streptomycetales","Streptomycetaceae","Streptomyces","ARE","Bintje","Rhizosphere soil","Pinf","BS214"
2026-02-11,"Phytophthora",35,NA,NA,"bottom",1,174,2,0,1,"Actinobacteriota","Actinobacteria","Streptomycetales","Streptomycetaceae","Streptomyces","ARE","Bintje","Rhizosphere soil","Pinf","BS215a"
2026-02-11,"Phytophthora",36,NA,NA,"top",1,176,2,1,1,"Actinobacteriota","Actinobacteria","Streptomycetales","Streptomycetaceae","Streptomyces","ARE","Bintje","Rhizosphere soil","Pinf","BS217"
2026-02-11,"Phytophthora",36,NA,NA,"top-right",1,177,2,0,1,"Actinobacteriota","Actinobacteria","Streptomycetales","Streptomycetaceae","Streptomyces","ARE","Bintje","Rhizosphere soil","Pinf","BS218"
2026-02-11,"Phytophthora",36,NA,NA,"bottom",1,179,2,2,1,"Actinobacteriota","Actinobacteria","Streptomycetales","Streptomycetaceae","Streptomyces","ARE","Bintje","Rhizosphere soil","Pinf","BS219c"
2026-02-11,"Phytophthora",36,NA,NA,"bottom-left",1,180,2,2,1,"Actinobacteriota","Actinobacteria","Streptomycetales","Streptomycetaceae","Streptomyces","ARE","Bintje","Rhizosphere soil","Pinf","BS220"
2026-02-11,"Phytophthora",37,NA,NA,"top",1,181,2,3,1,"Actinobacteriota","Actinobacteria","Streptomycetales","Streptomycetaceae","Streptomyces","ARE","Bintje","Rhizosphere soil","Pinf","BS226"
2026-02-11,"Phytophthora",37,NA,NA,"top-right",1,182,2,2,1,"Actinobacteriota","Actinobacteria","Streptomycetales","Streptomycetaceae","Streptomyces","ARE","Bintje","Rhizosphere soil","Pinf","BS227"
2026-02-11,"Phytophthora",37,NA,NA,"bottom",1,184,2,3,0,"Actinobacteriota","Actinobacteria","Streptomycetales","Streptomycetaceae","Streptomyces","ARE","Bintje","Rhizosphere soil","Pinf","BS234"
2026-02-11,"Phytophthora",37,NA,NA,"bottom-left",1,185,2,1,1,"Actinobacteriota","Actinobacteria","Streptomycetales","Streptomycetaceae","Streptomyces","ARE","Bintje","Rhizosphere soil","Pinf","BS238"
2026-02-11,"Phytophthora",38,NA,NA,"top",1,186,2,0,1,"Actinobacteriota","Actinobacteria","Streptomycetales","Streptomycetaceae","Streptomyces","ActIA","Innovator","Root","Pinf","AR101"
2026-02-11,"Phytophthora",38,NA,NA,"top-right",1,187,2,2,1,"Actinobacteriota","Actinobacteria","Streptomycetales","Streptomycetaceae","Streptomyces","ActIA","Bintje","Rhizosphere soil","Pinf","BS093a"
2026-02-11,"Phytophthora",38,NA,NA,"bottom-right",1,188,2,3,1,"Actinobacteriota","Actinobacteria","Streptomycetales","Streptomycetaceae","Streptomyces","ActIA","Innovator","Root","Pinf","AR121"
2026-02-11,"Phytophthora",39,NA,NA,"top-right",2,2,2,2,1,"Actinobacteriota","Actinobacteria","Streptomycetales","Streptomycetaceae","Streptomyces","TSA","Innovator","Root","Pinf","AR015"
2026-02-11,"Phytophthora",39,NA,NA,"bottom-right",2,3,2,3,1,"Actinobacteriota","Actinobacteria","Streptomycetales","Streptomycetaceae","Streptomyces","TSA","Innovator","Root","Pinf","AR019"
2026-02-11,"Phytophthora",39,NA,NA,"bottom",2,4,2,2,1,"Actinobacteriota","Actinobacteria","Streptomycetales","Streptomycetaceae","Streptomyces","TSA","Innovator","Root","Pinf","AR031"
2026-02-11,"Phytophthora",39,NA,NA,"bottom-left",2,5,2,2,1,"Actinobacteriota","Actinobacteria","Streptomycetales","Streptomycetaceae","Streptomyces","TSA","Innovator","Root","Pinf","AR040"
2026-02-11,"Phytophthora",40,NA,NA,"top-right",2,7,2,9,1,"Actinobacteriota","Actinobacteria","Streptomycetales","Streptomycetaceae","Streptomyces","TSA","Innovator","Root","Pinf","AR045"
2026-02-11,"Phytophthora",40,NA,NA,"bottom-right",2,8,2,9,1,"Actinobacteriota","Actinobacteria","Streptomycetales","Streptomycetaceae","Streptomyces","ARE","Innovator","Root","Pinf","AR064"
2026-02-11,"Phytophthora",40,NA,NA,"bottom",2,9,2,9,1,"Actinobacteriota","Actinobacteria","Streptomycetales","Streptomycetaceae","Streptomyces","ARE","Innovator","Root","Pinf","AR083c"
2026-02-11,"Phytophthora",40,NA,NA,"bottom-left",2,10,2,9,1,"Actinobacteriota","Actinobacteria","Streptomycetales","Streptomycetaceae","Streptomyces","ARE","Innovator","Root","Pinf","AR083d"
2026-02-11,"Phytophthora",41,NA,NA,"top",2,11,2,4,1,"Actinobacteriota","Actinobacteria","Streptomycetales","Streptomycetaceae","Streptomyces","ActIA","Innovator","Root","Pinf","AR092"
2026-02-11,"Phytophthora",41,NA,NA,"top-right",2,12,2,9,1,"Actinobacteriota","Actinobacteria","Streptomycetales","Streptomycetaceae","Streptomyces","ActIA","Innovator","Root","Pinf","AR127"
2026-02-11,"Phytophthora",41,NA,NA,"bottom-right",2,13,2,9,1,"Actinobacteriota","Actinobacteria","Streptomycetales","Streptomycetaceae","Streptomyces","TSA","Innovator","Rhizosphere soil","Pinf","AS005"
2026-02-11,"Phytophthora",41,NA,NA,"bottom",2,14,2,9,1,"Actinobacteriota","Actinobacteria","Propionibacteriales","Nocardioidaceae","Nocardioides","TSA","Innovator","Rhizosphere soil","Pinf","AS010"
2026-02-11,"Phytophthora",41,NA,NA,"bottom-left",2,15,2,9,1,"Actinobacteriota","Actinobacteria","Streptomycetales","Streptomycetaceae","Streptomyces","ARE","Innovator","Rhizosphere soil","Pinf","AS048"
2026-02-11,"Phytophthora",42,NA,NA,"bottom-right",2,18,2,3,0,"Actinobacteriota","Actinobacteria","Propionibacteriales","Nocardioidaceae","Nocardioides","ActIA","Innovator","Rhizosphere soil","Pinf","AS106"
2026-02-11,"Phytophthora",42,NA,NA,"bottom",2,19,2,0,1,"Actinobacteriota","Actinobacteria","Corynebacteriales","Nocardiaceae","Nocardia","ActIA","Innovator","Rhizosphere soil","Pinf","AS107"
2026-02-11,"Phytophthora",42,NA,NA,"bottom-left",2,20,2,2,1,"Actinobacteriota","Actinobacteria","Propionibacteriales","Nocardioidaceae","Nocardioides","ActIA","Innovator","Rhizosphere soil","Pinf","AS108"
2026-02-11,"Phytophthora",43,NA,NA,"top",2,21,2,1,1,"Actinobacteriota","Actinobacteria","Streptomycetales","Streptomycetaceae","Streptomyces","ActIA","Innovator","Rhizosphere soil","Pinf","AS112"
2026-02-11,"Phytophthora",43,NA,NA,"top-right",2,22,2,2,1,"Actinobacteriota","Actinobacteria","Propionibacteriales","Nocardioidaceae","Nocardioides","ActIA","Innovator","Rhizosphere soil","Pinf","AS121b"
2026-02-11,"Phytophthora",43,NA,NA,"bottom-right",2,23,2,2,1,"Actinobacteriota","Actinobacteria","Corynebacteriales","Nocardiaceae","Nocardia","ActIA","Innovator","Rhizosphere soil","Pinf","AS127"
2026-02-11,"Phytophthora",43,NA,NA,"bottom",2,24,2,0,1,"Actinobacteriota","Actinobacteria","Propionibacteriales","Nocardioidaceae","Nocardioides","ActIA","Innovator","Rhizosphere soil","Pinf","AS133"
2026-02-11,"Phytophthora",44,NA,NA,"top",2,26,2,2,1,"Actinobacteriota","Actinobacteria","Propionibacteriales","Nocardioidaceae","Nocardioides","ActIA","Bintje","Leaf","Pinf","BL047a"
2026-02-11,"Phytophthora",44,NA,NA,"top-right",2,27,2,2,1,"Actinobacteriota","Actinobacteria","Streptomycetales","Streptomycetaceae","Streptomyces","ActIA","Bintje","Root","Pinf","BR063"
2026-02-11,"Phytophthora",44,NA,NA,"bottom-right",2,28,2,2,1,"Actinobacteriota","Actinobacteria","Propionibacteriales","Nocardioidaceae","Nocardioides","ActIA","Bintje","Root","Pinf","BR081"
2026-02-11,"Phytophthora",44,NA,NA,"bottom",2,29,2,1,1,"Actinobacteriota","Actinobacteria","Streptomycetales","Streptomycetaceae","Streptomyces","ActIA","Bintje","Root","Pinf","BR084"
2026-02-11,"Phytophthora",45,NA,NA,"top",2,31,2,2,1,"Actinobacteriota","Actinobacteria","Streptomycetales","Streptomycetaceae","Streptomyces","ActIA","Bintje","Root","Pinf","BR085"
2026-02-11,"Phytophthora",45,NA,NA,"bottom-right",2,33,2,3,1,"Actinobacteriota","Actinobacteria","Streptomycetales","Streptomycetaceae","Streptomyces","TSA","Bintje","Root","Pinf","BR092b"
2026-02-11,"Phytophthora",45,NA,NA,"bottom",2,34,2,2,1,"Actinobacteriota","Actinobacteria","Streptomycetales","Streptomycetaceae","Streptomyces","TSA","Bintje","Root","Pinf","BR123"
2026-02-11,"Phytophthora",45,NA,NA,"bottom-left",2,35,2,3,1,"Actinobacteriota","Actinobacteria","Corynebacteriales","Nocardiaceae","Nocardia","ARE","Bintje","Root","Pinf","BR162"
2026-02-11,"Phytophthora",46,NA,NA,"top-right",2,37,2,2,1,"Actinobacteriota","Actinobacteria","Propionibacteriales","Nocardioidaceae","Nocardioides","ActIA","Bintje","Rhizosphere soil","Pinf","BS088"
2026-02-11,"Phytophthora",46,NA,NA,"bottom",2,39,2,2,1,"Actinobacteriota","Actinobacteria","Propionibacteriales","Nocardioidaceae","Nocardioides","TSA","Bintje","Rhizosphere soil","Pinf","BS157"
2026-02-11,"Phytophthora",46,NA,NA,"bottom-left",2,40,2,2,1,"Actinobacteriota","Actinobacteria","Streptomycetales","Streptomycetaceae","Streptomyces","TSA","Bintje","Rhizosphere soil","Pinf","BS184"
2026-02-11,"Phytophthora",47,NA,NA,"top-right",2,42,2,4,1,"Actinobacteriota","Actinobacteria","Streptomycetales","Streptomycetaceae","Streptomyces","TSA","Bintje","Rhizosphere soil","Pinf","BS195a"
2026-02-11,"Phytophthora",47,NA,NA,"bottom-right",2,43,2,9,1,"Actinobacteriota","Actinobacteria","Streptomycetales","Streptomycetaceae","Streptomyces","TSA","Bintje","Rhizosphere soil","Pinf","BS197a"
2026-02-11,"Phytophthora",47,NA,NA,"bottom",2,44,2,9,1,"Actinobacteriota","Actinobacteria","Streptomycetales","Streptomycetaceae","Streptomyces","TSA","Bintje","Rhizosphere soil","Pinf","BS198"
2026-02-11,"Phytophthora",48,NA,NA,"top",2,46,2,3,1,"Actinobacteriota","Actinobacteria","Streptomycetales","Streptomycetaceae","Streptomyces","ARE","Bintje","Rhizosphere soil","Pinf","BS216a"
2026-02-11,"Phytophthora",48,NA,NA,"top-right",2,47,2,3,1,"Actinobacteriota","Actinobacteria","Streptomycetales","Streptomycetaceae","Streptomyces","ARE","Bintje","Rhizosphere soil","Pinf","BS216c"
2026-02-11,"Phytophthora",48,NA,NA,"bottom-right",2,48,2,2,0,"Actinobacteriota","Actinobacteria","Streptomycetales","Streptomycetaceae","Streptomyces","ARE","Bintje","Rhizosphere soil","Pinf","BS219b"
2026-02-11,"Phytophthora",48,NA,NA,"bottom",2,50,2,9,1,"Actinobacteriota","Actinobacteria","Corynebacteriales","Nocardiaceae","Nocardia","ARE","Bintje","Rhizosphere soil","Pinf","BS233"
2026-02-11,"Phytophthora",48,NA,NA,"bottom-left",2,51,2,2,1,"Actinobacteriota","Actinobacteria","Streptomycetales","Streptomycetaceae","Streptomyces","ARE","Bintje","Rhizosphere soil","Pinf","BS235"
2026-03-04,"Pectobacterium",1,NA,NA,"left",2,14,3,0,1,"Actinobacteriota","Actinobacteria","Propionibacteriales","Nocardioidaceae","Nocardioides","TSA","Innovator","Rhizosphere soil","Pcar","AS010"
2026-03-04,"Pectobacterium",1,NA,NA,"left",2,15,3,0,1,"Actinobacteriota","Actinobacteria","Streptomycetales","Streptomycetaceae","Streptomyces","ARE","Innovator","Rhizosphere soil","Pcar","AS048"
2026-03-04,"Pectobacterium",1,NA,NA,"left",2,18,3,0,1,"Actinobacteriota","Actinobacteria","Propionibacteriales","Nocardioidaceae","Nocardioides","ActIA","Innovator","Rhizosphere soil","Pcar","AS106"
2026-03-04,"Pectobacterium",1,NA,NA,"left",2,19,3,0,1,"Actinobacteriota","Actinobacteria","Corynebacteriales","Nocardiaceae","Nocardia","ActIA","Innovator","Rhizosphere soil","Pcar","AS107"
2026-03-04,"Pectobacterium",1,NA,NA,"left",2,20,3,0,1,"Actinobacteriota","Actinobacteria","Propionibacteriales","Nocardioidaceae","Nocardioides","ActIA","Innovator","Rhizosphere soil","Pcar","AS108"
2026-03-04,"Pectobacterium",1,NA,NA,"left",2,21,3,0,1,"Actinobacteriota","Actinobacteria","Streptomycetales","Streptomycetaceae","Streptomyces","ActIA","Innovator","Rhizosphere soil","Pcar","AS112"
2026-03-04,"Pectobacterium",1,NA,NA,"right",2,22,3,0,1,"Actinobacteriota","Actinobacteria","Propionibacteriales","Nocardioidaceae","Nocardioides","ActIA","Innovator","Rhizosphere soil","Pcar","AS121b"
2026-03-04,"Pectobacterium",1,NA,NA,"right",2,23,3,0,1,"Actinobacteriota","Actinobacteria","Corynebacteriales","Nocardiaceae","Nocardia","ActIA","Innovator","Rhizosphere soil","Pcar","AS127"
2026-03-04,"Pectobacterium",1,NA,NA,"right",2,24,3,0,1,"Actinobacteriota","Actinobacteria","Propionibacteriales","Nocardioidaceae","Nocardioides","ActIA","Innovator","Rhizosphere soil","Pcar","AS133"
2026-03-04,"Pectobacterium",1,NA,NA,"right",2,26,3,0,1,"Actinobacteriota","Actinobacteria","Propionibacteriales","Nocardioidaceae","Nocardioides","ActIA","Bintje","Leaf","Pcar","BL047a"
2026-03-06,"Pythium",1,"left",NA,NA,1,1,3,0,1,"Actinobacteriota","Actinobacteria","Streptomycetales","Streptomycetaceae","Streptomyces","ARE","Innovator","Leaf","Pult","AL045"
2026-03-06,"Pythium",1,"left",NA,NA,1,2,3,0,1,"Actinobacteriota","Actinobacteria","Streptomycetales","Streptomycetaceae","Streptomyces","ARE","Innovator","Leaf","Pult","AL058"
2026-03-06,"Pythium",1,"left",NA,NA,1,3,3,0,1,"Actinobacteriota","Actinobacteria","Streptomycetales","Streptomycetaceae","Streptomyces","ARE","Innovator","Leaf","Pult","AL067"
2026-03-06,"Pythium",1,"left",NA,NA,1,4,3,0,1,"Actinobacteriota","Actinobacteria","Streptomycetales","Streptomycetaceae","Streptomyces","ActIA","Innovator","Leaf","Pult","AL071"
2026-03-06,"Pythium",1,"left",NA,NA,1,5,3,0,1,"Actinobacteriota","Actinobacteria","Streptomycetales","Streptomycetaceae","Streptomyces","ActIA","Innovator","Leaf","Pult","AL074"
2026-03-06,"Pythium",1,"left",NA,NA,1,6,3,0,1,"Actinobacteriota","Actinobacteria","Streptomycetales","Streptomycetaceae","Streptomyces","ActIA","Innovator","Leaf","Pult","AL083"
2026-03-06,"Pythium",1,"left",NA,NA,1,7,3,1,1,"Actinobacteriota","Actinobacteria","Streptomycetales","Streptomycetaceae","Streptomyces","TSA","Innovator","Root","Pult","AR003"
2026-03-06,"Pythium",1,"left",NA,NA,1,8,3,1,1,"Actinobacteriota","Actinobacteria","Streptomycetales","Streptomycetaceae","Streptomyces","TSA","Innovator","Root","Pult","AR004"
2026-03-06,"Pythium",1,"right",NA,NA,1,9,3,0,1,"Actinobacteriota","Actinobacteria","Streptomycetales","Streptomycetaceae","Streptomyces","TSA","Innovator","Root","Pult","AR006"
2026-03-06,"Pythium",1,"right",NA,NA,1,11,3,0,1,"Actinobacteriota","Actinobacteria","Streptomycetales","Streptomycetaceae","Streptomyces","TSA","Innovator","Root","Pult","AR011"
2026-03-06,"Pythium",1,"right",NA,NA,1,12,3,0,1,"Actinobacteriota","Actinobacteria","Streptomycetales","Streptomycetaceae","Streptomyces","TSA","Innovator","Root","Pult","AR012"
2026-03-06,"Pythium",1,"right",NA,NA,1,13,3,1,1,"Actinobacteriota","Actinobacteria","Streptomycetales","Streptomycetaceae","Streptomyces","TSA","Innovator","Root","Pult","AR013"
2026-03-06,"Pythium",2,"left",NA,NA,1,14,3,0,1,"Actinobacteriota","Actinobacteria","Streptomycetales","Streptomycetaceae","Streptomyces","TSA","Innovator","Root","Pult","AR014"
2026-03-06,"Pythium",2,"left",NA,NA,1,15,3,0,1,"Actinobacteriota","Actinobacteria","Streptomycetales","Streptomycetaceae","Streptomyces","TSA","Innovator","Root","Pult","AR018"
2026-03-06,"Pythium",2,"left",NA,NA,1,16,3,0,1,"Actinobacteriota","Actinobacteria","Streptomycetales","Streptomycetaceae","Streptomyces","TSA","Innovator","Root","Pult","AR020"
2026-03-06,"Pythium",2,"left",NA,NA,1,17,3,0,1,"Actinobacteriota","Actinobacteria","Streptomycetales","Streptomycetaceae","Streptomyces","TSA","Innovator","Root","Pult","AR027"
2026-03-06,"Pythium",2,"left",NA,NA,1,18,3,0,1,"Actinobacteriota","Actinobacteria","Streptomycetales","Streptomycetaceae","Streptomyces","TSA","Innovator","Root","Pult","AR029"
2026-03-06,"Pythium",2,"left",NA,NA,1,19,3,0,1,"Actinobacteriota","Actinobacteria","Streptomycetales","Streptomycetaceae","Streptomyces","TSA","Innovator","Root","Pult","AR030"
2026-03-06,"Pythium",2,"left",NA,NA,1,21,3,0,1,"Actinobacteriota","Actinobacteria","Streptomycetales","Streptomycetaceae","Streptomyces","TSA","Innovator","Root","Pult","AR033"
2026-03-06,"Pythium",2,"right",NA,NA,1,22,3,0,1,"Actinobacteriota","Actinobacteria","Streptomycetales","Streptomycetaceae","Streptomyces","TSA","Innovator","Root","Pult","AR034"
2026-03-06,"Pythium",2,"right",NA,NA,1,23,3,0,1,"Actinobacteriota","Actinobacteria","Streptomycetales","Streptomycetaceae","Streptomyces","TSA","Innovator","Root","Pult","AR036"
2026-03-06,"Pythium",2,"right",NA,NA,1,24,3,1,1,"Actinobacteriota","Actinobacteria","Streptomycetales","Streptomycetaceae","Streptomyces","TSA","Innovator","Root","Pult","AR038b"
2026-03-06,"Pythium",2,"right",NA,NA,1,26,3,0,1,"Actinobacteriota","Actinobacteria","Streptomycetales","Streptomycetaceae","Streptomyces","TSA","Innovator","Root","Pult","AR044"
2026-03-06,"Pythium",3,"left",NA,NA,1,27,3,0,1,"Actinobacteriota","Actinobacteria","Streptomycetales","Streptomycetaceae","Streptomyces","TSA","Innovator","Root","Pult","AR050"
2026-03-06,"Pythium",3,"left",NA,NA,1,28,3,1,1,"Actinobacteriota","Actinobacteria","Streptomycetales","Streptomycetaceae","Streptomyces","ARE","Innovator","Root","Pult","AR062"
2026-03-06,"Pythium",3,"left",NA,NA,1,29,3,1,1,"Actinobacteriota","Actinobacteria","Streptomycetales","Streptomycetaceae","Streptomyces","ARE","Innovator","Root","Pult","AR065"
2026-03-06,"Pythium",3,"left",NA,NA,1,30,3,0,1,"Actinobacteriota","Actinobacteria","Streptomycetales","Streptomycetaceae","Streptomyces","ARE","Innovator","Root","Pult","AR069"
2026-03-06,"Pythium",3,"left",NA,NA,1,31,3,1,1,"Actinobacteriota","Actinobacteria","Streptomycetales","Streptomycetaceae","Streptomyces","ARE","Innovator","Root","Pult","AR072"
2026-03-06,"Pythium",3,"left",NA,NA,1,32,3,1,1,"Actinobacteriota","Actinobacteria","Streptomycetales","Streptomycetaceae","Streptomyces","ARE","Innovator","Root","Pult","AR082"
2026-03-06,"Pythium",3,"left",NA,NA,1,33,3,0,1,"Actinobacteriota","Actinobacteria","Streptomycetales","Streptomycetaceae","Streptomyces","ARE","Innovator","Root","Pult","AR083b"
2026-03-06,"Pythium",3,"left",NA,NA,1,34,3,0,1,"Actinobacteriota","Actinobacteria","Streptomycetales","Streptomycetaceae","Streptomyces","ARE","Innovator","Root","Pult","AR085"
2026-03-06,"Pythium",3,"right",NA,NA,1,35,3,0,1,"Actinobacteriota","Actinobacteria","Streptomycetales","Streptomycetaceae","Streptomyces","ActIA","Innovator","Root","Pult","AR091"
2026-03-06,"Pythium",3,"right",NA,NA,1,36,3,2,1,"Actinobacteriota","Actinobacteria","Streptomycetales","Streptomycetaceae","Streptomyces","ActIA","Innovator","Root","Pult","AR092b"
2026-03-06,"Pythium",3,"right",NA,NA,1,37,3,1,1,"Actinobacteriota","Actinobacteria","Streptomycetales","Streptomycetaceae","Streptomyces","ActIA","Innovator","Root","Pult","AR094"
2026-03-06,"Pythium",3,"right",NA,NA,1,38,3,1,1,"Actinobacteriota","Actinobacteria","Streptomycetales","Streptomycetaceae","Streptomyces","ActIA","Innovator","Root","Pult","AR108"
2026-03-06,"Pythium",3,"right",NA,NA,1,39,3,1,1,"Actinobacteriota","Actinobacteria","Streptomycetales","Streptomycetaceae","Streptomyces","ActIA","Innovator","Root","Pult","AR109"
2026-03-06,"Pythium",4,"left",NA,NA,1,54,3,0,1,"Actinobacteriota","Actinobacteria","Streptomycetales","Streptomycetaceae","Streptomyces","TSA","Innovator","Rhizosphere soil","Pult","AS041"
2026-03-06,"Pythium",4,"left",NA,NA,1,55,3,0,1,"Actinobacteriota","Actinobacteria","Streptomycetales","Streptomycetaceae","Streptomyces","ARE","Innovator","Rhizosphere soil","Pult","AS046"
2026-03-06,"Pythium",4,"left",NA,NA,1,56,3,1,1,"Actinobacteriota","Actinobacteria","Streptomycetales","Streptomycetaceae","Streptomyces","ARE","Innovator","Rhizosphere soil","Pult","AS053"
2026-03-06,"Pythium",4,"left",NA,NA,1,57,3,1,1,"Actinobacteriota","Actinobacteria","Streptomycetales","Streptomycetaceae","Streptomyces","ARE","Innovator","Rhizosphere soil","Pult","AS065"
2026-03-06,"Pythium",4,"left",NA,NA,1,58,3,1,1,"Actinobacteriota","Actinobacteria","Streptomycetales","Streptomycetaceae","Streptomyces","ARE","Innovator","Rhizosphere soil","Pult","AS073"
2026-03-06,"Pythium",4,"right",NA,NA,1,61,3,1,1,"Actinobacteriota","Actinobacteria","Streptomycetales","Streptomycetaceae","Streptomyces","ARE","Innovator","Rhizosphere soil","Pult","AS078"
2026-03-06,"Pythium",4,"right",NA,NA,1,62,3,0,1,"Actinobacteriota","Actinobacteria","Streptomycetales","Streptomycetaceae","Streptomyces","ARE","Innovator","Rhizosphere soil","Pult","AS079"
2026-03-06,"Pythium",4,"right",NA,NA,1,63,3,1,1,"Actinobacteriota","Actinobacteria","Streptomycetales","Streptomycetaceae","Streptomyces","ActIA","Innovator","Rhizosphere soil","Pult","AS097"
2026-03-06,"Pythium",4,"right",NA,NA,1,64,3,1,1,"Actinobacteriota","Actinobacteria","Streptomycetales","Streptomycetaceae","Streptomyces","ActIA","Innovator","Rhizosphere soil","Pult","AS098"
2026-03-06,"Pythium",4,"right",NA,NA,1,65,3,0,1,"Actinobacteriota","Actinobacteria","Streptomycetales","Streptomycetaceae","Streptomyces","ActIA","Innovator","Rhizosphere soil","Pult","AS099"
2026-03-06,"Pythium",5,"left",NA,NA,1,66,3,0,1,"Actinobacteriota","Actinobacteria","Streptomycetales","Streptomycetaceae","Streptomyces","ActIA","Innovator","Rhizosphere soil","Pult","AS100"
2026-03-06,"Pythium",5,"left",NA,NA,1,67,3,2,1,"Actinobacteriota","Actinobacteria","Streptomycetales","Streptomycetaceae","Streptomyces","ActIA","Innovator","Rhizosphere soil","Pult","AS104"
2026-03-06,"Pythium",5,"left",NA,NA,1,68,3,0,1,"Actinobacteriota","Actinobacteria","Streptomycetales","Streptomycetaceae","Streptomyces","ActIA","Innovator","Rhizosphere soil","Pult","AS105"
2026-03-06,"Pythium",5,"left",NA,NA,1,69,3,0,1,"Actinobacteriota","Actinobacteria","Streptomycetales","Streptomycetaceae","Streptomyces","ActIA","Innovator","Rhizosphere soil","Pult","AS111"
2026-03-06,"Pythium",5,"left",NA,NA,1,70,3,0,1,"Actinobacteriota","Actinobacteria","Streptomycetales","Streptomycetaceae","Streptomyces","ActIA","Innovator","Rhizosphere soil","Pult","AS113"
2026-03-06,"Pythium",5,"left",NA,NA,1,71,3,0,1,"Actinobacteriota","Actinobacteria","Streptomycetales","Streptomycetaceae","Streptomyces","ActIA","Innovator","Rhizosphere soil","Pult","AS114"
2026-03-06,"Pythium",5,"left",NA,NA,1,72,3,0,1,"Actinobacteriota","Actinobacteria","Streptomycetales","Streptomycetaceae","Streptomyces","ActIA","Innovator","Rhizosphere soil","Pult","AS115"
2026-03-06,"Pythium",5,"left",NA,NA,1,73,3,0,1,"Actinobacteriota","Actinobacteria","Streptomycetales","Streptomycetaceae","Streptomyces","ActIA","Innovator","Rhizosphere soil","Pult","AS116"
2026-03-06,"Pythium",5,"right",NA,NA,1,74,3,0,1,"Actinobacteriota","Actinobacteria","Streptomycetales","Streptomycetaceae","Streptomyces","ActIA","Innovator","Rhizosphere soil","Pult","AS118"
2026-03-06,"Pythium",5,"right",NA,NA,1,75,3,0,1,"Actinobacteriota","Actinobacteria","Streptomycetales","Streptomycetaceae","Streptomyces","ActIA","Innovator","Rhizosphere soil","Pult","AS120"
2026-03-06,"Pythium",5,"right",NA,NA,1,76,3,0,1,"Actinobacteriota","Actinobacteria","Streptomycetales","Streptomycetaceae","Streptomyces","ActIA","Innovator","Rhizosphere soil","Pult","AS121a"
2026-03-06,"Pythium",5,"right",NA,NA,1,77,3,0,1,"Actinobacteriota","Actinobacteria","Streptomycetales","Streptomycetaceae","Streptomyces","ActIA","Innovator","Rhizosphere soil","Pult","AS121c"
2026-03-06,"Pythium",5,"right",NA,NA,1,78,3,1,1,"Actinobacteriota","Actinobacteria","Streptomycetales","Streptomycetaceae","Streptomyces","ActIA","Innovator","Rhizosphere soil","Pult","AS131"
2026-03-06,"Pythium",6,"left",NA,NA,1,79,3,0,1,"Actinobacteriota","Actinobacteria","Streptomycetales","Streptomycetaceae","Streptomyces","ActIA","Innovator","Rhizosphere soil","Pult","AS136"
2026-03-06,"Pythium",6,"left",NA,NA,1,80,3,0,1,"Actinobacteriota","Actinobacteria","Streptomycetales","Streptomycetaceae","Streptomyces","ActIA","Innovator","Rhizosphere soil","Pult","AS139a"
2026-03-06,"Pythium",6,"left",NA,NA,1,81,3,0,1,"Actinobacteriota","Actinobacteria","Streptomycetales","Streptomycetaceae","Streptomyces","ActIA","Innovator","Rhizosphere soil","Pult","AS140a"
2026-03-06,"Pythium",6,"left",NA,NA,1,82,3,0,1,"Actinobacteriota","Actinobacteria","Streptomycetales","Streptomycetaceae","Streptomyces","ActIA","Innovator","Rhizosphere soil","Pult","AS140b"
2026-03-06,"Pythium",6,"left",NA,NA,1,83,3,0,1,"Actinobacteriota","Actinobacteria","Streptomycetales","Streptomycetaceae","Streptomyces","ActIA","Innovator","Rhizosphere soil","Pult","AS141"
2026-03-06,"Pythium",6,"left",NA,NA,1,84,3,0,1,"Actinobacteriota","Actinobacteria","Streptomycetales","Streptomycetaceae","Streptomyces","ActIA","Innovator","Rhizosphere soil","Pult","AS142"
2026-03-06,"Pythium",6,"left",NA,NA,1,85,3,0,1,"Actinobacteriota","Actinobacteria","Streptomycetales","Streptomycetaceae","Streptomyces","ActIA","Innovator","Rhizosphere soil","Pult","AS143"
2026-03-06,"Pythium",6,"right",NA,NA,1,87,3,0,1,"Actinobacteriota","Actinobacteria","Streptomycetales","Streptomycetaceae","Streptomyces","ActIA","Innovator","Rhizosphere soil","Pult","AS145"
2026-03-06,"Pythium",6,"right",NA,NA,1,90,3,1,1,"Actinobacteriota","Actinobacteria","Streptomycetales","Streptomycetaceae","Streptomyces","ActIA","Bintje","Leaf","Pult","BL040a"
2026-03-06,"Pythium",6,"right",NA,NA,1,91,3,1,1,"Actinobacteriota","Actinobacteria","Streptomycetales","Streptomycetaceae","Streptomyces","ActIA","Bintje","Leaf","Pult","BL040b"
2026-03-06,"Pythium",7,"left",NA,NA,1,95,3,0,1,"Actinobacteriota","Actinobacteria","Streptomycetales","Streptomycetaceae","Streptomyces","ARE","Bintje","Leaf","Pult","BL087"
2026-03-06,"Pythium",7,"left",NA,NA,1,96,3,0,1,"Actinobacteriota","Actinobacteria","Streptomycetales","Streptomycetaceae","Streptomyces","ARE","Bintje","Leaf","Pult","BL091"
2026-03-06,"Pythium",7,"left",NA,NA,1,97,3,1,1,"Actinobacteriota","Actinobacteria","Streptomycetales","Streptomycetaceae","Streptomyces","ActIA","Bintje","Root","Pult","BR044"
2026-03-06,"Pythium",7,"left",NA,NA,1,98,3,1,1,"Actinobacteriota","Actinobacteria","Streptomycetales","Streptomycetaceae","Streptomyces","ActIA","Bintje","Root","Pult","BR045"
2026-03-06,"Pythium",7,"left",NA,NA,1,99,3,0,1,"Actinobacteriota","Actinobacteria","Streptomycetales","Streptomycetaceae","Streptomyces","ActIA","Bintje","Root","Pult","BR048"
2026-03-06,"Pythium",7,"right",NA,NA,1,100,3,1,1,"Actinobacteriota","Actinobacteria","Streptomycetales","Streptomycetaceae","Streptomyces","ActIA","Bintje","Root","Pult","BR051"
2026-03-06,"Pythium",7,"right",NA,NA,1,101,3,0,1,"Actinobacteriota","Actinobacteria","Streptomycetales","Streptomycetaceae","Streptomyces","ActIA","Bintje","Root","Pult","BR057"
2026-03-06,"Pythium",7,"right",NA,NA,1,102,3,0,1,"Actinobacteriota","Actinobacteria","Streptomycetales","Streptomycetaceae","Streptomyces","ActIA","Bintje","Root","Pult","BR060"
2026-03-06,"Pythium",7,"right",NA,NA,1,103,3,0,1,"Actinobacteriota","Actinobacteria","Streptomycetales","Streptomycetaceae","Streptomyces","ActIA","Bintje","Root","Pult","BR061"
2026-03-06,"Pythium",7,"right",NA,NA,1,104,3,0,1,"Actinobacteriota","Actinobacteria","Streptomycetales","Streptomycetaceae","Streptomyces","ActIA","Bintje","Root","Pult","BR065"
2026-03-06,"Pythium",8,"left",NA,NA,1,105,3,1,1,"Actinobacteriota","Actinobacteria","Streptomycetales","Streptomycetaceae","Streptomyces","ActIA","Bintje","Root","Pult","BR068"
2026-03-06,"Pythium",8,"left",NA,NA,1,106,3,0,1,"Actinobacteriota","Actinobacteria","Streptomycetales","Streptomycetaceae","Streptomyces","ActIA","Bintje","Root","Pult","BR070"
2026-03-06,"Pythium",8,"left",NA,NA,1,107,3,3,1,"Actinobacteriota","Actinobacteria","Streptomycetales","Streptomycetaceae","Streptomyces","ActIA","Bintje","Root","Pult","BR074"
2026-03-06,"Pythium",8,"left",NA,NA,1,108,3,1,1,"Actinobacteriota","Actinobacteria","Streptomycetales","Streptomycetaceae","Streptomyces","ActIA","Bintje","Root","Pult","BR079"
2026-03-06,"Pythium",8,"left",NA,NA,1,112,3,0,1,"Actinobacteriota","Actinobacteria","Streptomycetales","Streptomycetaceae","Streptomyces","TSA","Bintje","Root","Pult","BR092a"
2026-03-06,"Pythium",8,"right",NA,NA,1,115,3,2,1,"Actinobacteriota","Actinobacteria","Streptomycetales","Streptomycetaceae","Streptomyces","TSA","Bintje","Root","Pult","BR097"
2026-03-06,"Pythium",8,"right",NA,NA,1,116,3,1,1,"Actinobacteriota","Actinobacteria","Streptomycetales","Streptomycetaceae","Streptomyces","TSA","Bintje","Root","Pult","BR104"
2026-03-06,"Pythium",8,"right",NA,NA,1,117,3,0,1,"Actinobacteriota","Actinobacteria","Streptomycetales","Streptomycetaceae","Streptomyces","TSA","Bintje","Root","Pult","BR111"
2026-03-06,"Pythium",9,"left",NA,NA,1,118,3,1,1,"Actinobacteriota","Actinobacteria","Streptomycetales","Streptomycetaceae","Streptomyces","TSA","Bintje","Root","Pult","BR113"
2026-03-06,"Pythium",9,"left",NA,NA,1,119,3,0,1,"Actinobacteriota","Actinobacteria","Streptomycetales","Streptomycetaceae","Streptomyces","TSA","Bintje","Root","Pult","BR114"
2026-03-06,"Pythium",9,"left",NA,NA,1,120,3,0,1,"Actinobacteriota","Actinobacteria","Streptomycetales","Streptomycetaceae","Streptomyces","TSA","Bintje","Root","Pult","BR117"
2026-03-06,"Pythium",9,"left",NA,NA,1,121,3,1,1,"Actinobacteriota","Actinobacteria","Streptomycetales","Streptomycetaceae","Streptomyces","TSA","Bintje","Root","Pult","BR131"
2026-03-06,"Pythium",9,"left",NA,NA,1,122,3,0,1,"Actinobacteriota","Actinobacteria","Streptomycetales","Streptomycetaceae","Streptomyces","TSA","Bintje","Root","Pult","BR132"
2026-03-06,"Pythium",9,"left",NA,NA,1,123,3,0,1,"Actinobacteriota","Actinobacteria","Streptomycetales","Streptomycetaceae","Streptomyces","ARE","Bintje","Root","Pult","BR142"
2026-03-06,"Pythium",9,"left",NA,NA,1,124,3,2,1,"Actinobacteriota","Actinobacteria","Streptomycetales","Streptomycetaceae","Streptomyces","ARE","Bintje","Root","Pult","BR143"
2026-03-06,"Pythium",9,"left",NA,NA,1,125,3,0,1,"Actinobacteriota","Actinobacteria","Streptomycetales","Streptomycetaceae","Streptomyces","ARE","Bintje","Root","Pult","BR163"
2026-03-06,"Pythium",9,"right",NA,NA,1,126,3,1,1,"Actinobacteriota","Actinobacteria","Streptomycetales","Streptomycetaceae","Streptomyces","ARE","Bintje","Root","Pult","BR159"
2026-03-06,"Pythium",9,"right",NA,NA,1,127,3,0,1,"Actinobacteriota","Actinobacteria","Streptomycetales","Streptomycetaceae","Streptomyces","ARE","Bintje","Root","Pult","BR164"
2026-03-06,"Pythium",9,"right",NA,NA,1,128,3,2,1,"Actinobacteriota","Actinobacteria","Streptomycetales","Streptomycetaceae","Streptomyces","ARE","Bintje","Root","Pult","BR165"
2026-03-06,"Pythium",9,"right",NA,NA,1,129,3,0,1,"Actinobacteriota","Actinobacteria","Streptomycetales","Streptomycetaceae","Streptomyces","ActIA","Bintje","Rhizosphere soil","Pult","BS078"
2026-03-06,"Pythium",9,"right",NA,NA,1,130,3,1,1,"Actinobacteriota","Actinobacteria","Streptomycetales","Streptomycetaceae","Streptomyces","ActIA","Bintje","Rhizosphere soil","Pult","BS082"
2026-03-06,"Pythium",10,"left",NA,NA,1,131,3,0,1,"Actinobacteriota","Actinobacteria","Streptomycetales","Streptomycetaceae","Streptomyces","ActIA","Bintje","Rhizosphere soil","Pult","BS084"
2026-03-06,"Pythium",10,"left",NA,NA,1,132,3,1,1,"Actinobacteriota","Actinobacteria","Streptomycetales","Streptomycetaceae","Streptomyces","ActIA","Bintje","Rhizosphere soil","Pult","BS085"
2026-03-06,"Pythium",10,"left",NA,NA,1,133,3,2,1,"Actinobacteriota","Actinobacteria","Streptomycetales","Streptomycetaceae","Streptomyces","ActIA","Bintje","Rhizosphere soil","Pult","BS086"
2026-03-06,"Pythium",10,"left",NA,NA,1,134,3,2,1,"Actinobacteriota","Actinobacteria","Streptomycetales","Streptomycetaceae","Streptomyces","ActIA","Bintje","Rhizosphere soil","Pult","BS089"
2026-03-06,"Pythium",10,"left",NA,NA,1,135,3,1,1,"Actinobacteriota","Actinobacteria","Streptomycetales","Streptomycetaceae","Streptomyces","ActIA","Bintje","Rhizosphere soil","Pult","BS090"
2026-03-06,"Pythium",10,"left",NA,NA,1,137,3,1,1,"Actinobacteriota","Actinobacteria","Streptomycetales","Streptomycetaceae","Streptomyces","ActIA","Bintje","Rhizosphere soil","Pult","BS093b"
2026-03-06,"Pythium",10,"left",NA,NA,1,138,3,0,1,"Actinobacteriota","Actinobacteria","Streptomycetales","Streptomycetaceae","Streptomyces","ActIA","Bintje","Rhizosphere soil","Pult","BS093c"
2026-03-06,"Pythium",10,"right",NA,NA,1,139,3,1,1,"Actinobacteriota","Actinobacteria","Streptomycetales","Streptomycetaceae","Streptomyces","ActIA","Bintje","Rhizosphere soil","Pult","BS096"
2026-03-06,"Pythium",10,"right",NA,NA,1,140,3,1,1,"Actinobacteriota","Actinobacteria","Streptomycetales","Streptomycetaceae","Streptomyces","ActIA","Bintje","Rhizosphere soil","Pult","BS097a"
2026-03-06,"Pythium",10,"right",NA,NA,1,141,3,2,1,"Actinobacteriota","Actinobacteria","Streptomycetales","Streptomycetaceae","Streptomyces","ActIA","Bintje","Rhizosphere soil","Pult","BS112"
2026-03-06,"Pythium",10,"right",NA,NA,1,142,3,0,1,"Actinobacteriota","Actinobacteria","Streptomycetales","Streptomycetaceae","Streptomyces","ActIA","Bintje","Rhizosphere soil","Pult","BS115"
2026-03-06,"Pythium",11,"left",NA,NA,1,144,2,1,1,"Actinobacteriota","Actinobacteria","Streptomycetales","Streptomycetaceae","Streptomyces","ActIA","Bintje","Rhizosphere soil","Pult","BS128"
2026-03-06,"Pythium",11,"left",NA,NA,1,145,2,0,1,"Actinobacteriota","Actinobacteria","Streptomycetales","Streptomycetaceae","Streptomyces","ActIA","Bintje","Rhizosphere soil","Pult","BS129b"
2026-03-06,"Pythium",11,"left",NA,NA,1,146,2,0,1,"Actinobacteriota","Actinobacteria","Streptomycetales","Streptomycetaceae","Streptomyces","ActIA","Bintje","Rhizosphere soil","Pult","BS136"
2026-03-06,"Pythium",11,"left",NA,NA,1,148,2,0,1,"Actinobacteriota","Actinobacteria","Streptomycetales","Streptomycetaceae","Streptomyces","ActIA","Bintje","Rhizosphere soil","Pult","BS137a"
2026-03-06,"Pythium",11,"left",NA,NA,1,149,2,0,1,"Actinobacteriota","Actinobacteria","Streptomycetales","Streptomycetaceae","Streptomyces","ActIA","Bintje","Rhizosphere soil","Pult","BS137b"
2026-03-06,"Pythium",11,"left",NA,NA,1,150,2,0,1,"Actinobacteriota","Actinobacteria","Streptomycetales","Streptomycetaceae","Streptomyces","TSA","Bintje","Rhizosphere soil","Pult","BS140b"
2026-03-06,"Pythium",11,"left",NA,NA,1,151,2,0,1,"Actinobacteriota","Actinobacteria","Streptomycetales","Streptomycetaceae","Streptomyces","TSA","Bintje","Rhizosphere soil","Pult","BS145"
2026-03-06,"Pythium",11,"right",NA,NA,1,152,2,0,1,"Actinobacteriota","Actinobacteria","Streptomycetales","Streptomycetaceae","Streptomyces","TSA","Bintje","Rhizosphere soil","Pult","BS148"
2026-03-06,"Pythium",11,"right",NA,NA,1,153,2,1,1,"Actinobacteriota","Actinobacteria","Streptomycetales","Streptomycetaceae","Streptomyces","TSA","Bintje","Rhizosphere soil","Pult","BS149"
2026-03-06,"Pythium",11,"right",NA,NA,1,155,2,0,1,"Actinobacteriota","Actinobacteria","Streptomycetales","Streptomycetaceae","Streptomyces","TSA","Bintje","Rhizosphere soil","Pult","BS152"
2026-03-06,"Pythium",11,"right",NA,NA,1,156,2,1,1,"Actinobacteriota","Actinobacteria","Streptomycetales","Streptomycetaceae","Streptomyces","TSA","Bintje","Rhizosphere soil","Pult","BS155"
2026-03-06,"Pythium",12,"left",NA,NA,1,157,3,0,1,"Actinobacteriota","Actinobacteria","Streptomycetales","Streptomycetaceae","Streptomyces","TSA","Bintje","Rhizosphere soil","Pult","BS159"
2026-03-06,"Pythium",12,"left",NA,NA,1,158,3,0,1,"Actinobacteriota","Actinobacteria","Streptomycetales","Streptomycetaceae","Streptomyces","TSA","Bintje","Rhizosphere soil","Pult","BS160"
2026-03-06,"Pythium",12,"left",NA,NA,1,159,3,1,1,"Actinobacteriota","Actinobacteria","Streptomycetales","Streptomycetaceae","Streptomyces","TSA","Bintje","Rhizosphere soil","Pult","BS166"
2026-03-06,"Pythium",12,"left",NA,NA,1,160,3,1,1,"Actinobacteriota","Actinobacteria","Streptomycetales","Streptomycetaceae","Streptomyces","TSA","Bintje","Rhizosphere soil","Pult","BS167"
2026-03-06,"Pythium",12,"left",NA,NA,1,161,3,1,1,"Actinobacteriota","Actinobacteria","Streptomycetales","Streptomycetaceae","Streptomyces","TSA","Bintje","Rhizosphere soil","Pult","BS185"
2026-03-06,"Pythium",12,"left",NA,NA,1,162,3,1,1,"Actinobacteriota","Actinobacteria","Streptomycetales","Streptomycetaceae","Streptomyces","TSA","Bintje","Rhizosphere soil","Pult","BS188"
2026-03-06,"Pythium",12,"left",NA,NA,1,163,3,1,1,"Actinobacteriota","Actinobacteria","Streptomycetales","Streptomycetaceae","Streptomyces","TSA","Bintje","Rhizosphere soil","Pult","BS195b"
2026-03-06,"Pythium",12,"left",NA,NA,1,164,3,1,1,"Actinobacteriota","Actinobacteria","Streptomycetales","Streptomycetaceae","Streptomyces","TSA","Bintje","Rhizosphere soil","Pult","BS197b"
2026-03-06,"Pythium",12,"right",NA,NA,1,165,3,0,1,"Actinobacteriota","Actinobacteria","Streptomycetales","Streptomycetaceae","Streptomyces","TSA","Bintje","Rhizosphere soil","Pult","BS202"
2026-03-06,"Pythium",12,"right",NA,NA,1,166,3,0,1,"Actinobacteriota","Actinobacteria","Streptomycetales","Streptomycetaceae","Streptomyces","TSA","Bintje","Rhizosphere soil","Pult","BS204"
2026-03-06,"Pythium",12,"right",NA,NA,1,167,3,0,1,"Actinobacteriota","Actinobacteria","Streptomycetales","Streptomycetaceae","Streptomyces","TSA","Bintje","Rhizosphere soil","Pult","BS204a"
2026-03-06,"Pythium",12,"right",NA,NA,1,168,3,1,1,"Actinobacteriota","Actinobacteria","Streptomycetales","Streptomycetaceae","Streptomyces","TSA","Bintje","Rhizosphere soil","Pult","BS205"
2026-03-06,"Pythium",12,"right",NA,NA,1,169,3,2,1,"Actinobacteriota","Actinobacteria","Streptomycetales","Streptomycetaceae","Streptomyces","TSA","Bintje","Rhizosphere soil","Pult","BS207"
2026-03-06,"Pythium",13,"left",NA,NA,1,170,3,0,1,"Actinobacteriota","Actinobacteria","Streptomycetales","Streptomycetaceae","Streptomyces","ARE","Bintje","Rhizosphere soil","Pult","BS211"
2026-03-06,"Pythium",13,"left",NA,NA,1,171,3,1,1,"Actinobacteriota","Actinobacteria","Streptomycetales","Streptomycetaceae","Streptomyces","ARE","Bintje","Rhizosphere soil","Pult","BS212"
2026-03-06,"Pythium",13,"left",NA,NA,1,172,3,9,1,"Actinobacteriota","Actinobacteria","Streptomycetales","Streptomycetaceae","Streptomyces","ARE","Bintje","Rhizosphere soil","Pult","BS213"
2026-03-06,"Pythium",13,"left",NA,NA,1,173,3,9,1,"Actinobacteriota","Actinobacteria","Streptomycetales","Streptomycetaceae","Streptomyces","ARE","Bintje","Rhizosphere soil","Pult","BS214"
2026-03-06,"Pythium",13,"left",NA,NA,1,174,3,2,1,"Actinobacteriota","Actinobacteria","Streptomycetales","Streptomycetaceae","Streptomyces","ARE","Bintje","Rhizosphere soil","Pult","BS215a"
2026-03-06,"Pythium",13,"left",NA,NA,1,176,3,0,1,"Actinobacteriota","Actinobacteria","Streptomycetales","Streptomycetaceae","Streptomyces","ARE","Bintje","Rhizosphere soil","Pult","BS217"
2026-03-06,"Pythium",13,"left",NA,NA,1,177,3,0,1,"Actinobacteriota","Actinobacteria","Streptomycetales","Streptomycetaceae","Streptomyces","ARE","Bintje","Rhizosphere soil","Pult","BS218"
2026-03-06,"Pythium",13,"right",NA,NA,1,179,3,0,1,"Actinobacteriota","Actinobacteria","Streptomycetales","Streptomycetaceae","Streptomyces","ARE","Bintje","Rhizosphere soil","Pult","BS219c"
2026-03-06,"Pythium",13,"right",NA,NA,1,180,3,0,1,"Actinobacteriota","Actinobacteria","Streptomycetales","Streptomycetaceae","Streptomyces","ARE","Bintje","Rhizosphere soil","Pult","BS220"
2026-03-06,"Pythium",13,"right",NA,NA,1,181,3,2,1,"Actinobacteriota","Actinobacteria","Streptomycetales","Streptomycetaceae","Streptomyces","ARE","Bintje","Rhizosphere soil","Pult","BS226"
2026-03-06,"Pythium",13,"right",NA,NA,1,182,3,2,1,"Actinobacteriota","Actinobacteria","Streptomycetales","Streptomycetaceae","Streptomyces","ARE","Bintje","Rhizosphere soil","Pult","BS227"
2026-03-06,"Pythium",14,"left",NA,NA,2,2,3,0,1,"Actinobacteriota","Actinobacteria","Streptomycetales","Streptomycetaceae","Streptomyces","TSA","Innovator","Root","Pult","AR015"
2026-03-06,"Pythium",14,"left",NA,NA,2,3,3,1,1,"Actinobacteriota","Actinobacteria","Streptomycetales","Streptomycetaceae","Streptomyces","TSA","Innovator","Root","Pult","AR019"
2026-03-06,"Pythium",14,"left",NA,NA,2,4,3,0,1,"Actinobacteriota","Actinobacteria","Streptomycetales","Streptomycetaceae","Streptomyces","TSA","Innovator","Root","Pult","AR031"
2026-03-06,"Pythium",14,"left",NA,NA,2,5,3,3,1,"Actinobacteriota","Actinobacteria","Streptomycetales","Streptomycetaceae","Streptomyces","TSA","Innovator","Root","Pult","AR040"
2026-03-06,"Pythium",14,"left",NA,NA,2,7,3,0,1,"Actinobacteriota","Actinobacteria","Streptomycetales","Streptomycetaceae","Streptomyces","TSA","Innovator","Root","Pult","AR045"
2026-03-06,"Pythium",14,"left",NA,NA,2,8,3,1,1,"Actinobacteriota","Actinobacteria","Streptomycetales","Streptomycetaceae","Streptomyces","ARE","Innovator","Root","Pult","AR064"
2026-03-06,"Pythium",14,"right",NA,NA,2,9,3,0,1,"Actinobacteriota","Actinobacteria","Streptomycetales","Streptomycetaceae","Streptomyces","ARE","Innovator","Root","Pult","AR083c"
2026-03-06,"Pythium",14,"right",NA,NA,2,10,3,1,1,"Actinobacteriota","Actinobacteria","Streptomycetales","Streptomycetaceae","Streptomyces","ARE","Innovator","Root","Pult","AR083d"
2026-03-06,"Pythium",14,"right",NA,NA,2,11,3,1,1,"Actinobacteriota","Actinobacteria","Streptomycetales","Streptomycetaceae","Streptomyces","ActIA","Innovator","Root","Pult","AR092"
2026-03-06,"Pythium",14,"right",NA,NA,2,12,3,1,1,"Actinobacteriota","Actinobacteria","Streptomycetales","Streptomycetaceae","Streptomyces","ActIA","Innovator","Root","Pult","AR127"
2026-03-06,"Pythium",14,"right",NA,NA,2,13,3,1,1,"Actinobacteriota","Actinobacteria","Streptomycetales","Streptomycetaceae","Streptomyces","TSA","Innovator","Rhizosphere soil","Pult","AS005"
2026-03-06,"Pythium",15,"left",NA,NA,2,40,3,0,1,"Actinobacteriota","Actinobacteria","Streptomycetales","Streptomycetaceae","Streptomyces","TSA","Bintje","Rhizosphere soil","Pult","BS184"
2026-03-06,"Pythium",15,"left",NA,NA,2,42,3,1,1,"Actinobacteriota","Actinobacteria","Streptomycetales","Streptomycetaceae","Streptomyces","TSA","Bintje","Rhizosphere soil","Pult","BS195a"
2026-03-06,"Pythium",15,"left",NA,NA,2,43,3,0,1,"Actinobacteriota","Actinobacteria","Streptomycetales","Streptomycetaceae","Streptomyces","TSA","Bintje","Rhizosphere soil","Pult","BS197a"
2026-03-06,"Pythium",15,"left",NA,NA,2,44,3,0,1,"Actinobacteriota","Actinobacteria","Streptomycetales","Streptomycetaceae","Streptomyces","TSA","Bintje","Rhizosphere soil","Pult","BS198"
2026-03-06,"Pythium",15,"left",NA,NA,2,46,3,1,1,"Actinobacteriota","Actinobacteria","Streptomycetales","Streptomycetaceae","Streptomyces","ARE","Bintje","Rhizosphere soil","Pult","BS216a"
2026-03-06,"Pythium",15,"left",NA,NA,2,47,3,0,1,"Actinobacteriota","Actinobacteria","Streptomycetales","Streptomycetaceae","Streptomyces","ARE","Bintje","Rhizosphere soil","Pult","BS216c"
2026-03-06,"Pythium",15,"right",NA,NA,2,48,3,1,1,"Actinobacteriota","Actinobacteria","Streptomycetales","Streptomycetaceae","Streptomyces","ARE","Bintje","Rhizosphere soil","Pult","BS219b"
2026-03-06,"Pythium",15,"right",NA,NA,2,50,3,0,1,"Actinobacteriota","Actinobacteria","Corynebacteriales","Nocardiaceae","Nocardia","ARE","Bintje","Rhizosphere soil","Pult","BS233"
2026-03-06,"Pythium",15,"right",NA,NA,2,51,3,1,1,"Actinobacteriota","Actinobacteria","Streptomycetales","Streptomycetaceae","Streptomyces","ARE","Bintje","Rhizosphere soil","Pult","BS235"
2026-03-06,"Alternaria",1,"left",NA,NA,1,1,3,0,1,"Actinobacteriota","Actinobacteria","Streptomycetales","Streptomycetaceae","Streptomyces","ARE","Innovator","Leaf","Asol","AL045"
2026-03-06,"Alternaria",1,"left",NA,NA,1,2,3,0,1,"Actinobacteriota","Actinobacteria","Streptomycetales","Streptomycetaceae","Streptomyces","ARE","Innovator","Leaf","Asol","AL058"
2026-03-06,"Alternaria",1,"left",NA,NA,1,3,3,0,1,"Actinobacteriota","Actinobacteria","Streptomycetales","Streptomycetaceae","Streptomyces","ARE","Innovator","Leaf","Asol","AL067"
2026-03-06,"Alternaria",1,"left",NA,NA,1,4,3,0,1,"Actinobacteriota","Actinobacteria","Streptomycetales","Streptomycetaceae","Streptomyces","ActIA","Innovator","Leaf","Asol","AL071"
2026-03-06,"Alternaria",1,"left",NA,NA,1,5,3,0,1,"Actinobacteriota","Actinobacteria","Streptomycetales","Streptomycetaceae","Streptomyces","ActIA","Innovator","Leaf","Asol","AL074"
2026-03-06,"Alternaria",1,"left",NA,NA,1,6,3,0,1,"Actinobacteriota","Actinobacteria","Streptomycetales","Streptomycetaceae","Streptomyces","ActIA","Innovator","Leaf","Asol","AL083"
2026-03-06,"Alternaria",1,"left",NA,NA,1,7,3,0,1,"Actinobacteriota","Actinobacteria","Streptomycetales","Streptomycetaceae","Streptomyces","TSA","Innovator","Root","Asol","AR003"
2026-03-06,"Alternaria",1,"left",NA,NA,1,8,3,2,1,"Actinobacteriota","Actinobacteria","Streptomycetales","Streptomycetaceae","Streptomyces","TSA","Innovator","Root","Asol","AR004"
2026-03-06,"Alternaria",1,"right",NA,NA,1,9,3,2,1,"Actinobacteriota","Actinobacteria","Streptomycetales","Streptomycetaceae","Streptomyces","TSA","Innovator","Root","Asol","AR006"
2026-03-06,"Alternaria",1,"right",NA,NA,1,11,3,1,1,"Actinobacteriota","Actinobacteria","Streptomycetales","Streptomycetaceae","Streptomyces","TSA","Innovator","Root","Asol","AR011"
2026-03-06,"Alternaria",1,"right",NA,NA,1,12,3,1,1,"Actinobacteriota","Actinobacteria","Streptomycetales","Streptomycetaceae","Streptomyces","TSA","Innovator","Root","Asol","AR012"
2026-03-06,"Alternaria",1,"right",NA,NA,1,13,3,2,1,"Actinobacteriota","Actinobacteria","Streptomycetales","Streptomycetaceae","Streptomyces","TSA","Innovator","Root","Asol","AR013"
2026-03-06,"Alternaria",2,"left",NA,NA,1,14,3,0,1,"Actinobacteriota","Actinobacteria","Streptomycetales","Streptomycetaceae","Streptomyces","TSA","Innovator","Root","Asol","AR014"
2026-03-06,"Alternaria",2,"left",NA,NA,1,15,3,0,1,"Actinobacteriota","Actinobacteria","Streptomycetales","Streptomycetaceae","Streptomyces","TSA","Innovator","Root","Asol","AR018"
2026-03-06,"Alternaria",2,"left",NA,NA,1,16,3,3,1,"Actinobacteriota","Actinobacteria","Streptomycetales","Streptomycetaceae","Streptomyces","TSA","Innovator","Root","Asol","AR020"
2026-03-06,"Alternaria",2,"left",NA,NA,1,17,3,0,1,"Actinobacteriota","Actinobacteria","Streptomycetales","Streptomycetaceae","Streptomyces","TSA","Innovator","Root","Asol","AR027"
2026-03-06,"Alternaria",2,"left",NA,NA,1,18,3,0,1,"Actinobacteriota","Actinobacteria","Streptomycetales","Streptomycetaceae","Streptomyces","TSA","Innovator","Root","Asol","AR029"
2026-03-06,"Alternaria",2,"left",NA,NA,1,19,3,0,1,"Actinobacteriota","Actinobacteria","Streptomycetales","Streptomycetaceae","Streptomyces","TSA","Innovator","Root","Asol","AR030"
2026-03-06,"Alternaria",2,"left",NA,NA,1,21,3,0,1,"Actinobacteriota","Actinobacteria","Streptomycetales","Streptomycetaceae","Streptomyces","TSA","Innovator","Root","Asol","AR033"
2026-03-06,"Alternaria",2,"right",NA,NA,1,22,3,0,1,"Actinobacteriota","Actinobacteria","Streptomycetales","Streptomycetaceae","Streptomyces","TSA","Innovator","Root","Asol","AR034"
2026-03-06,"Alternaria",2,"right",NA,NA,1,23,3,0,1,"Actinobacteriota","Actinobacteria","Streptomycetales","Streptomycetaceae","Streptomyces","TSA","Innovator","Root","Asol","AR036"
2026-03-06,"Alternaria",2,"right",NA,NA,1,24,3,4,1,"Actinobacteriota","Actinobacteria","Streptomycetales","Streptomycetaceae","Streptomyces","TSA","Innovator","Root","Asol","AR038b"
2026-03-06,"Alternaria",2,"right",NA,NA,1,26,3,0,1,"Actinobacteriota","Actinobacteria","Streptomycetales","Streptomycetaceae","Streptomyces","TSA","Innovator","Root","Asol","AR044"
2026-03-06,"Alternaria",3,"left",NA,NA,1,14,4,0,1,"Actinobacteriota","Actinobacteria","Streptomycetales","Streptomycetaceae","Streptomyces","TSA","Innovator","Root","Asol","AR014"
2026-03-06,"Alternaria",3,"left",NA,NA,1,15,4,0,1,"Actinobacteriota","Actinobacteria","Streptomycetales","Streptomycetaceae","Streptomyces","TSA","Innovator","Root","Asol","AR018"
2026-03-06,"Alternaria",3,"left",NA,NA,1,16,4,3,1,"Actinobacteriota","Actinobacteria","Streptomycetales","Streptomycetaceae","Streptomyces","TSA","Innovator","Root","Asol","AR020"
2026-03-06,"Alternaria",3,"left",NA,NA,1,17,4,0,1,"Actinobacteriota","Actinobacteria","Streptomycetales","Streptomycetaceae","Streptomyces","TSA","Innovator","Root","Asol","AR027"
2026-03-06,"Alternaria",3,"left",NA,NA,1,18,4,0,1,"Actinobacteriota","Actinobacteria","Streptomycetales","Streptomycetaceae","Streptomyces","TSA","Innovator","Root","Asol","AR029"
2026-03-06,"Alternaria",3,"left",NA,NA,1,19,4,0,1,"Actinobacteriota","Actinobacteria","Streptomycetales","Streptomycetaceae","Streptomyces","TSA","Innovator","Root","Asol","AR030"
2026-03-06,"Alternaria",3,"left",NA,NA,1,21,4,0,1,"Actinobacteriota","Actinobacteria","Streptomycetales","Streptomycetaceae","Streptomyces","TSA","Innovator","Root","Asol","AR033"
2026-03-06,"Alternaria",3,"right",NA,NA,1,22,4,0,1,"Actinobacteriota","Actinobacteria","Streptomycetales","Streptomycetaceae","Streptomyces","TSA","Innovator","Root","Asol","AR034"
2026-03-06,"Alternaria",3,"right",NA,NA,1,23,4,0,1,"Actinobacteriota","Actinobacteria","Streptomycetales","Streptomycetaceae","Streptomyces","TSA","Innovator","Root","Asol","AR036"
2026-03-06,"Alternaria",3,"right",NA,NA,1,24,4,4,1,"Actinobacteriota","Actinobacteria","Streptomycetales","Streptomycetaceae","Streptomyces","TSA","Innovator","Root","Asol","AR038b"
2026-03-06,"Alternaria",3,"right",NA,NA,1,26,4,0,1,"Actinobacteriota","Actinobacteria","Streptomycetales","Streptomycetaceae","Streptomyces","TSA","Innovator","Root","Asol","AR044"
2026-03-06,"Alternaria",4,"left",NA,NA,1,27,3,0,1,"Actinobacteriota","Actinobacteria","Streptomycetales","Streptomycetaceae","Streptomyces","TSA","Innovator","Root","Asol","AR050"
2026-03-06,"Alternaria",4,"left",NA,NA,1,28,3,1,1,"Actinobacteriota","Actinobacteria","Streptomycetales","Streptomycetaceae","Streptomyces","ARE","Innovator","Root","Asol","AR062"
2026-03-06,"Alternaria",4,"left",NA,NA,1,29,3,1,1,"Actinobacteriota","Actinobacteria","Streptomycetales","Streptomycetaceae","Streptomyces","ARE","Innovator","Root","Asol","AR065"
2026-03-06,"Alternaria",4,"left",NA,NA,1,30,3,0,1,"Actinobacteriota","Actinobacteria","Streptomycetales","Streptomycetaceae","Streptomyces","ARE","Innovator","Root","Asol","AR069"
2026-03-06,"Alternaria",4,"left",NA,NA,1,31,3,9,1,"Actinobacteriota","Actinobacteria","Streptomycetales","Streptomycetaceae","Streptomyces","ARE","Innovator","Root","Asol","AR072"
2026-03-06,"Alternaria",4,"left",NA,NA,1,32,3,4,1,"Actinobacteriota","Actinobacteria","Streptomycetales","Streptomycetaceae","Streptomyces","ARE","Innovator","Root","Asol","AR082"
2026-03-06,"Alternaria",4,"left",NA,NA,1,33,3,1,1,"Actinobacteriota","Actinobacteria","Streptomycetales","Streptomycetaceae","Streptomyces","ARE","Innovator","Root","Asol","AR083b"
2026-03-06,"Alternaria",4,"left",NA,NA,1,34,3,0,1,"Actinobacteriota","Actinobacteria","Streptomycetales","Streptomycetaceae","Streptomyces","ARE","Innovator","Root","Asol","AR085"
2026-03-06,"Alternaria",4,"right",NA,NA,1,35,3,0,1,"Actinobacteriota","Actinobacteria","Streptomycetales","Streptomycetaceae","Streptomyces","ActIA","Innovator","Root","Asol","AR091"
2026-03-06,"Alternaria",4,"right",NA,NA,1,36,3,0,1,"Actinobacteriota","Actinobacteria","Streptomycetales","Streptomycetaceae","Streptomyces","ActIA","Innovator","Root","Asol","AR092b"
2026-03-06,"Alternaria",4,"right",NA,NA,1,37,3,3,1,"Actinobacteriota","Actinobacteria","Streptomycetales","Streptomycetaceae","Streptomyces","ActIA","Innovator","Root","Asol","AR094"
2026-03-06,"Alternaria",4,"right",NA,NA,1,38,3,0,1,"Actinobacteriota","Actinobacteria","Streptomycetales","Streptomycetaceae","Streptomyces","ActIA","Innovator","Root","Asol","AR108"
2026-03-06,"Alternaria",4,"right",NA,NA,1,39,3,0,1,"Actinobacteriota","Actinobacteria","Streptomycetales","Streptomycetaceae","Streptomyces","ActIA","Innovator","Root","Asol","AR109"
2026-03-06,"Alternaria",5,"left",NA,NA,1,27,4,0,1,"Actinobacteriota","Actinobacteria","Streptomycetales","Streptomycetaceae","Streptomyces","TSA","Innovator","Root","Asol","AR050"
2026-03-06,"Alternaria",5,"left",NA,NA,1,28,4,0,1,"Actinobacteriota","Actinobacteria","Streptomycetales","Streptomycetaceae","Streptomyces","ARE","Innovator","Root","Asol","AR062"
2026-03-06,"Alternaria",5,"left",NA,NA,1,29,4,1,1,"Actinobacteriota","Actinobacteria","Streptomycetales","Streptomycetaceae","Streptomyces","ARE","Innovator","Root","Asol","AR065"
2026-03-06,"Alternaria",5,"left",NA,NA,1,30,4,0,1,"Actinobacteriota","Actinobacteria","Streptomycetales","Streptomycetaceae","Streptomyces","ARE","Innovator","Root","Asol","AR069"
2026-03-06,"Alternaria",5,"left",NA,NA,1,31,4,9,1,"Actinobacteriota","Actinobacteria","Streptomycetales","Streptomycetaceae","Streptomyces","ARE","Innovator","Root","Asol","AR072"
2026-03-06,"Alternaria",5,"left",NA,NA,1,32,4,4,1,"Actinobacteriota","Actinobacteria","Streptomycetales","Streptomycetaceae","Streptomyces","ARE","Innovator","Root","Asol","AR082"
2026-03-06,"Alternaria",5,"left",NA,NA,1,33,4,9,1,"Actinobacteriota","Actinobacteria","Streptomycetales","Streptomycetaceae","Streptomyces","ARE","Innovator","Root","Asol","AR083b"
2026-03-06,"Alternaria",5,"left",NA,NA,1,34,4,0,1,"Actinobacteriota","Actinobacteria","Streptomycetales","Streptomycetaceae","Streptomyces","ARE","Innovator","Root","Asol","AR085"
2026-03-06,"Alternaria",5,"right",NA,NA,1,35,4,0,1,"Actinobacteriota","Actinobacteria","Streptomycetales","Streptomycetaceae","Streptomyces","ActIA","Innovator","Root","Asol","AR091"
2026-03-06,"Alternaria",5,"right",NA,NA,1,36,4,0,1,"Actinobacteriota","Actinobacteria","Streptomycetales","Streptomycetaceae","Streptomyces","ActIA","Innovator","Root","Asol","AR092b"
2026-03-06,"Alternaria",5,"right",NA,NA,1,37,4,3,1,"Actinobacteriota","Actinobacteria","Streptomycetales","Streptomycetaceae","Streptomyces","ActIA","Innovator","Root","Asol","AR094"
2026-03-06,"Alternaria",5,"right",NA,NA,1,38,4,0,1,"Actinobacteriota","Actinobacteria","Streptomycetales","Streptomycetaceae","Streptomyces","ActIA","Innovator","Root","Asol","AR108"
2026-03-06,"Alternaria",5,"right",NA,NA,1,39,4,0,1,"Actinobacteriota","Actinobacteria","Streptomycetales","Streptomycetaceae","Streptomyces","ActIA","Innovator","Root","Asol","AR109"
2026-03-06,"Alternaria",6,"left",NA,NA,1,66,3,0,1,"Actinobacteriota","Actinobacteria","Streptomycetales","Streptomycetaceae","Streptomyces","ActIA","Innovator","Rhizosphere soil","Asol","AS100"
2026-03-06,"Alternaria",6,"left",NA,NA,1,67,3,2,1,"Actinobacteriota","Actinobacteria","Streptomycetales","Streptomycetaceae","Streptomyces","ActIA","Innovator","Rhizosphere soil","Asol","AS104"
2026-03-06,"Alternaria",6,"left",NA,NA,1,68,3,0,1,"Actinobacteriota","Actinobacteria","Streptomycetales","Streptomycetaceae","Streptomyces","ActIA","Innovator","Rhizosphere soil","Asol","AS105"
2026-03-06,"Alternaria",6,"left",NA,NA,1,69,3,2,1,"Actinobacteriota","Actinobacteria","Streptomycetales","Streptomycetaceae","Streptomyces","ActIA","Innovator","Rhizosphere soil","Asol","AS111"
2026-03-06,"Alternaria",6,"left",NA,NA,1,70,3,2,1,"Actinobacteriota","Actinobacteria","Streptomycetales","Streptomycetaceae","Streptomyces","ActIA","Innovator","Rhizosphere soil","Asol","AS113"
2026-03-06,"Alternaria",6,"left",NA,NA,1,71,3,2,1,"Actinobacteriota","Actinobacteria","Streptomycetales","Streptomycetaceae","Streptomyces","ActIA","Innovator","Rhizosphere soil","Asol","AS114"
2026-03-06,"Alternaria",6,"left",NA,NA,1,72,3,2,1,"Actinobacteriota","Actinobacteria","Streptomycetales","Streptomycetaceae","Streptomyces","ActIA","Innovator","Rhizosphere soil","Asol","AS115"
2026-03-06,"Alternaria",6,"left",NA,NA,1,73,3,0,1,"Actinobacteriota","Actinobacteria","Streptomycetales","Streptomycetaceae","Streptomyces","ActIA","Innovator","Rhizosphere soil","Asol","AS116"
2026-03-06,"Alternaria",6,"right",NA,NA,1,74,3,0,1,"Actinobacteriota","Actinobacteria","Streptomycetales","Streptomycetaceae","Streptomyces","ActIA","Innovator","Rhizosphere soil","Asol","AS118"
2026-03-06,"Alternaria",6,"right",NA,NA,1,75,3,0,1,"Actinobacteriota","Actinobacteria","Streptomycetales","Streptomycetaceae","Streptomyces","ActIA","Innovator","Rhizosphere soil","Asol","AS120"
2026-03-06,"Alternaria",6,"right",NA,NA,1,76,3,0,1,"Actinobacteriota","Actinobacteria","Streptomycetales","Streptomycetaceae","Streptomyces","ActIA","Innovator","Rhizosphere soil","Asol","AS121a"
2026-03-06,"Alternaria",6,"right",NA,NA,1,77,3,3,1,"Actinobacteriota","Actinobacteria","Streptomycetales","Streptomycetaceae","Streptomyces","ActIA","Innovator","Rhizosphere soil","Asol","AS121c"
2026-03-06,"Alternaria",6,"right",NA,NA,1,78,3,1,1,"Actinobacteriota","Actinobacteria","Streptomycetales","Streptomycetaceae","Streptomyces","ActIA","Innovator","Rhizosphere soil","Asol","AS131"
2026-03-06,"Alternaria",7,"left",NA,NA,1,79,3,0,1,"Actinobacteriota","Actinobacteria","Streptomycetales","Streptomycetaceae","Streptomyces","ActIA","Innovator","Rhizosphere soil","Asol","AS136"
2026-03-06,"Alternaria",7,"left",NA,NA,1,80,3,0,1,"Actinobacteriota","Actinobacteria","Streptomycetales","Streptomycetaceae","Streptomyces","ActIA","Innovator","Rhizosphere soil","Asol","AS139a"
2026-03-06,"Alternaria",7,"left",NA,NA,1,81,3,0,1,"Actinobacteriota","Actinobacteria","Streptomycetales","Streptomycetaceae","Streptomyces","ActIA","Innovator","Rhizosphere soil","Asol","AS140a"
2026-03-06,"Alternaria",7,"left",NA,NA,1,82,3,0,1,"Actinobacteriota","Actinobacteria","Streptomycetales","Streptomycetaceae","Streptomyces","ActIA","Innovator","Rhizosphere soil","Asol","AS140b"
2026-03-06,"Alternaria",7,"left",NA,NA,1,83,3,0,1,"Actinobacteriota","Actinobacteria","Streptomycetales","Streptomycetaceae","Streptomyces","ActIA","Innovator","Rhizosphere soil","Asol","AS141"
2026-03-06,"Alternaria",7,"left",NA,NA,1,84,3,0,1,"Actinobacteriota","Actinobacteria","Streptomycetales","Streptomycetaceae","Streptomyces","ActIA","Innovator","Rhizosphere soil","Asol","AS142"
2026-03-06,"Alternaria",7,"left",NA,NA,1,85,3,0,1,"Actinobacteriota","Actinobacteria","Streptomycetales","Streptomycetaceae","Streptomyces","ActIA","Innovator","Rhizosphere soil","Asol","AS143"
2026-03-06,"Alternaria",7,"right",NA,NA,1,87,3,0,1,"Actinobacteriota","Actinobacteria","Streptomycetales","Streptomycetaceae","Streptomyces","ActIA","Innovator","Rhizosphere soil","Asol","AS145"
2026-03-06,"Alternaria",7,"right",NA,NA,1,90,3,1,1,"Actinobacteriota","Actinobacteria","Streptomycetales","Streptomycetaceae","Streptomyces","ActIA","Bintje","Leaf","Asol","BL040a"
2026-03-06,"Alternaria",7,"right",NA,NA,1,91,3,0,1,"Actinobacteriota","Actinobacteria","Streptomycetales","Streptomycetaceae","Streptomyces","ActIA","Bintje","Leaf","Asol","BL040b"
2026-03-06,"Alternaria",8,"left",NA,NA,1,170,3,0,1,"Actinobacteriota","Actinobacteria","Streptomycetales","Streptomycetaceae","Streptomyces","ARE","Bintje","Rhizosphere soil","Asol","BS211"
2026-03-06,"Alternaria",8,"left",NA,NA,1,171,3,2,1,"Actinobacteriota","Actinobacteria","Streptomycetales","Streptomycetaceae","Streptomyces","ARE","Bintje","Rhizosphere soil","Asol","BS212"
2026-03-06,"Alternaria",8,"left",NA,NA,1,172,3,0,1,"Actinobacteriota","Actinobacteria","Streptomycetales","Streptomycetaceae","Streptomyces","ARE","Bintje","Rhizosphere soil","Asol","BS213"
2026-03-06,"Alternaria",8,"left",NA,NA,1,173,3,0,1,"Actinobacteriota","Actinobacteria","Streptomycetales","Streptomycetaceae","Streptomyces","ARE","Bintje","Rhizosphere soil","Asol","BS214"
2026-03-06,"Alternaria",8,"left",NA,NA,1,174,3,0,1,"Actinobacteriota","Actinobacteria","Streptomycetales","Streptomycetaceae","Streptomyces","ARE","Bintje","Rhizosphere soil","Asol","BS215a"
2026-03-06,"Alternaria",8,"left",NA,NA,1,176,3,1,1,"Actinobacteriota","Actinobacteria","Streptomycetales","Streptomycetaceae","Streptomyces","ARE","Bintje","Rhizosphere soil","Asol","BS217"
2026-03-06,"Alternaria",8,"left",NA,NA,1,177,3,0,1,"Actinobacteriota","Actinobacteria","Streptomycetales","Streptomycetaceae","Streptomyces","ARE","Bintje","Rhizosphere soil","Asol","BS218"
2026-03-06,"Alternaria",8,"right",NA,NA,1,179,3,2,0,"Actinobacteriota","Actinobacteria","Streptomycetales","Streptomycetaceae","Streptomyces","ARE","Bintje","Rhizosphere soil","Asol","BS219c"
2026-03-06,"Alternaria",8,"right",NA,NA,1,180,3,1,1,"Actinobacteriota","Actinobacteria","Streptomycetales","Streptomycetaceae","Streptomyces","ARE","Bintje","Rhizosphere soil","Asol","BS220"
2026-03-06,"Alternaria",8,"right",NA,NA,1,181,3,2,1,"Actinobacteriota","Actinobacteria","Streptomycetales","Streptomycetaceae","Streptomyces","ARE","Bintje","Rhizosphere soil","Asol","BS226"
2026-03-06,"Alternaria",8,"right",NA,NA,1,182,3,1,1,"Actinobacteriota","Actinobacteria","Streptomycetales","Streptomycetaceae","Streptomyces","ARE","Bintje","Rhizosphere soil","Asol","BS227"
2026-03-06,"Alternaria",9,"left",NA,NA,1,184,3,2,1,"Actinobacteriota","Actinobacteria","Streptomycetales","Streptomycetaceae","Streptomyces","ARE","Bintje","Rhizosphere soil","Asol","BS234"
2026-03-06,"Alternaria",9,"left",NA,NA,1,185,3,2,1,"Actinobacteriota","Actinobacteria","Streptomycetales","Streptomycetaceae","Streptomyces","ARE","Bintje","Rhizosphere soil","Asol","BS238"
2026-03-06,"Alternaria",9,"left",NA,NA,1,186,3,0,1,"Actinobacteriota","Actinobacteria","Streptomycetales","Streptomycetaceae","Streptomyces","ActIA","Innovator","Root","Asol","AR101"
2026-03-06,"Alternaria",9,"right",NA,NA,1,187,3,1,1,"Actinobacteriota","Actinobacteria","Streptomycetales","Streptomycetaceae","Streptomyces","ActIA","Bintje","Rhizosphere soil","Asol","BS093a"
2026-03-06,"Alternaria",9,"right",NA,NA,1,188,3,2,1,"Actinobacteriota","Actinobacteria","Streptomycetales","Streptomycetaceae","Streptomyces","ActIA","Innovator","Root","Asol","AR121"
2026-03-06,"Alternaria",10,"left",NA,NA,2,2,3,0,1,"Actinobacteriota","Actinobacteria","Streptomycetales","Streptomycetaceae","Streptomyces","TSA","Innovator","Root","Asol","AR015"
2026-03-06,"Alternaria",10,"left",NA,NA,2,3,3,3,1,"Actinobacteriota","Actinobacteria","Streptomycetales","Streptomycetaceae","Streptomyces","TSA","Innovator","Root","Asol","AR019"
2026-03-06,"Alternaria",10,"left",NA,NA,2,4,3,9,1,"Actinobacteriota","Actinobacteria","Streptomycetales","Streptomycetaceae","Streptomyces","TSA","Innovator","Root","Asol","AR031"
2026-03-06,"Alternaria",10,"left",NA,NA,2,5,3,2,1,"Actinobacteriota","Actinobacteria","Streptomycetales","Streptomycetaceae","Streptomyces","TSA","Innovator","Root","Asol","AR040"
2026-03-06,"Alternaria",10,"left",NA,NA,2,7,3,1,1,"Actinobacteriota","Actinobacteria","Streptomycetales","Streptomycetaceae","Streptomyces","TSA","Innovator","Root","Asol","AR045"
2026-03-06,"Alternaria",10,"left",NA,NA,2,8,3,1,1,"Actinobacteriota","Actinobacteria","Streptomycetales","Streptomycetaceae","Streptomyces","ARE","Innovator","Root","Asol","AR064"
2026-03-06,"Alternaria",10,"right",NA,NA,2,9,3,0,1,"Actinobacteriota","Actinobacteria","Streptomycetales","Streptomycetaceae","Streptomyces","ARE","Innovator","Root","Asol","AR083c"
2026-03-06,"Alternaria",10,"right",NA,NA,2,10,3,0,1,"Actinobacteriota","Actinobacteria","Streptomycetales","Streptomycetaceae","Streptomyces","ARE","Innovator","Root","Asol","AR083d"
2026-03-06,"Alternaria",10,"right",NA,NA,2,11,3,2,1,"Actinobacteriota","Actinobacteria","Streptomycetales","Streptomycetaceae","Streptomyces","ActIA","Innovator","Root","Asol","AR092"
2026-03-06,"Alternaria",10,"right",NA,NA,2,12,3,1,1,"Actinobacteriota","Actinobacteria","Streptomycetales","Streptomycetaceae","Streptomyces","ActIA","Innovator","Root","Asol","AR127"
2026-03-06,"Alternaria",10,"right",NA,NA,2,13,3,1,1,"Actinobacteriota","Actinobacteria","Streptomycetales","Streptomycetaceae","Streptomyces","TSA","Innovator","Rhizosphere soil","Asol","AS005"
2026-03-06,"Alternaria",11,"left",NA,NA,2,14,3,0,1,"Actinobacteriota","Actinobacteria","Propionibacteriales","Nocardioidaceae","Nocardioides","TSA","Innovator","Rhizosphere soil","Asol","AS010"
2026-03-06,"Alternaria",11,"left",NA,NA,2,15,3,2,1,"Actinobacteriota","Actinobacteria","Streptomycetales","Streptomycetaceae","Streptomyces","ARE","Innovator","Rhizosphere soil","Asol","AS048"
2026-03-06,"Alternaria",11,"left",NA,NA,2,18,3,2,0,"Actinobacteriota","Actinobacteria","Propionibacteriales","Nocardioidaceae","Nocardioides","ActIA","Innovator","Rhizosphere soil","Asol","AS106"
2026-03-06,"Alternaria",11,"left",NA,NA,2,19,3,0,1,"Actinobacteriota","Actinobacteria","Corynebacteriales","Nocardiaceae","Nocardia","ActIA","Innovator","Rhizosphere soil","Asol","AS107"
2026-03-06,"Alternaria",11,"left",NA,NA,2,20,3,0,1,"Actinobacteriota","Actinobacteria","Propionibacteriales","Nocardioidaceae","Nocardioides","ActIA","Innovator","Rhizosphere soil","Asol","AS108"
2026-03-06,"Alternaria",11,"left",NA,NA,2,21,3,0,1,"Actinobacteriota","Actinobacteria","Streptomycetales","Streptomycetaceae","Streptomyces","ActIA","Innovator","Rhizosphere soil","Asol","AS112"
2026-03-06,"Alternaria",11,"right",NA,NA,2,22,3,0,1,"Actinobacteriota","Actinobacteria","Propionibacteriales","Nocardioidaceae","Nocardioides","ActIA","Innovator","Rhizosphere soil","Asol","AS121b"
2026-03-06,"Alternaria",11,"right",NA,NA,2,23,3,1,1,"Actinobacteriota","Actinobacteria","Corynebacteriales","Nocardiaceae","Nocardia","ActIA","Innovator","Rhizosphere soil","Asol","AS127"
2026-03-06,"Alternaria",11,"right",NA,NA,2,24,3,1,1,"Actinobacteriota","Actinobacteria","Propionibacteriales","Nocardioidaceae","Nocardioides","ActIA","Innovator","Rhizosphere soil","Asol","AS133"
2026-03-06,"Alternaria",11,"right",NA,NA,2,26,3,0,1,"Actinobacteriota","Actinobacteria","Propionibacteriales","Nocardioidaceae","Nocardioides","ActIA","Bintje","Leaf","Asol","BL047a"
2026-03-06,"Alternaria",12,"left",NA,NA,2,27,3,0,1,"Actinobacteriota","Actinobacteria","Streptomycetales","Streptomycetaceae","Streptomyces","ActIA","Bintje","Root","Asol","BR063"
2026-03-06,"Alternaria",12,"left",NA,NA,2,28,3,1,1,"Actinobacteriota","Actinobacteria","Propionibacteriales","Nocardioidaceae","Nocardioides","ActIA","Bintje","Root","Asol","BR081"
2026-03-06,"Alternaria",12,"left",NA,NA,2,29,3,0,1,"Actinobacteriota","Actinobacteria","Streptomycetales","Streptomycetaceae","Streptomyces","ActIA","Bintje","Root","Asol","BR084"
2026-03-06,"Alternaria",12,"left",NA,NA,2,31,3,0,1,"Actinobacteriota","Actinobacteria","Streptomycetales","Streptomycetaceae","Streptomyces","ActIA","Bintje","Root","Asol","BR085"
2026-03-06,"Alternaria",12,"left",NA,NA,2,33,3,0,1,"Actinobacteriota","Actinobacteria","Streptomycetales","Streptomycetaceae","Streptomyces","TSA","Bintje","Root","Asol","BR092b"
2026-03-06,"Alternaria",12,"left",NA,NA,2,34,3,0,1,"Actinobacteriota","Actinobacteria","Streptomycetales","Streptomycetaceae","Streptomyces","TSA","Bintje","Root","Asol","BR123"
2026-03-06,"Alternaria",12,"right",NA,NA,2,35,3,2,1,"Actinobacteriota","Actinobacteria","Corynebacteriales","Nocardiaceae","Nocardia","ARE","Bintje","Root","Asol","BR162"
2026-03-06,"Alternaria",12,"right",NA,NA,2,37,3,0,1,"Actinobacteriota","Actinobacteria","Propionibacteriales","Nocardioidaceae","Nocardioides","ActIA","Bintje","Rhizosphere soil","Asol","BS088"
2026-03-06,"Alternaria",12,"right",NA,NA,2,39,3,0,1,"Actinobacteriota","Actinobacteria","Propionibacteriales","Nocardioidaceae","Nocardioides","TSA","Bintje","Rhizosphere soil","Asol","BS157"
2026-03-20,"Phytophthora",1,NA,NA,"top",1,6,3,1,1,"Actinobacteriota","Actinobacteria","Streptomycetales","Streptomycetaceae","Streptomyces","ActIA","Innovator","Leaf","Pinf","AL083"
2026-03-20,"Phytophthora",1,NA,NA,"top-right",1,7,3,2,1,"Actinobacteriota","Actinobacteria","Streptomycetales","Streptomycetaceae","Streptomyces","TSA","Innovator","Root","Pinf","AR003"
2026-03-20,"Phytophthora",1,NA,NA,"bottom-right",1,8,3,1,1,"Actinobacteriota","Actinobacteria","Streptomycetales","Streptomycetaceae","Streptomyces","TSA","Innovator","Root","Pinf","AR004"
2026-03-20,"Phytophthora",1,NA,NA,"bottom",1,9,3,2,1,"Actinobacteriota","Actinobacteria","Streptomycetales","Streptomycetaceae","Streptomyces","TSA","Innovator","Root","Pinf","AR006"
2026-03-20,"Phytophthora",2,NA,NA,"top",1,32,3,3,1,"Actinobacteriota","Actinobacteria","Streptomycetales","Streptomycetaceae","Streptomyces","ARE","Innovator","Root","Pinf","AR082"
2026-03-20,"Phytophthora",2,NA,NA,"top-right",1,33,3,9,1,"Actinobacteriota","Actinobacteria","Streptomycetales","Streptomycetaceae","Streptomyces","ARE","Innovator","Root","Pinf","AR083b"
2026-03-20,"Phytophthora",2,NA,NA,"bottom-right",1,34,3,0,1,"Actinobacteriota","Actinobacteria","Streptomycetales","Streptomycetaceae","Streptomyces","ARE","Innovator","Root","Pinf","AR085"
2026-03-20,"Phytophthora",2,NA,NA,"bottom",1,35,3,0,1,"Actinobacteriota","Actinobacteria","Streptomycetales","Streptomycetaceae","Streptomyces","ActIA","Innovator","Root","Pinf","AR091"
2026-03-20,"Phytophthora",2,NA,NA,"bottom-left",1,43,3,2,1,"Actinobacteriota","Actinobacteria","Streptomycetales","Streptomycetaceae","Streptomyces","ActIA","Innovator","Root","Pinf","AR124"
2026-03-20,"Phytophthora",3,NA,NA,"top",1,32,4,3,1,"Actinobacteriota","Actinobacteria","Streptomycetales","Streptomycetaceae","Streptomyces","ARE","Innovator","Root","Pinf","AR082"
2026-03-20,"Phytophthora",3,NA,NA,"top-right",1,33,4,9,1,"Actinobacteriota","Actinobacteria","Streptomycetales","Streptomycetaceae","Streptomyces","ARE","Innovator","Root","Pinf","AR083b"
2026-03-20,"Phytophthora",3,NA,NA,"bottom-right",1,34,4,1,1,"Actinobacteriota","Actinobacteria","Streptomycetales","Streptomycetaceae","Streptomyces","ARE","Innovator","Root","Pinf","AR085"
2026-03-20,"Phytophthora",3,NA,NA,"bottom",1,35,4,1,1,"Actinobacteriota","Actinobacteria","Streptomycetales","Streptomycetaceae","Streptomyces","ActIA","Innovator","Root","Pinf","AR091"
2026-03-20,"Phytophthora",3,NA,NA,"bottom-left",1,43,4,3,1,"Actinobacteriota","Actinobacteria","Streptomycetales","Streptomycetaceae","Streptomyces","ActIA","Innovator","Root","Pinf","AR124"
2026-03-20,"Phytophthora",4,NA,NA,"top",1,66,3,0,1,"Actinobacteriota","Actinobacteria","Streptomycetales","Streptomycetaceae","Streptomyces","ActIA","Innovator","Rhizosphere soil","Pinf","AS100"
2026-03-20,"Phytophthora",4,NA,NA,"top-right",1,91,3,1,1,"Actinobacteriota","Actinobacteria","Streptomycetales","Streptomycetaceae","Streptomyces","ActIA","Bintje","Leaf","Pinf","BL040b"
2026-03-20,"Phytophthora",4,NA,NA,"bottom-right",1,98,3,2,1,"Actinobacteriota","Actinobacteria","Streptomycetales","Streptomycetaceae","Streptomyces","ActIA","Bintje","Root","Pinf","BR045"
2026-03-20,"Phytophthora",4,NA,NA,"bottom",1,100,3,2,1,"Actinobacteriota","Actinobacteria","Streptomycetales","Streptomycetaceae","Streptomyces","ActIA","Bintje","Root","Pinf","BR051"
2026-03-20,"Phytophthora",4,NA,NA,"bottom-left",1,129,3,1,0,"Actinobacteriota","Actinobacteria","Streptomycetales","Streptomycetaceae","Streptomyces","ActIA","Bintje","Rhizosphere soil","Pinf","BS078"
2026-03-20,"Phytophthora",5,NA,NA,"top",1,97,3,3,1,"Actinobacteriota","Actinobacteria","Streptomycetales","Streptomycetaceae","Streptomyces","ActIA","Bintje","Root","Pinf","BR044"
2026-03-20,"Phytophthora",5,NA,NA,"top-right",1,130,3,3,1,"Actinobacteriota","Actinobacteria","Streptomycetales","Streptomycetaceae","Streptomyces","ActIA","Bintje","Rhizosphere soil","Pinf","BS082"
2026-03-20,"Phytophthora",5,NA,NA,"bottom-right",1,142,3,2,1,"Actinobacteriota","Actinobacteria","Streptomycetales","Streptomycetaceae","Streptomyces","ActIA","Bintje","Rhizosphere soil","Pinf","BS115"
2026-03-20,"Phytophthora",5,NA,NA,"bottom-left",1,179,3,3,0,"Actinobacteriota","Actinobacteria","Streptomycetales","Streptomycetaceae","Streptomyces","ARE","Bintje","Rhizosphere soil","Pinf","BS219c"
2026-03-20,"Phytophthora",6,NA,NA,"top",1,97,4,3,1,"Actinobacteriota","Actinobacteria","Streptomycetales","Streptomycetaceae","Streptomyces","ActIA","Bintje","Root","Pinf","BR044"
2026-03-20,"Phytophthora",6,NA,NA,"top-right",1,130,4,3,1,"Actinobacteriota","Actinobacteria","Streptomycetales","Streptomycetaceae","Streptomyces","ActIA","Bintje","Rhizosphere soil","Pinf","BS082"
2026-03-20,"Phytophthora",6,NA,NA,"bottom-right",1,142,4,2,1,"Actinobacteriota","Actinobacteria","Streptomycetales","Streptomycetaceae","Streptomyces","ActIA","Bintje","Rhizosphere soil","Pinf","BS115"
2026-03-20,"Phytophthora",6,NA,NA,"bottom-left",1,179,4,3,0,"Actinobacteriota","Actinobacteria","Streptomycetales","Streptomycetaceae","Streptomyces","ARE","Bintje","Rhizosphere soil","Pinf","BS219c"
2026-03-20,"Phytophthora",7,NA,NA,"top-right",2,7,3,2,1,"Actinobacteriota","Actinobacteria","Streptomycetales","Streptomycetaceae","Streptomyces","TSA","Innovator","Root","Pinf","AR045"
2026-03-20,"Phytophthora",7,NA,NA,"bottom-right",2,8,3,3,1,"Actinobacteriota","Actinobacteria","Streptomycetales","Streptomycetaceae","Streptomyces","ARE","Innovator","Root","Pinf","AR064"
2026-03-20,"Phytophthora",7,NA,NA,"bottom",2,10,3,3,1,"Actinobacteriota","Actinobacteria","Streptomycetales","Streptomycetaceae","Streptomyces","ARE","Innovator","Root","Pinf","AR083d"
2026-03-20,"Phytophthora",7,NA,NA,"bottom-left",2,12,3,3,1,"Actinobacteriota","Actinobacteria","Streptomycetales","Streptomycetaceae","Streptomyces","ActIA","Innovator","Root","Pinf","AR127"
2026-03-20,"Phytophthora",8,NA,NA,"top-right",2,7,4,2,1,"Actinobacteriota","Actinobacteria","Streptomycetales","Streptomycetaceae","Streptomyces","TSA","Innovator","Root","Pinf","AR045"
2026-03-20,"Phytophthora",8,NA,NA,"bottom-right",2,8,4,2,1,"Actinobacteriota","Actinobacteria","Streptomycetales","Streptomycetaceae","Streptomyces","ARE","Innovator","Root","Pinf","AR064"
2026-03-20,"Phytophthora",8,NA,NA,"bottom",2,10,4,3,1,"Actinobacteriota","Actinobacteria","Streptomycetales","Streptomycetaceae","Streptomyces","ARE","Innovator","Root","Pinf","AR083d"
2026-03-20,"Phytophthora",8,NA,NA,"bottom-left",2,12,4,3,1,"Actinobacteriota","Actinobacteria","Streptomycetales","Streptomycetaceae","Streptomyces","ActIA","Innovator","Root","Pinf","AR127"
2026-03-20,"Phytophthora",9,NA,NA,"top",2,9,3,3,1,"Actinobacteriota","Actinobacteria","Streptomycetales","Streptomycetaceae","Streptomyces","ARE","Innovator","Root","Pinf","AR083c"
2026-03-20,"Phytophthora",9,NA,NA,"bottom-right",2,13,3,3,1,"Actinobacteriota","Actinobacteria","Streptomycetales","Streptomycetaceae","Streptomyces","TSA","Innovator","Rhizosphere soil","Pinf","AS005"
2026-03-20,"Phytophthora",9,NA,NA,"bottom",2,14,3,0,1,"Actinobacteriota","Actinobacteria","Propionibacteriales","Nocardioidaceae","Nocardioides","TSA","Innovator","Rhizosphere soil","Pinf","AS010"
2026-03-20,"Phytophthora",9,NA,NA,"bottom-left",2,15,3,2,1,"Actinobacteriota","Actinobacteria","Streptomycetales","Streptomycetaceae","Streptomyces","ARE","Innovator","Rhizosphere soil","Pinf","AS048"
2026-03-20,"Phytophthora",10,NA,NA,"top",2,9,4,4,1,"Actinobacteriota","Actinobacteria","Streptomycetales","Streptomycetaceae","Streptomyces","ARE","Innovator","Root","Pinf","AR083c"
2026-03-20,"Phytophthora",10,NA,NA,"bottom-right",2,13,4,3,1,"Actinobacteriota","Actinobacteria","Streptomycetales","Streptomycetaceae","Streptomyces","TSA","Innovator","Rhizosphere soil","Pinf","AS005"
2026-03-20,"Phytophthora",10,NA,NA,"bottom",2,14,4,2,1,"Actinobacteriota","Actinobacteria","Propionibacteriales","Nocardioidaceae","Nocardioides","TSA","Innovator","Rhizosphere soil","Pinf","AS010"
2026-03-20,"Phytophthora",10,NA,NA,"bottom-left",2,15,4,3,1,"Actinobacteriota","Actinobacteria","Streptomycetales","Streptomycetaceae","Streptomyces","ARE","Innovator","Rhizosphere soil","Pinf","AS048"
2026-03-20,"Phytophthora",11,NA,NA,"top",2,31,3,2,1,"Actinobacteriota","Actinobacteria","Streptomycetales","Streptomycetaceae","Streptomyces","ActIA","Bintje","Root","Pinf","BR085"
2026-03-20,"Phytophthora",11,NA,NA,"bottom-right",2,33,3,3,1,"Actinobacteriota","Actinobacteria","Streptomycetales","Streptomycetaceae","Streptomyces","TSA","Bintje","Root","Pinf","BR092b"
2026-03-20,"Phytophthora",11,NA,NA,"bottom",2,34,3,1,1,"Actinobacteriota","Actinobacteria","Streptomycetales","Streptomycetaceae","Streptomyces","TSA","Bintje","Root","Pinf","BR123"
2026-03-20,"Phytophthora",11,NA,NA,"bottom-left",2,43,3,1,1,"Actinobacteriota","Actinobacteria","Streptomycetales","Streptomycetaceae","Streptomyces","TSA","Bintje","Rhizosphere soil","Pinf","BS197a"
2026-03-20,"Phytophthora",12,NA,NA,"top",2,44,3,3,1,"Actinobacteriota","Actinobacteria","Streptomycetales","Streptomycetaceae","Streptomyces","TSA","Bintje","Rhizosphere soil","Pinf","BS198"
2026-03-20,"Phytophthora",12,NA,NA,"bottom",2,50,3,0,1,"Actinobacteriota","Actinobacteria","Corynebacteriales","Nocardiaceae","Nocardia","ARE","Bintje","Rhizosphere soil","Pinf","BS233"
2026-03-20,"Phytophthora",13,NA,NA,"top",2,44,4,2,1,"Actinobacteriota","Actinobacteria","Streptomycetales","Streptomycetaceae","Streptomyces","TSA","Bintje","Rhizosphere soil","Pinf","BS198"
2026-03-20,"Phytophthora",13,NA,NA,"bottom",2,50,4,0,1,"Actinobacteriota","Actinobacteria","Corynebacteriales","Nocardiaceae","Nocardia","ARE","Bintje","Rhizosphere soil","Pinf","BS233"
2026-04-02,"Alternaria",1,NA,NA,"left",1,31,4,1,1,"Actinobacteriota","Actinobacteria","Streptomycetales","Streptomycetaceae","Streptomyces","ARE","Innovator","Root","Asol","AR072"
2026-04-02,"Alternaria",1,NA,NA,"left",1,33,4,9,1,"Actinobacteriota","Actinobacteria","Streptomycetales","Streptomycetaceae","Streptomyces","ARE","Innovator","Root","Asol","AR083b"
2026-04-02,"Alternaria",2,NA,NA,"left",1,31,5,1,1,"Actinobacteriota","Actinobacteria","Streptomycetales","Streptomycetaceae","Streptomyces","ARE","Innovator","Root","Asol","AR072"
2026-04-02,"Alternaria",2,NA,NA,"left",1,33,5,9,1,"Actinobacteriota","Actinobacteria","Streptomycetales","Streptomycetaceae","Streptomyces","ARE","Innovator","Root","Asol","AR083b"
2026-04-10,"Rhizoctonia",1,NA,NA,"top",1,1,1,0,1,"Actinobacteriota","Actinobacteria","Streptomycetales","Streptomycetaceae","Streptomyces","ARE","Innovator","Leaf","Rsol","AL045"
2026-04-10,"Rhizoctonia",1,NA,NA,"top-right",1,2,1,0,1,"Actinobacteriota","Actinobacteria","Streptomycetales","Streptomycetaceae","Streptomyces","ARE","Innovator","Leaf","Rsol","AL058"
2026-04-10,"Rhizoctonia",1,NA,NA,"bottom-right",1,3,1,0,1,"Actinobacteriota","Actinobacteria","Streptomycetales","Streptomycetaceae","Streptomyces","ARE","Innovator","Leaf","Rsol","AL067"
2026-04-10,"Rhizoctonia",1,NA,NA,"bottom",1,4,1,0,1,"Actinobacteriota","Actinobacteria","Streptomycetales","Streptomycetaceae","Streptomyces","ActIA","Innovator","Leaf","Rsol","AL071"
2026-04-10,"Rhizoctonia",1,NA,NA,"bottom-left",1,5,1,0,1,"Actinobacteriota","Actinobacteria","Streptomycetales","Streptomycetaceae","Streptomyces","ActIA","Innovator","Leaf","Rsol","AL074"
2026-04-10,"Rhizoctonia",2,NA,NA,"top",1,6,1,0,1,"Actinobacteriota","Actinobacteria","Streptomycetales","Streptomycetaceae","Streptomyces","ActIA","Innovator","Leaf","Rsol","AL083"
2026-04-10,"Rhizoctonia",2,NA,NA,"top-right",1,7,1,2,1,"Actinobacteriota","Actinobacteria","Streptomycetales","Streptomycetaceae","Streptomyces","TSA","Innovator","Root","Rsol","AR003"
2026-04-10,"Rhizoctonia",2,NA,NA,"bottom-right",1,8,1,3,1,"Actinobacteriota","Actinobacteria","Streptomycetales","Streptomycetaceae","Streptomyces","TSA","Innovator","Root","Rsol","AR004"
2026-04-10,"Rhizoctonia",2,NA,NA,"bottom",1,9,1,0,1,"Actinobacteriota","Actinobacteria","Streptomycetales","Streptomycetaceae","Streptomyces","TSA","Innovator","Root","Rsol","AR006"
2026-04-10,"Rhizoctonia",3,NA,NA,"top",1,11,1,0,1,"Actinobacteriota","Actinobacteria","Streptomycetales","Streptomycetaceae","Streptomyces","TSA","Innovator","Root","Rsol","AR011"
2026-04-10,"Rhizoctonia",3,NA,NA,"top-right",1,12,1,0,1,"Actinobacteriota","Actinobacteria","Streptomycetales","Streptomycetaceae","Streptomyces","TSA","Innovator","Root","Rsol","AR012"
2026-04-10,"Rhizoctonia",3,NA,NA,"bottom-right",1,13,1,2,1,"Actinobacteriota","Actinobacteria","Streptomycetales","Streptomycetaceae","Streptomyces","TSA","Innovator","Root","Rsol","AR013"
2026-04-10,"Rhizoctonia",3,NA,NA,"bottom",1,14,1,1,1,"Actinobacteriota","Actinobacteria","Streptomycetales","Streptomycetaceae","Streptomyces","TSA","Innovator","Root","Rsol","AR014"
2026-04-10,"Rhizoctonia",3,NA,NA,"bottom-left",1,15,1,0,1,"Actinobacteriota","Actinobacteria","Streptomycetales","Streptomycetaceae","Streptomyces","TSA","Innovator","Root","Rsol","AR018"
2026-04-10,"Rhizoctonia",4,NA,NA,"top",1,16,1,3,1,"Actinobacteriota","Actinobacteria","Streptomycetales","Streptomycetaceae","Streptomyces","TSA","Innovator","Root","Rsol","AR020"
2026-04-10,"Rhizoctonia",4,NA,NA,"top-right",1,17,1,0,1,"Actinobacteriota","Actinobacteria","Streptomycetales","Streptomycetaceae","Streptomyces","TSA","Innovator","Root","Rsol","AR027"
2026-04-10,"Rhizoctonia",4,NA,NA,"bottom-right",1,18,1,0,1,"Actinobacteriota","Actinobacteria","Streptomycetales","Streptomycetaceae","Streptomyces","TSA","Innovator","Root","Rsol","AR029"
2026-04-10,"Rhizoctonia",4,NA,NA,"bottom",1,19,1,0,1,"Actinobacteriota","Actinobacteria","Streptomycetales","Streptomycetaceae","Streptomyces","TSA","Innovator","Root","Rsol","AR030"
2026-04-10,"Rhizoctonia",5,NA,NA,"top",1,21,1,0,1,"Actinobacteriota","Actinobacteria","Streptomycetales","Streptomycetaceae","Streptomyces","TSA","Innovator","Root","Rsol","AR033"
2026-04-10,"Rhizoctonia",5,NA,NA,"top-right",1,22,1,0,1,"Actinobacteriota","Actinobacteria","Streptomycetales","Streptomycetaceae","Streptomyces","TSA","Innovator","Root","Rsol","AR034"
2026-04-10,"Rhizoctonia",5,NA,NA,"bottom-right",1,23,1,0,1,"Actinobacteriota","Actinobacteria","Streptomycetales","Streptomycetaceae","Streptomyces","TSA","Innovator","Root","Rsol","AR036"
2026-04-10,"Rhizoctonia",5,NA,NA,"bottom",1,24,1,2,1,"Actinobacteriota","Actinobacteria","Streptomycetales","Streptomycetaceae","Streptomyces","TSA","Innovator","Root","Rsol","AR038b"
2026-04-10,"Rhizoctonia",6,NA,NA,"top",1,26,1,0,1,"Actinobacteriota","Actinobacteria","Streptomycetales","Streptomycetaceae","Streptomyces","TSA","Innovator","Root","Rsol","AR044"
2026-04-10,"Rhizoctonia",6,NA,NA,"top-right",1,27,1,0,1,"Actinobacteriota","Actinobacteria","Streptomycetales","Streptomycetaceae","Streptomyces","TSA","Innovator","Root","Rsol","AR050"
2026-04-10,"Rhizoctonia",6,NA,NA,"bottom-right",1,28,1,2,1,"Actinobacteriota","Actinobacteria","Streptomycetales","Streptomycetaceae","Streptomyces","ARE","Innovator","Root","Rsol","AR062"
2026-04-10,"Rhizoctonia",6,NA,NA,"bottom",1,29,1,1,1,"Actinobacteriota","Actinobacteria","Streptomycetales","Streptomycetaceae","Streptomyces","ARE","Innovator","Root","Rsol","AR065"
2026-04-10,"Rhizoctonia",6,NA,NA,"bottom-left",1,30,1,0,1,"Actinobacteriota","Actinobacteria","Streptomycetales","Streptomycetaceae","Streptomyces","ARE","Innovator","Root","Rsol","AR069"
2026-04-10,"Rhizoctonia",7,NA,NA,"top",1,31,1,2,1,"Actinobacteriota","Actinobacteria","Streptomycetales","Streptomycetaceae","Streptomyces","ARE","Innovator","Root","Rsol","AR072"
2026-04-10,"Rhizoctonia",7,NA,NA,"top-right",1,32,1,1,1,"Actinobacteriota","Actinobacteria","Streptomycetales","Streptomycetaceae","Streptomyces","ARE","Innovator","Root","Rsol","AR082"
2026-04-10,"Rhizoctonia",7,NA,NA,"bottom-right",1,33,1,2,0,"Actinobacteriota","Actinobacteria","Streptomycetales","Streptomycetaceae","Streptomyces","ARE","Innovator","Root","Rsol","AR083b"
2026-04-10,"Rhizoctonia",7,NA,NA,"bottom",1,34,1,0,1,"Actinobacteriota","Actinobacteria","Streptomycetales","Streptomycetaceae","Streptomyces","ARE","Innovator","Root","Rsol","AR085"
2026-04-10,"Rhizoctonia",7,NA,NA,"bottom-left",1,35,1,0,1,"Actinobacteriota","Actinobacteria","Streptomycetales","Streptomycetaceae","Streptomyces","ActIA","Innovator","Root","Rsol","AR091"
2026-04-10,"Rhizoctonia",8,NA,NA,"top",1,36,1,3,1,"Actinobacteriota","Actinobacteria","Streptomycetales","Streptomycetaceae","Streptomyces","ActIA","Innovator","Root","Rsol","AR092b"
2026-04-10,"Rhizoctonia",8,NA,NA,"top-right",1,37,1,2,1,"Actinobacteriota","Actinobacteria","Streptomycetales","Streptomycetaceae","Streptomyces","ActIA","Innovator","Root","Rsol","AR094"
2026-04-10,"Rhizoctonia",8,NA,NA,"bottom-right",1,38,1,1,1,"Actinobacteriota","Actinobacteria","Streptomycetales","Streptomycetaceae","Streptomyces","ActIA","Innovator","Root","Rsol","AR108"
2026-04-10,"Rhizoctonia",8,NA,NA,"bottom",1,39,1,1,1,"Actinobacteriota","Actinobacteria","Streptomycetales","Streptomycetaceae","Streptomyces","ActIA","Innovator","Root","Rsol","AR109"
2026-04-10,"Rhizoctonia",9,NA,NA,"top",1,41,1,2,1,"Actinobacteriota","Actinobacteria","Streptomycetales","Streptomycetaceae","Streptomyces","ActIA","Innovator","Root","Rsol","AR113"
2026-04-10,"Rhizoctonia",9,NA,NA,"top-right",1,42,1,2,1,"Actinobacteriota","Actinobacteria","Streptomycetales","Streptomycetaceae","Streptomyces","ActIA","Innovator","Root","Rsol","AR115"
2026-04-10,"Rhizoctonia",9,NA,NA,"bottom-right",1,43,1,2,1,"Actinobacteriota","Actinobacteria","Streptomycetales","Streptomycetaceae","Streptomyces","ActIA","Innovator","Root","Rsol","AR124"
2026-04-10,"Rhizoctonia",9,NA,NA,"bottom",1,44,1,0,1,"Actinobacteriota","Actinobacteria","Streptomycetales","Streptomycetaceae","Streptomyces","ActIA","Innovator","Root","Rsol","AR170"
2026-04-10,"Rhizoctonia",9,NA,NA,"bottom-left",1,45,1,0,1,"Actinobacteriota","Actinobacteria","Streptomycetales","Streptomycetaceae","Streptomyces","TSA","Innovator","Rhizosphere soil","Rsol","AS002"
2026-04-10,"Rhizoctonia",10,NA,NA,"top",1,46,1,0,1,"Actinobacteriota","Actinobacteria","Streptomycetales","Streptomycetaceae","Streptomyces","TSA","Innovator","Rhizosphere soil","Rsol","AS004"
2026-04-10,"Rhizoctonia",10,NA,NA,"top-right",1,47,1,0,1,"Actinobacteriota","Actinobacteria","Streptomycetales","Streptomycetaceae","Streptomyces","TSA","Innovator","Rhizosphere soil","Rsol","AS007"
2026-04-10,"Rhizoctonia",10,NA,NA,"bottom-right",1,48,1,2,1,"Actinobacteriota","Actinobacteria","Streptomycetales","Streptomycetaceae","Streptomyces","TSA","Innovator","Rhizosphere soil","Rsol","AS008"
2026-04-10,"Rhizoctonia",10,NA,NA,"bottom",1,49,1,0,1,"Actinobacteriota","Actinobacteria","Streptomycetales","Streptomycetaceae","Streptomyces","TSA","Innovator","Rhizosphere soil","Rsol","AS014"
2026-04-10,"Rhizoctonia",10,NA,NA,"bottom-left",1,50,1,2,1,"Actinobacteriota","Actinobacteria","Streptomycetales","Streptomycetaceae","Streptomyces","TSA","Innovator","Rhizosphere soil","Rsol","AS020"
2026-04-10,"Rhizoctonia",11,NA,NA,"top",1,51,1,0,1,"Actinobacteriota","Actinobacteria","Streptomycetales","Streptomycetaceae","Streptomyces","TSA","Innovator","Rhizosphere soil","Rsol","AS032"
2026-04-10,"Rhizoctonia",11,NA,NA,"top-right",1,52,1,0,1,"Actinobacteriota","Actinobacteria","Streptomycetales","Streptomycetaceae","Streptomyces","TSA","Innovator","Rhizosphere soil","Rsol","AS037"
2026-04-10,"Rhizoctonia",11,NA,NA,"bottom",1,54,1,0,1,"Actinobacteriota","Actinobacteria","Streptomycetales","Streptomycetaceae","Streptomyces","TSA","Innovator","Rhizosphere soil","Rsol","AS041"
2026-04-10,"Rhizoctonia",11,NA,NA,"bottom-left",1,55,1,0,1,"Actinobacteriota","Actinobacteria","Streptomycetales","Streptomycetaceae","Streptomyces","ARE","Innovator","Rhizosphere soil","Rsol","AS046"
2026-04-10,"Rhizoctonia",12,NA,NA,"top",1,56,1,2,1,"Actinobacteriota","Actinobacteria","Streptomycetales","Streptomycetaceae","Streptomyces","ARE","Innovator","Rhizosphere soil","Rsol","AS053"
2026-04-10,"Rhizoctonia",12,NA,NA,"top-right",1,57,1,2,1,"Actinobacteriota","Actinobacteria","Streptomycetales","Streptomycetaceae","Streptomyces","ARE","Innovator","Rhizosphere soil","Rsol","AS065"
2026-04-10,"Rhizoctonia",12,NA,NA,"bottom-right",1,58,1,2,1,"Actinobacteriota","Actinobacteria","Streptomycetales","Streptomycetaceae","Streptomyces","ARE","Innovator","Rhizosphere soil","Rsol","AS073"
2026-04-10,"Rhizoctonia",13,NA,NA,"top",1,61,1,2,1,"Actinobacteriota","Actinobacteria","Streptomycetales","Streptomycetaceae","Streptomyces","ARE","Innovator","Rhizosphere soil","Rsol","AS078"
2026-04-10,"Rhizoctonia",13,NA,NA,"top-right",1,62,1,0,1,"Actinobacteriota","Actinobacteria","Streptomycetales","Streptomycetaceae","Streptomyces","ARE","Innovator","Rhizosphere soil","Rsol","AS079"
2026-04-10,"Rhizoctonia",13,NA,NA,"bottom-right",1,63,1,0,1,"Actinobacteriota","Actinobacteria","Streptomycetales","Streptomycetaceae","Streptomyces","ActIA","Innovator","Rhizosphere soil","Rsol","AS097"
2026-04-10,"Rhizoctonia",13,NA,NA,"bottom",1,64,1,2,1,"Actinobacteriota","Actinobacteria","Streptomycetales","Streptomycetaceae","Streptomyces","ActIA","Innovator","Rhizosphere soil","Rsol","AS098"
2026-04-10,"Rhizoctonia",13,NA,NA,"bottom-left",1,65,1,0,1,"Actinobacteriota","Actinobacteria","Streptomycetales","Streptomycetaceae","Streptomyces","ActIA","Innovator","Rhizosphere soil","Rsol","AS099"
2026-04-10,"Rhizoctonia",14,NA,NA,"top",1,66,1,0,1,"Actinobacteriota","Actinobacteria","Streptomycetales","Streptomycetaceae","Streptomyces","ActIA","Innovator","Rhizosphere soil","Rsol","AS100"
2026-04-10,"Rhizoctonia",14,NA,NA,"top-right",1,67,1,2,1,"Actinobacteriota","Actinobacteria","Streptomycetales","Streptomycetaceae","Streptomyces","ActIA","Innovator","Rhizosphere soil","Rsol","AS104"
2026-04-10,"Rhizoctonia",14,NA,NA,"bottom-right",1,68,1,0,1,"Actinobacteriota","Actinobacteria","Streptomycetales","Streptomycetaceae","Streptomyces","ActIA","Innovator","Rhizosphere soil","Rsol","AS105"
2026-04-10,"Rhizoctonia",14,NA,NA,"bottom",1,69,1,0,1,"Actinobacteriota","Actinobacteria","Streptomycetales","Streptomycetaceae","Streptomyces","ActIA","Innovator","Rhizosphere soil","Rsol","AS111"
2026-04-10,"Rhizoctonia",14,NA,NA,"bottom-left",1,70,1,0,1,"Actinobacteriota","Actinobacteria","Streptomycetales","Streptomycetaceae","Streptomyces","ActIA","Innovator","Rhizosphere soil","Rsol","AS113"
2026-04-10,"Rhizoctonia",15,NA,NA,"top",1,71,1,0,1,"Actinobacteriota","Actinobacteria","Streptomycetales","Streptomycetaceae","Streptomyces","ActIA","Innovator","Rhizosphere soil","Rsol","AS114"
2026-04-10,"Rhizoctonia",15,NA,NA,"top-right",1,72,1,0,1,"Actinobacteriota","Actinobacteria","Streptomycetales","Streptomycetaceae","Streptomyces","ActIA","Innovator","Rhizosphere soil","Rsol","AS115"
2026-04-10,"Rhizoctonia",15,NA,NA,"bottom-right",1,73,1,0,1,"Actinobacteriota","Actinobacteria","Streptomycetales","Streptomycetaceae","Streptomyces","ActIA","Innovator","Rhizosphere soil","Rsol","AS116"
2026-04-10,"Rhizoctonia",15,NA,NA,"bottom",1,74,1,0,1,"Actinobacteriota","Actinobacteria","Streptomycetales","Streptomycetaceae","Streptomyces","ActIA","Innovator","Rhizosphere soil","Rsol","AS118"
2026-04-10,"Rhizoctonia",15,NA,NA,"bottom-left",1,75,1,0,1,"Actinobacteriota","Actinobacteria","Streptomycetales","Streptomycetaceae","Streptomyces","ActIA","Innovator","Rhizosphere soil","Rsol","AS120"
2026-04-10,"Rhizoctonia",16,NA,NA,"top",1,76,1,0,1,"Actinobacteriota","Actinobacteria","Streptomycetales","Streptomycetaceae","Streptomyces","ActIA","Innovator","Rhizosphere soil","Rsol","AS121a"
2026-04-10,"Rhizoctonia",16,NA,NA,"top-right",1,77,1,2,1,"Actinobacteriota","Actinobacteria","Streptomycetales","Streptomycetaceae","Streptomyces","ActIA","Innovator","Rhizosphere soil","Rsol","AS121c"
2026-04-10,"Rhizoctonia",16,NA,NA,"bottom-right",1,78,1,2,1,"Actinobacteriota","Actinobacteria","Streptomycetales","Streptomycetaceae","Streptomyces","ActIA","Innovator","Rhizosphere soil","Rsol","AS131"
2026-04-10,"Rhizoctonia",16,NA,NA,"bottom",1,79,1,0,1,"Actinobacteriota","Actinobacteria","Streptomycetales","Streptomycetaceae","Streptomyces","ActIA","Innovator","Rhizosphere soil","Rsol","AS136"
2026-04-10,"Rhizoctonia",16,NA,NA,"bottom-left",1,80,1,0,1,"Actinobacteriota","Actinobacteria","Streptomycetales","Streptomycetaceae","Streptomyces","ActIA","Innovator","Rhizosphere soil","Rsol","AS139a"
2026-04-10,"Rhizoctonia",17,NA,NA,"top",1,81,1,0,1,"Actinobacteriota","Actinobacteria","Streptomycetales","Streptomycetaceae","Streptomyces","ActIA","Innovator","Rhizosphere soil","Rsol","AS140a"
2026-04-10,"Rhizoctonia",17,NA,NA,"top-right",1,82,1,0,1,"Actinobacteriota","Actinobacteria","Streptomycetales","Streptomycetaceae","Streptomyces","ActIA","Innovator","Rhizosphere soil","Rsol","AS140b"
2026-04-10,"Rhizoctonia",17,NA,NA,"bottom-right",1,83,1,0,1,"Actinobacteriota","Actinobacteria","Streptomycetales","Streptomycetaceae","Streptomyces","ActIA","Innovator","Rhizosphere soil","Rsol","AS141"
2026-04-10,"Rhizoctonia",17,NA,NA,"bottom",1,84,1,0,1,"Actinobacteriota","Actinobacteria","Streptomycetales","Streptomycetaceae","Streptomyces","ActIA","Innovator","Rhizosphere soil","Rsol","AS142"
2026-04-10,"Rhizoctonia",17,NA,NA,"bottom-left",1,85,1,0,1,"Actinobacteriota","Actinobacteria","Streptomycetales","Streptomycetaceae","Streptomyces","ActIA","Innovator","Rhizosphere soil","Rsol","AS143"
2026-04-10,"Rhizoctonia",18,NA,NA,"top-right",1,87,1,0,1,"Actinobacteriota","Actinobacteria","Streptomycetales","Streptomycetaceae","Streptomyces","ActIA","Innovator","Rhizosphere soil","Rsol","AS145"
2026-04-10,"Rhizoctonia",18,NA,NA,"bottom-left",1,90,1,0,1,"Actinobacteriota","Actinobacteria","Streptomycetales","Streptomycetaceae","Streptomyces","ActIA","Bintje","Leaf","Rsol","BL040a"
2026-04-10,"Rhizoctonia",19,NA,NA,"top",1,91,1,0,1,"Actinobacteriota","Actinobacteria","Streptomycetales","Streptomycetaceae","Streptomyces","ActIA","Bintje","Leaf","Rsol","BL040b"
2026-04-10,"Rhizoctonia",19,NA,NA,"bottom-left",1,95,1,0,1,"Actinobacteriota","Actinobacteria","Streptomycetales","Streptomycetaceae","Streptomyces","ARE","Bintje","Leaf","Rsol","BL087"
2026-04-10,"Rhizoctonia",20,NA,NA,"top",1,96,1,4,1,"Actinobacteriota","Actinobacteria","Streptomycetales","Streptomycetaceae","Streptomyces","ARE","Bintje","Leaf","Rsol","BL091"
2026-04-10,"Rhizoctonia",20,NA,NA,"top-right",1,97,1,9,1,"Actinobacteriota","Actinobacteria","Streptomycetales","Streptomycetaceae","Streptomyces","ActIA","Bintje","Root","Rsol","BR044"
2026-04-10,"Rhizoctonia",20,NA,NA,"bottom-right",1,98,1,1,1,"Actinobacteriota","Actinobacteria","Streptomycetales","Streptomycetaceae","Streptomyces","ActIA","Bintje","Root","Rsol","BR045"
2026-04-10,"Rhizoctonia",20,NA,NA,"bottom",1,99,1,0,1,"Actinobacteriota","Actinobacteria","Streptomycetales","Streptomycetaceae","Streptomyces","ActIA","Bintje","Root","Rsol","BR048"
2026-04-10,"Rhizoctonia",20,NA,NA,"bottom-left",1,100,1,0,1,"Actinobacteriota","Actinobacteria","Streptomycetales","Streptomycetaceae","Streptomyces","ActIA","Bintje","Root","Rsol","BR051"
2026-04-10,"Rhizoctonia",21,NA,NA,"top",1,101,1,0,1,"Actinobacteriota","Actinobacteria","Streptomycetales","Streptomycetaceae","Streptomyces","ActIA","Bintje","Root","Rsol","BR057"
2026-04-10,"Rhizoctonia",21,NA,NA,"top-right",1,102,1,0,1,"Actinobacteriota","Actinobacteria","Streptomycetales","Streptomycetaceae","Streptomyces","ActIA","Bintje","Root","Rsol","BR060"
2026-04-10,"Rhizoctonia",21,NA,NA,"bottom-right",1,103,1,1,1,"Actinobacteriota","Actinobacteria","Streptomycetales","Streptomycetaceae","Streptomyces","ActIA","Bintje","Root","Rsol","BR061"
2026-04-10,"Rhizoctonia",21,NA,NA,"bottom",1,104,1,2,1,"Actinobacteriota","Actinobacteria","Streptomycetales","Streptomycetaceae","Streptomyces","ActIA","Bintje","Root","Rsol","BR065"
2026-04-10,"Rhizoctonia",21,NA,NA,"bottom-left",1,105,1,1,1,"Actinobacteriota","Actinobacteria","Streptomycetales","Streptomycetaceae","Streptomyces","ActIA","Bintje","Root","Rsol","BR068"
2026-04-10,"Rhizoctonia",22,NA,NA,"top",1,106,1,0,1,"Actinobacteriota","Actinobacteria","Streptomycetales","Streptomycetaceae","Streptomyces","ActIA","Bintje","Root","Rsol","BR070"
2026-04-10,"Rhizoctonia",22,NA,NA,"top-right",1,107,1,0,1,"Actinobacteriota","Actinobacteria","Streptomycetales","Streptomycetaceae","Streptomyces","ActIA","Bintje","Root","Rsol","BR074"
2026-04-10,"Rhizoctonia",22,NA,NA,"bottom-right",1,108,1,1,1,"Actinobacteriota","Actinobacteria","Streptomycetales","Streptomycetaceae","Streptomyces","ActIA","Bintje","Root","Rsol","BR079"
2026-04-10,"Rhizoctonia",23,NA,NA,"top-right",1,112,1,0,1,"Actinobacteriota","Actinobacteria","Streptomycetales","Streptomycetaceae","Streptomyces","TSA","Bintje","Root","Rsol","BR092a"
2026-04-10,"Rhizoctonia",23,NA,NA,"bottom-left",1,115,1,0,1,"Actinobacteriota","Actinobacteria","Streptomycetales","Streptomycetaceae","Streptomyces","TSA","Bintje","Root","Rsol","BR097"
2026-04-10,"Rhizoctonia",24,NA,NA,"top",1,116,1,1,1,"Actinobacteriota","Actinobacteria","Streptomycetales","Streptomycetaceae","Streptomyces","TSA","Bintje","Root","Rsol","BR104"
2026-04-10,"Rhizoctonia",24,NA,NA,"top-right",1,117,1,0,1,"Actinobacteriota","Actinobacteria","Streptomycetales","Streptomycetaceae","Streptomyces","TSA","Bintje","Root","Rsol","BR111"
2026-04-10,"Rhizoctonia",24,NA,NA,"bottom-right",1,118,1,1,1,"Actinobacteriota","Actinobacteria","Streptomycetales","Streptomycetaceae","Streptomyces","TSA","Bintje","Root","Rsol","BR113"
2026-04-10,"Rhizoctonia",24,NA,NA,"bottom",1,119,1,0,1,"Actinobacteriota","Actinobacteria","Streptomycetales","Streptomycetaceae","Streptomyces","TSA","Bintje","Root","Rsol","BR114"
2026-04-10,"Rhizoctonia",24,NA,NA,"bottom-left",1,120,1,0,1,"Actinobacteriota","Actinobacteria","Streptomycetales","Streptomycetaceae","Streptomyces","TSA","Bintje","Root","Rsol","BR117"
2026-04-10,"Rhizoctonia",25,NA,NA,"top",1,121,1,1,1,"Actinobacteriota","Actinobacteria","Streptomycetales","Streptomycetaceae","Streptomyces","TSA","Bintje","Root","Rsol","BR131"
2026-04-10,"Rhizoctonia",25,NA,NA,"top-right",1,122,1,0,1,"Actinobacteriota","Actinobacteria","Streptomycetales","Streptomycetaceae","Streptomyces","TSA","Bintje","Root","Rsol","BR132"
2026-04-10,"Rhizoctonia",25,NA,NA,"bottom-right",1,123,1,0,1,"Actinobacteriota","Actinobacteria","Streptomycetales","Streptomycetaceae","Streptomyces","ARE","Bintje","Root","Rsol","BR142"
2026-04-10,"Rhizoctonia",25,NA,NA,"bottom",1,124,1,2,1,"Actinobacteriota","Actinobacteria","Streptomycetales","Streptomycetaceae","Streptomyces","ARE","Bintje","Root","Rsol","BR143"
2026-04-10,"Rhizoctonia",25,NA,NA,"bottom-left",1,125,1,0,1,"Actinobacteriota","Actinobacteria","Streptomycetales","Streptomycetaceae","Streptomyces","ARE","Bintje","Root","Rsol","BR163"
2026-04-10,"Rhizoctonia",26,NA,NA,"top",1,126,1,2,1,"Actinobacteriota","Actinobacteria","Streptomycetales","Streptomycetaceae","Streptomyces","ARE","Bintje","Root","Rsol","BR159"
2026-04-10,"Rhizoctonia",26,NA,NA,"top-right",1,127,1,0,1,"Actinobacteriota","Actinobacteria","Streptomycetales","Streptomycetaceae","Streptomyces","ARE","Bintje","Root","Rsol","BR164"
2026-04-10,"Rhizoctonia",26,NA,NA,"bottom-right",1,128,1,3,1,"Actinobacteriota","Actinobacteria","Streptomycetales","Streptomycetaceae","Streptomyces","ARE","Bintje","Root","Rsol","BR165"
2026-04-10,"Rhizoctonia",26,NA,NA,"bottom",1,129,1,0,1,"Actinobacteriota","Actinobacteria","Streptomycetales","Streptomycetaceae","Streptomyces","ActIA","Bintje","Rhizosphere soil","Rsol","BS078"
2026-04-10,"Rhizoctonia",26,NA,NA,"bottom-left",1,130,1,1,1,"Actinobacteriota","Actinobacteria","Streptomycetales","Streptomycetaceae","Streptomyces","ActIA","Bintje","Rhizosphere soil","Rsol","BS082"
2026-04-10,"Rhizoctonia",27,NA,NA,"top",1,131,1,0,1,"Actinobacteriota","Actinobacteria","Streptomycetales","Streptomycetaceae","Streptomyces","ActIA","Bintje","Rhizosphere soil","Rsol","BS084"
2026-04-10,"Rhizoctonia",27,NA,NA,"top-right",1,132,1,2,1,"Actinobacteriota","Actinobacteria","Streptomycetales","Streptomycetaceae","Streptomyces","ActIA","Bintje","Rhizosphere soil","Rsol","BS085"
2026-04-10,"Rhizoctonia",27,NA,NA,"bottom-right",1,133,1,2,1,"Actinobacteriota","Actinobacteria","Streptomycetales","Streptomycetaceae","Streptomyces","ActIA","Bintje","Rhizosphere soil","Rsol","BS086"
2026-04-10,"Rhizoctonia",27,NA,NA,"bottom",1,134,1,1,1,"Actinobacteriota","Actinobacteria","Streptomycetales","Streptomycetaceae","Streptomyces","ActIA","Bintje","Rhizosphere soil","Rsol","BS089"
2026-04-10,"Rhizoctonia",27,NA,NA,"bottom-left",1,135,1,1,1,"Actinobacteriota","Actinobacteria","Streptomycetales","Streptomycetaceae","Streptomyces","ActIA","Bintje","Rhizosphere soil","Rsol","BS090"
2026-04-10,"Rhizoctonia",28,NA,NA,"top-right",1,137,1,1,1,"Actinobacteriota","Actinobacteria","Streptomycetales","Streptomycetaceae","Streptomyces","ActIA","Bintje","Rhizosphere soil","Rsol","BS093b"
2026-04-10,"Rhizoctonia",28,NA,NA,"bottom-right",1,138,1,1,1,"Actinobacteriota","Actinobacteria","Streptomycetales","Streptomycetaceae","Streptomyces","ActIA","Bintje","Rhizosphere soil","Rsol","BS093c"
2026-04-10,"Rhizoctonia",28,NA,NA,"bottom",1,139,1,0,1,"Actinobacteriota","Actinobacteria","Streptomycetales","Streptomycetaceae","Streptomyces","ActIA","Bintje","Rhizosphere soil","Rsol","BS096"
2026-04-10,"Rhizoctonia",28,NA,NA,"bottom-left",1,140,1,0,1,"Actinobacteriota","Actinobacteria","Streptomycetales","Streptomycetaceae","Streptomyces","ActIA","Bintje","Rhizosphere soil","Rsol","BS097a"
2026-04-10,"Rhizoctonia",29,NA,NA,"top",1,141,1,2,1,"Actinobacteriota","Actinobacteria","Streptomycetales","Streptomycetaceae","Streptomyces","ActIA","Bintje","Rhizosphere soil","Rsol","BS112"
2026-04-10,"Rhizoctonia",29,NA,NA,"top-right",1,142,1,0,1,"Actinobacteriota","Actinobacteria","Streptomycetales","Streptomycetaceae","Streptomyces","ActIA","Bintje","Rhizosphere soil","Rsol","BS115"
2026-04-10,"Rhizoctonia",29,NA,NA,"bottom",1,144,1,3,1,"Actinobacteriota","Actinobacteria","Streptomycetales","Streptomycetaceae","Streptomyces","ActIA","Bintje","Rhizosphere soil","Rsol","BS128"
2026-04-10,"Rhizoctonia",29,NA,NA,"bottom-left",1,145,1,0,1,"Actinobacteriota","Actinobacteria","Streptomycetales","Streptomycetaceae","Streptomyces","ActIA","Bintje","Rhizosphere soil","Rsol","BS129b"
2026-04-10,"Rhizoctonia",30,NA,NA,"top",1,146,1,0,1,"Actinobacteriota","Actinobacteria","Streptomycetales","Streptomycetaceae","Streptomyces","ActIA","Bintje","Rhizosphere soil","Rsol","BS136"
2026-04-10,"Rhizoctonia",30,NA,NA,"bottom-right",1,148,1,0,1,"Actinobacteriota","Actinobacteria","Streptomycetales","Streptomycetaceae","Streptomyces","ActIA","Bintje","Rhizosphere soil","Rsol","BS137a"
2026-04-10,"Rhizoctonia",30,NA,NA,"bottom",1,149,1,0,1,"Actinobacteriota","Actinobacteria","Streptomycetales","Streptomycetaceae","Streptomyces","ActIA","Bintje","Rhizosphere soil","Rsol","BS137b"
2026-04-10,"Rhizoctonia",30,NA,NA,"bottom-left",1,150,1,1,1,"Actinobacteriota","Actinobacteria","Streptomycetales","Streptomycetaceae","Streptomyces","TSA","Bintje","Rhizosphere soil","Rsol","BS140b"
2026-04-10,"Rhizoctonia",31,NA,NA,"top",1,151,1,0,1,"Actinobacteriota","Actinobacteria","Streptomycetales","Streptomycetaceae","Streptomyces","TSA","Bintje","Rhizosphere soil","Rsol","BS145"
2026-04-10,"Rhizoctonia",31,NA,NA,"top-right",1,152,1,0,1,"Actinobacteriota","Actinobacteria","Streptomycetales","Streptomycetaceae","Streptomyces","TSA","Bintje","Rhizosphere soil","Rsol","BS148"
2026-04-10,"Rhizoctonia",31,NA,NA,"bottom-right",1,153,1,1,1,"Actinobacteriota","Actinobacteria","Streptomycetales","Streptomycetaceae","Streptomyces","TSA","Bintje","Rhizosphere soil","Rsol","BS149"
2026-04-10,"Rhizoctonia",31,NA,NA,"bottom-left",1,155,1,0,1,"Actinobacteriota","Actinobacteria","Streptomycetales","Streptomycetaceae","Streptomyces","TSA","Bintje","Rhizosphere soil","Rsol","BS152"
2026-04-10,"Rhizoctonia",32,NA,NA,"top",1,156,1,2,1,"Actinobacteriota","Actinobacteria","Streptomycetales","Streptomycetaceae","Streptomyces","TSA","Bintje","Rhizosphere soil","Rsol","BS155"
2026-04-10,"Rhizoctonia",32,NA,NA,"top-right",1,157,1,0,1,"Actinobacteriota","Actinobacteria","Streptomycetales","Streptomycetaceae","Streptomyces","TSA","Bintje","Rhizosphere soil","Rsol","BS159"
2026-04-10,"Rhizoctonia",32,NA,NA,"bottom-right",1,158,1,0,1,"Actinobacteriota","Actinobacteria","Streptomycetales","Streptomycetaceae","Streptomyces","TSA","Bintje","Rhizosphere soil","Rsol","BS160"
2026-04-10,"Rhizoctonia",32,NA,NA,"bottom",1,159,1,2,1,"Actinobacteriota","Actinobacteria","Streptomycetales","Streptomycetaceae","Streptomyces","TSA","Bintje","Rhizosphere soil","Rsol","BS166"
2026-04-10,"Rhizoctonia",32,NA,NA,"bottom-left",1,160,1,1,1,"Actinobacteriota","Actinobacteria","Streptomycetales","Streptomycetaceae","Streptomyces","TSA","Bintje","Rhizosphere soil","Rsol","BS167"
2026-04-10,"Rhizoctonia",33,NA,NA,"top",1,161,1,1,1,"Actinobacteriota","Actinobacteria","Streptomycetales","Streptomycetaceae","Streptomyces","TSA","Bintje","Rhizosphere soil","Rsol","BS185"
2026-04-10,"Rhizoctonia",33,NA,NA,"top-right",1,162,1,2,1,"Actinobacteriota","Actinobacteria","Streptomycetales","Streptomycetaceae","Streptomyces","TSA","Bintje","Rhizosphere soil","Rsol","BS188"
2026-04-10,"Rhizoctonia",33,NA,NA,"bottom-right",1,163,1,1,1,"Actinobacteriota","Actinobacteria","Streptomycetales","Streptomycetaceae","Streptomyces","TSA","Bintje","Rhizosphere soil","Rsol","BS195b"
2026-04-10,"Rhizoctonia",33,NA,NA,"bottom",1,164,1,2,1,"Actinobacteriota","Actinobacteria","Streptomycetales","Streptomycetaceae","Streptomyces","TSA","Bintje","Rhizosphere soil","Rsol","BS197b"
2026-04-10,"Rhizoctonia",33,NA,NA,"bottom-left",1,165,1,0,1,"Actinobacteriota","Actinobacteria","Streptomycetales","Streptomycetaceae","Streptomyces","TSA","Bintje","Rhizosphere soil","Rsol","BS202"
2026-04-10,"Rhizoctonia",34,NA,NA,"top",1,166,1,0,1,"Actinobacteriota","Actinobacteria","Streptomycetales","Streptomycetaceae","Streptomyces","TSA","Bintje","Rhizosphere soil","Rsol","BS204"
2026-04-10,"Rhizoctonia",34,NA,NA,"top-right",1,167,1,0,1,"Actinobacteriota","Actinobacteria","Streptomycetales","Streptomycetaceae","Streptomyces","TSA","Bintje","Rhizosphere soil","Rsol","BS204a"
2026-04-10,"Rhizoctonia",34,NA,NA,"bottom-right",1,168,1,1,1,"Actinobacteriota","Actinobacteria","Streptomycetales","Streptomycetaceae","Streptomyces","TSA","Bintje","Rhizosphere soil","Rsol","BS205"
2026-04-10,"Rhizoctonia",34,NA,NA,"bottom",1,169,1,2,1,"Actinobacteriota","Actinobacteria","Streptomycetales","Streptomycetaceae","Streptomyces","TSA","Bintje","Rhizosphere soil","Rsol","BS207"
2026-04-10,"Rhizoctonia",34,NA,NA,"bottom-left",1,170,1,0,1,"Actinobacteriota","Actinobacteria","Streptomycetales","Streptomycetaceae","Streptomyces","ARE","Bintje","Rhizosphere soil","Rsol","BS211"
2026-04-10,"Rhizoctonia",35,NA,NA,"top",1,171,1,3,1,"Actinobacteriota","Actinobacteria","Streptomycetales","Streptomycetaceae","Streptomyces","ARE","Bintje","Rhizosphere soil","Rsol","BS212"
2026-04-10,"Rhizoctonia",35,NA,NA,"top-right",1,172,1,0,0,"Actinobacteriota","Actinobacteria","Streptomycetales","Streptomycetaceae","Streptomyces","ARE","Bintje","Rhizosphere soil","Rsol","BS213"
2026-04-10,"Rhizoctonia",35,NA,NA,"bottom-right",1,173,1,0,1,"Actinobacteriota","Actinobacteria","Streptomycetales","Streptomycetaceae","Streptomyces","ARE","Bintje","Rhizosphere soil","Rsol","BS214"
2026-04-10,"Rhizoctonia",35,NA,NA,"bottom",1,174,1,0,1,"Actinobacteriota","Actinobacteria","Streptomycetales","Streptomycetaceae","Streptomyces","ARE","Bintje","Rhizosphere soil","Rsol","BS215a"
2026-04-10,"Rhizoctonia",36,NA,NA,"top",1,176,1,0,1,"Actinobacteriota","Actinobacteria","Streptomycetales","Streptomycetaceae","Streptomyces","ARE","Bintje","Rhizosphere soil","Rsol","BS217"
2026-04-10,"Rhizoctonia",36,NA,NA,"top-right",1,177,1,0,1,"Actinobacteriota","Actinobacteria","Streptomycetales","Streptomycetaceae","Streptomyces","ARE","Bintje","Rhizosphere soil","Rsol","BS218"
2026-04-10,"Rhizoctonia",36,NA,NA,"bottom",1,179,1,1,0,"Actinobacteriota","Actinobacteria","Streptomycetales","Streptomycetaceae","Streptomyces","ARE","Bintje","Rhizosphere soil","Rsol","BS219c"
2026-04-10,"Rhizoctonia",36,NA,NA,"bottom-left",1,180,1,1,1,"Actinobacteriota","Actinobacteria","Streptomycetales","Streptomycetaceae","Streptomyces","ARE","Bintje","Rhizosphere soil","Rsol","BS220"
2026-04-10,"Rhizoctonia",37,NA,NA,"top",1,181,1,3,1,"Actinobacteriota","Actinobacteria","Streptomycetales","Streptomycetaceae","Streptomyces","ARE","Bintje","Rhizosphere soil","Rsol","BS226"
2026-04-10,"Rhizoctonia",37,NA,NA,"top-right",1,182,1,2,1,"Actinobacteriota","Actinobacteria","Streptomycetales","Streptomycetaceae","Streptomyces","ARE","Bintje","Rhizosphere soil","Rsol","BS227"
2026-04-10,"Rhizoctonia",37,NA,NA,"bottom",1,184,1,0,0,"Actinobacteriota","Actinobacteria","Streptomycetales","Streptomycetaceae","Streptomyces","ARE","Bintje","Rhizosphere soil","Rsol","BS234"
2026-04-10,"Rhizoctonia",37,NA,NA,"bottom-left",1,185,1,0,1,"Actinobacteriota","Actinobacteria","Streptomycetales","Streptomycetaceae","Streptomyces","ARE","Bintje","Rhizosphere soil","Rsol","BS238"
2026-04-10,"Rhizoctonia",38,NA,NA,"top",1,186,1,0,1,"Actinobacteriota","Actinobacteria","Streptomycetales","Streptomycetaceae","Streptomyces","ActIA","Innovator","Root","Rsol","AR101"
2026-04-10,"Rhizoctonia",38,NA,NA,"top-right",1,187,1,1,1,"Actinobacteriota","Actinobacteria","Streptomycetales","Streptomycetaceae","Streptomyces","ActIA","Bintje","Rhizosphere soil","Rsol","BS093a"
2026-04-10,"Rhizoctonia",38,NA,NA,"bottom-right",1,188,1,2,0,"Actinobacteriota","Actinobacteria","Streptomycetales","Streptomycetaceae","Streptomyces","ActIA","Innovator","Root","Rsol","AR121"
2026-04-10,"Rhizoctonia",39,NA,NA,"top-right",2,2,1,0,1,"Actinobacteriota","Actinobacteria","Streptomycetales","Streptomycetaceae","Streptomyces","TSA","Innovator","Root","Rsol","AR015"
2026-04-10,"Rhizoctonia",39,NA,NA,"bottom-right",2,3,1,3,1,"Actinobacteriota","Actinobacteria","Streptomycetales","Streptomycetaceae","Streptomyces","TSA","Innovator","Root","Rsol","AR019"
2026-04-10,"Rhizoctonia",39,NA,NA,"bottom",2,4,1,0,1,"Actinobacteriota","Actinobacteria","Streptomycetales","Streptomycetaceae","Streptomyces","TSA","Innovator","Root","Rsol","AR031"
2026-04-10,"Rhizoctonia",39,NA,NA,"bottom-left",2,5,1,0,1,"Actinobacteriota","Actinobacteria","Streptomycetales","Streptomycetaceae","Streptomyces","TSA","Innovator","Root","Rsol","AR040"
2026-04-10,"Rhizoctonia",40,NA,NA,"top-right",2,7,1,0,1,"Actinobacteriota","Actinobacteria","Streptomycetales","Streptomycetaceae","Streptomyces","TSA","Innovator","Root","Rsol","AR045"
2026-04-10,"Rhizoctonia",40,NA,NA,"bottom-right",2,8,1,2,1,"Actinobacteriota","Actinobacteria","Streptomycetales","Streptomycetaceae","Streptomyces","ARE","Innovator","Root","Rsol","AR064"
2026-04-10,"Rhizoctonia",40,NA,NA,"bottom",2,9,1,2,1,"Actinobacteriota","Actinobacteria","Streptomycetales","Streptomycetaceae","Streptomyces","ARE","Innovator","Root","Rsol","AR083c"
2026-04-10,"Rhizoctonia",40,NA,NA,"bottom-left",2,10,1,1,1,"Actinobacteriota","Actinobacteria","Streptomycetales","Streptomycetaceae","Streptomyces","ARE","Innovator","Root","Rsol","AR083d"
2026-04-10,"Rhizoctonia",41,NA,NA,"top",2,11,1,2,1,"Actinobacteriota","Actinobacteria","Streptomycetales","Streptomycetaceae","Streptomyces","ActIA","Innovator","Root","Rsol","AR092"
2026-04-10,"Rhizoctonia",41,NA,NA,"top-right",2,12,1,0,1,"Actinobacteriota","Actinobacteria","Streptomycetales","Streptomycetaceae","Streptomyces","ActIA","Innovator","Root","Rsol","AR127"
2026-04-10,"Rhizoctonia",41,NA,NA,"bottom-right",2,13,1,0,1,"Actinobacteriota","Actinobacteria","Streptomycetales","Streptomycetaceae","Streptomyces","TSA","Innovator","Rhizosphere soil","Rsol","AS005"
2026-04-10,"Rhizoctonia",41,NA,NA,"bottom",2,14,1,0,1,"Actinobacteriota","Actinobacteria","Propionibacteriales","Nocardioidaceae","Nocardioides","TSA","Innovator","Rhizosphere soil","Rsol","AS010"
2026-04-10,"Rhizoctonia",41,NA,NA,"bottom-left",2,15,1,0,1,"Actinobacteriota","Actinobacteria","Streptomycetales","Streptomycetaceae","Streptomyces","ARE","Innovator","Rhizosphere soil","Rsol","AS048"
2026-04-10,"Rhizoctonia",42,NA,NA,"bottom-right",2,18,1,1,0,"Actinobacteriota","Actinobacteria","Propionibacteriales","Nocardioidaceae","Nocardioides","ActIA","Innovator","Rhizosphere soil","Rsol","AS106"
2026-04-10,"Rhizoctonia",42,NA,NA,"bottom",2,19,1,0,1,"Actinobacteriota","Actinobacteria","Corynebacteriales","Nocardiaceae","Nocardia","ActIA","Innovator","Rhizosphere soil","Rsol","AS107"
2026-04-10,"Rhizoctonia",42,NA,NA,"bottom-left",2,20,1,0,1,"Actinobacteriota","Actinobacteria","Propionibacteriales","Nocardioidaceae","Nocardioides","ActIA","Innovator","Rhizosphere soil","Rsol","AS108"
2026-04-10,"Rhizoctonia",43,NA,NA,"top",2,21,1,0,1,"Actinobacteriota","Actinobacteria","Streptomycetales","Streptomycetaceae","Streptomyces","ActIA","Innovator","Rhizosphere soil","Rsol","AS112"
2026-04-10,"Rhizoctonia",43,NA,NA,"top-right",2,22,1,0,1,"Actinobacteriota","Actinobacteria","Propionibacteriales","Nocardioidaceae","Nocardioides","ActIA","Innovator","Rhizosphere soil","Rsol","AS121b"
2026-04-10,"Rhizoctonia",43,NA,NA,"bottom-right",2,23,1,0,1,"Actinobacteriota","Actinobacteria","Corynebacteriales","Nocardiaceae","Nocardia","ActIA","Innovator","Rhizosphere soil","Rsol","AS127"
2026-04-10,"Rhizoctonia",43,NA,NA,"bottom",2,24,1,0,1,"Actinobacteriota","Actinobacteria","Propionibacteriales","Nocardioidaceae","Nocardioides","ActIA","Innovator","Rhizosphere soil","Rsol","AS133"
2026-04-10,"Rhizoctonia",44,NA,NA,"top",2,26,1,0,1,"Actinobacteriota","Actinobacteria","Propionibacteriales","Nocardioidaceae","Nocardioides","ActIA","Bintje","Leaf","Rsol","BL047a"
2026-04-10,"Rhizoctonia",44,NA,NA,"top-right",2,27,1,0,1,"Actinobacteriota","Actinobacteria","Streptomycetales","Streptomycetaceae","Streptomyces","ActIA","Bintje","Root","Rsol","BR063"
2026-04-10,"Rhizoctonia",44,NA,NA,"bottom-right",2,28,1,0,1,"Actinobacteriota","Actinobacteria","Propionibacteriales","Nocardioidaceae","Nocardioides","ActIA","Bintje","Root","Rsol","BR081"
2026-04-10,"Rhizoctonia",44,NA,NA,"bottom",2,29,1,0,1,"Actinobacteriota","Actinobacteria","Streptomycetales","Streptomycetaceae","Streptomyces","ActIA","Bintje","Root","Rsol","BR084"
2026-04-10,"Rhizoctonia",45,NA,NA,"top",2,31,1,0,1,"Actinobacteriota","Actinobacteria","Streptomycetales","Streptomycetaceae","Streptomyces","ActIA","Bintje","Root","Rsol","BR085"
2026-04-10,"Rhizoctonia",45,NA,NA,"bottom-right",2,33,1,0,1,"Actinobacteriota","Actinobacteria","Streptomycetales","Streptomycetaceae","Streptomyces","TSA","Bintje","Root","Rsol","BR092b"
2026-04-10,"Rhizoctonia",45,NA,NA,"bottom",2,34,1,0,1,"Actinobacteriota","Actinobacteria","Streptomycetales","Streptomycetaceae","Streptomyces","TSA","Bintje","Root","Rsol","BR123"
2026-04-10,"Rhizoctonia",45,NA,NA,"bottom-left",2,35,1,2,1,"Actinobacteriota","Actinobacteria","Corynebacteriales","Nocardiaceae","Nocardia","ARE","Bintje","Root","Rsol","BR162"
2026-04-10,"Rhizoctonia",46,NA,NA,"top-right",2,37,1,0,1,"Actinobacteriota","Actinobacteria","Propionibacteriales","Nocardioidaceae","Nocardioides","ActIA","Bintje","Rhizosphere soil","Rsol","BS088"
2026-04-10,"Rhizoctonia",46,NA,NA,"bottom",2,39,1,0,1,"Actinobacteriota","Actinobacteria","Propionibacteriales","Nocardioidaceae","Nocardioides","TSA","Bintje","Rhizosphere soil","Rsol","BS157"
2026-04-10,"Rhizoctonia",46,NA,NA,"bottom-left",2,40,1,0,1,"Actinobacteriota","Actinobacteria","Streptomycetales","Streptomycetaceae","Streptomyces","TSA","Bintje","Rhizosphere soil","Rsol","BS184"
2026-04-10,"Rhizoctonia",47,NA,NA,"top-right",2,42,1,2,1,"Actinobacteriota","Actinobacteria","Streptomycetales","Streptomycetaceae","Streptomyces","TSA","Bintje","Rhizosphere soil","Rsol","BS195a"
2026-04-10,"Rhizoctonia",47,NA,NA,"bottom-right",2,43,1,0,1,"Actinobacteriota","Actinobacteria","Streptomycetales","Streptomycetaceae","Streptomyces","TSA","Bintje","Rhizosphere soil","Rsol","BS197a"
2026-04-10,"Rhizoctonia",47,NA,NA,"bottom",2,44,1,0,1,"Actinobacteriota","Actinobacteria","Streptomycetales","Streptomycetaceae","Streptomyces","TSA","Bintje","Rhizosphere soil","Rsol","BS198"
2026-04-10,"Rhizoctonia",48,NA,NA,"top",2,46,1,0,1,"Actinobacteriota","Actinobacteria","Streptomycetales","Streptomycetaceae","Streptomyces","ARE","Bintje","Rhizosphere soil","Rsol","BS216a"
2026-04-10,"Rhizoctonia",48,NA,NA,"top-right",2,47,1,0,1,"Actinobacteriota","Actinobacteria","Streptomycetales","Streptomycetaceae","Streptomyces","ARE","Bintje","Rhizosphere soil","Rsol","BS216c"
2026-04-10,"Rhizoctonia",48,NA,NA,"bottom-right",2,48,1,0,1,"Actinobacteriota","Actinobacteria","Streptomycetales","Streptomycetaceae","Streptomyces","ARE","Bintje","Rhizosphere soil","Rsol","BS219b"
2026-04-10,"Rhizoctonia",48,NA,NA,"bottom",2,50,1,0,1,"Actinobacteriota","Actinobacteria","Corynebacteriales","Nocardiaceae","Nocardia","ARE","Bintje","Rhizosphere soil","Rsol","BS233"
2026-04-10,"Rhizoctonia",48,NA,NA,"bottom-left",2,51,1,2,1,"Actinobacteriota","Actinobacteria","Streptomycetales","Streptomycetaceae","Streptomyces","ARE","Bintje","Rhizosphere soil","Rsol","BS235"
2026-04-17,"Rhizoctonia",1,NA,NA,"top",1,1,2,0,1,"Actinobacteriota","Actinobacteria","Streptomycetales","Streptomycetaceae","Streptomyces","ARE","Innovator","Leaf","Rsol","AL045"
2026-04-17,"Rhizoctonia",1,NA,NA,"top-right",1,2,2,0,1,"Actinobacteriota","Actinobacteria","Streptomycetales","Streptomycetaceae","Streptomyces","ARE","Innovator","Leaf","Rsol","AL058"
2026-04-17,"Rhizoctonia",1,NA,NA,"bottom-right",1,3,2,0,1,"Actinobacteriota","Actinobacteria","Streptomycetales","Streptomycetaceae","Streptomyces","ARE","Innovator","Leaf","Rsol","AL067"
2026-04-17,"Rhizoctonia",1,NA,NA,"bottom",1,4,2,0,1,"Actinobacteriota","Actinobacteria","Streptomycetales","Streptomycetaceae","Streptomyces","ActIA","Innovator","Leaf","Rsol","AL071"
2026-04-17,"Rhizoctonia",1,NA,NA,"bottom-left",1,5,2,0,1,"Actinobacteriota","Actinobacteria","Streptomycetales","Streptomycetaceae","Streptomyces","ActIA","Innovator","Leaf","Rsol","AL074"
2026-04-17,"Rhizoctonia",2,NA,NA,"top",1,6,2,0,1,"Actinobacteriota","Actinobacteria","Streptomycetales","Streptomycetaceae","Streptomyces","ActIA","Innovator","Leaf","Rsol","AL083"
2026-04-17,"Rhizoctonia",2,NA,NA,"top-right",1,7,2,1,1,"Actinobacteriota","Actinobacteria","Streptomycetales","Streptomycetaceae","Streptomyces","TSA","Innovator","Root","Rsol","AR003"
2026-04-17,"Rhizoctonia",2,NA,NA,"bottom-right",1,8,2,2,1,"Actinobacteriota","Actinobacteria","Streptomycetales","Streptomycetaceae","Streptomyces","TSA","Innovator","Root","Rsol","AR004"
2026-04-17,"Rhizoctonia",2,NA,NA,"bottom",1,9,2,0,1,"Actinobacteriota","Actinobacteria","Streptomycetales","Streptomycetaceae","Streptomyces","TSA","Innovator","Root","Rsol","AR006"
2026-04-17,"Rhizoctonia",3,NA,NA,"top",1,11,2,0,1,"Actinobacteriota","Actinobacteria","Streptomycetales","Streptomycetaceae","Streptomyces","TSA","Innovator","Root","Rsol","AR011"
2026-04-17,"Rhizoctonia",3,NA,NA,"top-right",1,12,2,0,1,"Actinobacteriota","Actinobacteria","Streptomycetales","Streptomycetaceae","Streptomyces","TSA","Innovator","Root","Rsol","AR012"
2026-04-17,"Rhizoctonia",3,NA,NA,"bottom-right",1,13,2,1,1,"Actinobacteriota","Actinobacteria","Streptomycetales","Streptomycetaceae","Streptomyces","TSA","Innovator","Root","Rsol","AR013"
2026-04-17,"Rhizoctonia",3,NA,NA,"bottom",1,14,2,1,1,"Actinobacteriota","Actinobacteria","Streptomycetales","Streptomycetaceae","Streptomyces","TSA","Innovator","Root","Rsol","AR014"
2026-04-17,"Rhizoctonia",3,NA,NA,"bottom-left",1,15,2,0,1,"Actinobacteriota","Actinobacteria","Streptomycetales","Streptomycetaceae","Streptomyces","TSA","Innovator","Root","Rsol","AR018"
2026-04-17,"Rhizoctonia",4,NA,NA,"top",1,16,2,3,1,"Actinobacteriota","Actinobacteria","Streptomycetales","Streptomycetaceae","Streptomyces","TSA","Innovator","Root","Rsol","AR020"
2026-04-17,"Rhizoctonia",4,NA,NA,"top-right",1,17,2,0,1,"Actinobacteriota","Actinobacteria","Streptomycetales","Streptomycetaceae","Streptomyces","TSA","Innovator","Root","Rsol","AR027"
2026-04-17,"Rhizoctonia",4,NA,NA,"bottom-right",1,18,2,0,1,"Actinobacteriota","Actinobacteria","Streptomycetales","Streptomycetaceae","Streptomyces","TSA","Innovator","Root","Rsol","AR029"
2026-04-17,"Rhizoctonia",4,NA,NA,"bottom",1,19,2,0,1,"Actinobacteriota","Actinobacteria","Streptomycetales","Streptomycetaceae","Streptomyces","TSA","Innovator","Root","Rsol","AR030"
2026-04-17,"Rhizoctonia",5,NA,NA,"top",1,21,2,0,1,"Actinobacteriota","Actinobacteria","Streptomycetales","Streptomycetaceae","Streptomyces","TSA","Innovator","Root","Rsol","AR033"
2026-04-17,"Rhizoctonia",5,NA,NA,"top-right",1,22,2,0,1,"Actinobacteriota","Actinobacteria","Streptomycetales","Streptomycetaceae","Streptomyces","TSA","Innovator","Root","Rsol","AR034"
2026-04-17,"Rhizoctonia",5,NA,NA,"bottom-right",1,23,2,0,1,"Actinobacteriota","Actinobacteria","Streptomycetales","Streptomycetaceae","Streptomyces","TSA","Innovator","Root","Rsol","AR036"
2026-04-17,"Rhizoctonia",5,NA,NA,"bottom",1,24,2,1,1,"Actinobacteriota","Actinobacteria","Streptomycetales","Streptomycetaceae","Streptomyces","TSA","Innovator","Root","Rsol","AR038b"
2026-04-17,"Rhizoctonia",6,NA,NA,"top",1,26,2,0,1,"Actinobacteriota","Actinobacteria","Streptomycetales","Streptomycetaceae","Streptomyces","TSA","Innovator","Root","Rsol","AR044"
2026-04-17,"Rhizoctonia",6,NA,NA,"top-right",1,27,2,0,1,"Actinobacteriota","Actinobacteria","Streptomycetales","Streptomycetaceae","Streptomyces","TSA","Innovator","Root","Rsol","AR050"
2026-04-17,"Rhizoctonia",6,NA,NA,"bottom-right",1,28,2,2,1,"Actinobacteriota","Actinobacteria","Streptomycetales","Streptomycetaceae","Streptomyces","ARE","Innovator","Root","Rsol","AR062"
2026-04-17,"Rhizoctonia",6,NA,NA,"bottom",1,29,2,1,1,"Actinobacteriota","Actinobacteria","Streptomycetales","Streptomycetaceae","Streptomyces","ARE","Innovator","Root","Rsol","AR065"
2026-04-17,"Rhizoctonia",6,NA,NA,"bottom-left",1,30,2,0,1,"Actinobacteriota","Actinobacteria","Streptomycetales","Streptomycetaceae","Streptomyces","ARE","Innovator","Root","Rsol","AR069"
2026-04-17,"Rhizoctonia",7,NA,NA,"top",1,31,2,2,1,"Actinobacteriota","Actinobacteria","Streptomycetales","Streptomycetaceae","Streptomyces","ARE","Innovator","Root","Rsol","AR072"
2026-04-17,"Rhizoctonia",7,NA,NA,"top-right",1,32,2,1,1,"Actinobacteriota","Actinobacteria","Streptomycetales","Streptomycetaceae","Streptomyces","ARE","Innovator","Root","Rsol","AR082"
2026-04-17,"Rhizoctonia",7,NA,NA,"bottom-right",1,33,2,2,0,"Actinobacteriota","Actinobacteria","Streptomycetales","Streptomycetaceae","Streptomyces","ARE","Innovator","Root","Rsol","AR083b"
2026-04-17,"Rhizoctonia",7,NA,NA,"bottom",1,34,2,0,1,"Actinobacteriota","Actinobacteria","Streptomycetales","Streptomycetaceae","Streptomyces","ARE","Innovator","Root","Rsol","AR085"
2026-04-17,"Rhizoctonia",7,NA,NA,"bottom-left",1,35,2,0,1,"Actinobacteriota","Actinobacteria","Streptomycetales","Streptomycetaceae","Streptomyces","ActIA","Innovator","Root","Rsol","AR091"
2026-04-17,"Rhizoctonia",8,NA,NA,"top",1,36,2,2,1,"Actinobacteriota","Actinobacteria","Streptomycetales","Streptomycetaceae","Streptomyces","ActIA","Innovator","Root","Rsol","AR092b"
2026-04-17,"Rhizoctonia",8,NA,NA,"top-right",1,37,2,1,1,"Actinobacteriota","Actinobacteria","Streptomycetales","Streptomycetaceae","Streptomyces","ActIA","Innovator","Root","Rsol","AR094"
2026-04-17,"Rhizoctonia",8,NA,NA,"bottom-right",1,38,2,1,1,"Actinobacteriota","Actinobacteria","Streptomycetales","Streptomycetaceae","Streptomyces","ActIA","Innovator","Root","Rsol","AR108"
2026-04-17,"Rhizoctonia",8,NA,NA,"bottom",1,39,2,1,1,"Actinobacteriota","Actinobacteria","Streptomycetales","Streptomycetaceae","Streptomyces","ActIA","Innovator","Root","Rsol","AR109"
2026-04-17,"Rhizoctonia",9,NA,NA,"top",1,41,2,1,1,"Actinobacteriota","Actinobacteria","Streptomycetales","Streptomycetaceae","Streptomyces","ActIA","Innovator","Root","Rsol","AR113"
2026-04-17,"Rhizoctonia",9,NA,NA,"top-right",1,42,2,1,1,"Actinobacteriota","Actinobacteria","Streptomycetales","Streptomycetaceae","Streptomyces","ActIA","Innovator","Root","Rsol","AR115"
2026-04-17,"Rhizoctonia",9,NA,NA,"bottom-right",1,43,2,2,1,"Actinobacteriota","Actinobacteria","Streptomycetales","Streptomycetaceae","Streptomyces","ActIA","Innovator","Root","Rsol","AR124"
2026-04-17,"Rhizoctonia",9,NA,NA,"bottom",1,44,2,0,1,"Actinobacteriota","Actinobacteria","Streptomycetales","Streptomycetaceae","Streptomyces","ActIA","Innovator","Root","Rsol","AR170"
2026-04-17,"Rhizoctonia",9,NA,NA,"bottom-left",1,45,2,0,1,"Actinobacteriota","Actinobacteria","Streptomycetales","Streptomycetaceae","Streptomyces","TSA","Innovator","Rhizosphere soil","Rsol","AS002"
2026-04-17,"Rhizoctonia",10,NA,NA,"top",1,46,2,0,1,"Actinobacteriota","Actinobacteria","Streptomycetales","Streptomycetaceae","Streptomyces","TSA","Innovator","Rhizosphere soil","Rsol","AS004"
2026-04-17,"Rhizoctonia",10,NA,NA,"top-right",1,47,2,0,1,"Actinobacteriota","Actinobacteria","Streptomycetales","Streptomycetaceae","Streptomyces","TSA","Innovator","Rhizosphere soil","Rsol","AS007"
2026-04-17,"Rhizoctonia",10,NA,NA,"bottom-right",1,48,2,2,1,"Actinobacteriota","Actinobacteria","Streptomycetales","Streptomycetaceae","Streptomyces","TSA","Innovator","Rhizosphere soil","Rsol","AS008"
2026-04-17,"Rhizoctonia",10,NA,NA,"bottom",1,49,2,0,1,"Actinobacteriota","Actinobacteria","Streptomycetales","Streptomycetaceae","Streptomyces","TSA","Innovator","Rhizosphere soil","Rsol","AS014"
2026-04-17,"Rhizoctonia",10,NA,NA,"bottom-left",1,50,2,2,1,"Actinobacteriota","Actinobacteria","Streptomycetales","Streptomycetaceae","Streptomyces","TSA","Innovator","Rhizosphere soil","Rsol","AS020"
2026-04-17,"Rhizoctonia",11,NA,NA,"top",1,51,2,0,1,"Actinobacteriota","Actinobacteria","Streptomycetales","Streptomycetaceae","Streptomyces","TSA","Innovator","Rhizosphere soil","Rsol","AS032"
2026-04-17,"Rhizoctonia",11,NA,NA,"top-right",1,52,2,0,1,"Actinobacteriota","Actinobacteria","Streptomycetales","Streptomycetaceae","Streptomyces","TSA","Innovator","Rhizosphere soil","Rsol","AS037"
2026-04-17,"Rhizoctonia",11,NA,NA,"bottom",1,54,2,0,1,"Actinobacteriota","Actinobacteria","Streptomycetales","Streptomycetaceae","Streptomyces","TSA","Innovator","Rhizosphere soil","Rsol","AS041"
2026-04-17,"Rhizoctonia",11,NA,NA,"bottom-left",1,55,2,0,1,"Actinobacteriota","Actinobacteria","Streptomycetales","Streptomycetaceae","Streptomyces","ARE","Innovator","Rhizosphere soil","Rsol","AS046"
2026-04-17,"Rhizoctonia",12,NA,NA,"top",1,56,2,2,1,"Actinobacteriota","Actinobacteria","Streptomycetales","Streptomycetaceae","Streptomyces","ARE","Innovator","Rhizosphere soil","Rsol","AS053"
2026-04-17,"Rhizoctonia",12,NA,NA,"top-right",1,57,2,1,1,"Actinobacteriota","Actinobacteria","Streptomycetales","Streptomycetaceae","Streptomyces","ARE","Innovator","Rhizosphere soil","Rsol","AS065"
2026-04-17,"Rhizoctonia",12,NA,NA,"bottom-right",1,58,2,2,1,"Actinobacteriota","Actinobacteria","Streptomycetales","Streptomycetaceae","Streptomyces","ARE","Innovator","Rhizosphere soil","Rsol","AS073"
2026-04-17,"Rhizoctonia",13,NA,NA,"top",1,61,2,2,1,"Actinobacteriota","Actinobacteria","Streptomycetales","Streptomycetaceae","Streptomyces","ARE","Innovator","Rhizosphere soil","Rsol","AS078"
2026-04-17,"Rhizoctonia",13,NA,NA,"top-right",1,62,2,0,1,"Actinobacteriota","Actinobacteria","Streptomycetales","Streptomycetaceae","Streptomyces","ARE","Innovator","Rhizosphere soil","Rsol","AS079"
2026-04-17,"Rhizoctonia",13,NA,NA,"bottom-right",1,63,2,0,1,"Actinobacteriota","Actinobacteria","Streptomycetales","Streptomycetaceae","Streptomyces","ActIA","Innovator","Rhizosphere soil","Rsol","AS097"
2026-04-17,"Rhizoctonia",13,NA,NA,"bottom",1,64,2,1,1,"Actinobacteriota","Actinobacteria","Streptomycetales","Streptomycetaceae","Streptomyces","ActIA","Innovator","Rhizosphere soil","Rsol","AS098"
2026-04-17,"Rhizoctonia",13,NA,NA,"bottom-left",1,65,2,0,1,"Actinobacteriota","Actinobacteria","Streptomycetales","Streptomycetaceae","Streptomyces","ActIA","Innovator","Rhizosphere soil","Rsol","AS099"
2026-04-17,"Rhizoctonia",14,NA,NA,"top",1,66,2,0,1,"Actinobacteriota","Actinobacteria","Streptomycetales","Streptomycetaceae","Streptomyces","ActIA","Innovator","Rhizosphere soil","Rsol","AS100"
2026-04-17,"Rhizoctonia",14,NA,NA,"top-right",1,67,2,2,1,"Actinobacteriota","Actinobacteria","Streptomycetales","Streptomycetaceae","Streptomyces","ActIA","Innovator","Rhizosphere soil","Rsol","AS104"
2026-04-17,"Rhizoctonia",14,NA,NA,"bottom-right",1,68,2,0,1,"Actinobacteriota","Actinobacteria","Streptomycetales","Streptomycetaceae","Streptomyces","ActIA","Innovator","Rhizosphere soil","Rsol","AS105"
2026-04-17,"Rhizoctonia",14,NA,NA,"bottom",1,69,2,0,1,"Actinobacteriota","Actinobacteria","Streptomycetales","Streptomycetaceae","Streptomyces","ActIA","Innovator","Rhizosphere soil","Rsol","AS111"
2026-04-17,"Rhizoctonia",14,NA,NA,"bottom-left",1,70,2,0,1,"Actinobacteriota","Actinobacteria","Streptomycetales","Streptomycetaceae","Streptomyces","ActIA","Innovator","Rhizosphere soil","Rsol","AS113"
2026-04-17,"Rhizoctonia",15,NA,NA,"top",1,71,2,0,1,"Actinobacteriota","Actinobacteria","Streptomycetales","Streptomycetaceae","Streptomyces","ActIA","Innovator","Rhizosphere soil","Rsol","AS114"
2026-04-17,"Rhizoctonia",15,NA,NA,"top-right",1,72,2,0,1,"Actinobacteriota","Actinobacteria","Streptomycetales","Streptomycetaceae","Streptomyces","ActIA","Innovator","Rhizosphere soil","Rsol","AS115"
2026-04-17,"Rhizoctonia",15,NA,NA,"bottom-right",1,73,2,0,1,"Actinobacteriota","Actinobacteria","Streptomycetales","Streptomycetaceae","Streptomyces","ActIA","Innovator","Rhizosphere soil","Rsol","AS116"
2026-04-17,"Rhizoctonia",15,NA,NA,"bottom",1,74,2,0,1,"Actinobacteriota","Actinobacteria","Streptomycetales","Streptomycetaceae","Streptomyces","ActIA","Innovator","Rhizosphere soil","Rsol","AS118"
2026-04-17,"Rhizoctonia",15,NA,NA,"bottom-left",1,75,2,0,1,"Actinobacteriota","Actinobacteria","Streptomycetales","Streptomycetaceae","Streptomyces","ActIA","Innovator","Rhizosphere soil","Rsol","AS120"
2026-04-17,"Rhizoctonia",16,NA,NA,"top",1,76,2,0,1,"Actinobacteriota","Actinobacteria","Streptomycetales","Streptomycetaceae","Streptomyces","ActIA","Innovator","Rhizosphere soil","Rsol","AS121a"
2026-04-17,"Rhizoctonia",16,NA,NA,"top-right",1,77,2,1,1,"Actinobacteriota","Actinobacteria","Streptomycetales","Streptomycetaceae","Streptomyces","ActIA","Innovator","Rhizosphere soil","Rsol","AS121c"
2026-04-17,"Rhizoctonia",16,NA,NA,"bottom-right",1,78,2,2,1,"Actinobacteriota","Actinobacteria","Streptomycetales","Streptomycetaceae","Streptomyces","ActIA","Innovator","Rhizosphere soil","Rsol","AS131"
2026-04-17,"Rhizoctonia",16,NA,NA,"bottom",1,79,2,0,1,"Actinobacteriota","Actinobacteria","Streptomycetales","Streptomycetaceae","Streptomyces","ActIA","Innovator","Rhizosphere soil","Rsol","AS136"
2026-04-17,"Rhizoctonia",16,NA,NA,"bottom-left",1,80,2,0,1,"Actinobacteriota","Actinobacteria","Streptomycetales","Streptomycetaceae","Streptomyces","ActIA","Innovator","Rhizosphere soil","Rsol","AS139a"
2026-04-17,"Rhizoctonia",17,NA,NA,"top",1,81,2,0,1,"Actinobacteriota","Actinobacteria","Streptomycetales","Streptomycetaceae","Streptomyces","ActIA","Innovator","Rhizosphere soil","Rsol","AS140a"
2026-04-17,"Rhizoctonia",17,NA,NA,"top-right",1,82,2,0,1,"Actinobacteriota","Actinobacteria","Streptomycetales","Streptomycetaceae","Streptomyces","ActIA","Innovator","Rhizosphere soil","Rsol","AS140b"
2026-04-17,"Rhizoctonia",17,NA,NA,"bottom-right",1,83,2,0,1,"Actinobacteriota","Actinobacteria","Streptomycetales","Streptomycetaceae","Streptomyces","ActIA","Innovator","Rhizosphere soil","Rsol","AS141"
2026-04-17,"Rhizoctonia",17,NA,NA,"bottom",1,84,2,0,1,"Actinobacteriota","Actinobacteria","Streptomycetales","Streptomycetaceae","Streptomyces","ActIA","Innovator","Rhizosphere soil","Rsol","AS142"
2026-04-17,"Rhizoctonia",17,NA,NA,"bottom-left",1,85,2,0,1,"Actinobacteriota","Actinobacteria","Streptomycetales","Streptomycetaceae","Streptomyces","ActIA","Innovator","Rhizosphere soil","Rsol","AS143"
2026-04-17,"Rhizoctonia",18,NA,NA,"top-right",1,87,2,0,1,"Actinobacteriota","Actinobacteria","Streptomycetales","Streptomycetaceae","Streptomyces","ActIA","Innovator","Rhizosphere soil","Rsol","AS145"
2026-04-17,"Rhizoctonia",18,NA,NA,"top-left",1,90,2,0,1,"Actinobacteriota","Actinobacteria","Streptomycetales","Streptomycetaceae","Streptomyces","ActIA","Bintje","Leaf","Rsol","BL040a"
2026-04-17,"Rhizoctonia",19,NA,NA,"top",1,91,2,0,1,"Actinobacteriota","Actinobacteria","Streptomycetales","Streptomycetaceae","Streptomyces","ActIA","Bintje","Leaf","Rsol","BL040b"
2026-04-17,"Rhizoctonia",19,NA,NA,"bottom-left",1,95,2,0,1,"Actinobacteriota","Actinobacteria","Streptomycetales","Streptomycetaceae","Streptomyces","ARE","Bintje","Leaf","Rsol","BL087"
2026-04-17,"Rhizoctonia",20,NA,NA,"top",1,96,2,4,1,"Actinobacteriota","Actinobacteria","Streptomycetales","Streptomycetaceae","Streptomyces","ARE","Bintje","Leaf","Rsol","BL091"
2026-04-17,"Rhizoctonia",21,NA,NA,"top",1,96,3,4,1,"Actinobacteriota","Actinobacteria","Streptomycetales","Streptomycetaceae","Streptomyces","ARE","Bintje","Leaf","Rsol","BL091"
2026-04-17,"Rhizoctonia",22,NA,NA,"top",1,97,2,1,1,"Actinobacteriota","Actinobacteria","Streptomycetales","Streptomycetaceae","Streptomyces","ActIA","Bintje","Root","Rsol","BR044"
2026-04-17,"Rhizoctonia",22,NA,NA,"top-right",1,98,2,1,1,"Actinobacteriota","Actinobacteria","Streptomycetales","Streptomycetaceae","Streptomyces","ActIA","Bintje","Root","Rsol","BR045"
2026-04-17,"Rhizoctonia",22,NA,NA,"bottom-right",1,99,2,0,1,"Actinobacteriota","Actinobacteria","Streptomycetales","Streptomycetaceae","Streptomyces","ActIA","Bintje","Root","Rsol","BR048"
2026-04-17,"Rhizoctonia",22,NA,NA,"bottom",1,100,2,0,1,"Actinobacteriota","Actinobacteria","Streptomycetales","Streptomycetaceae","Streptomyces","ActIA","Bintje","Root","Rsol","BR051"
2026-04-17,"Rhizoctonia",23,NA,NA,"top",1,97,3,1,1,"Actinobacteriota","Actinobacteria","Streptomycetales","Streptomycetaceae","Streptomyces","ActIA","Bintje","Root","Rsol","BR044"
2026-04-17,"Rhizoctonia",23,NA,NA,"top-right",1,98,3,2,1,"Actinobacteriota","Actinobacteria","Streptomycetales","Streptomycetaceae","Streptomyces","ActIA","Bintje","Root","Rsol","BR045"
2026-04-17,"Rhizoctonia",23,NA,NA,"bottom-right",1,99,3,1,1,"Actinobacteriota","Actinobacteria","Streptomycetales","Streptomycetaceae","Streptomyces","ActIA","Bintje","Root","Rsol","BR048"
2026-04-17,"Rhizoctonia",23,NA,NA,"bottom",1,100,3,0,1,"Actinobacteriota","Actinobacteria","Streptomycetales","Streptomycetaceae","Streptomyces","ActIA","Bintje","Root","Rsol","BR051"
2026-04-17,"Rhizoctonia",24,NA,NA,"top",1,101,2,0,1,"Actinobacteriota","Actinobacteria","Streptomycetales","Streptomycetaceae","Streptomyces","ActIA","Bintje","Root","Rsol","BR057"
2026-04-17,"Rhizoctonia",24,NA,NA,"top-right",1,102,2,0,1,"Actinobacteriota","Actinobacteria","Streptomycetales","Streptomycetaceae","Streptomyces","ActIA","Bintje","Root","Rsol","BR060"
2026-04-17,"Rhizoctonia",24,NA,NA,"bottom-right",1,103,2,1,1,"Actinobacteriota","Actinobacteria","Streptomycetales","Streptomycetaceae","Streptomyces","ActIA","Bintje","Root","Rsol","BR061"
2026-04-17,"Rhizoctonia",24,NA,NA,"bottom",1,104,2,1,1,"Actinobacteriota","Actinobacteria","Streptomycetales","Streptomycetaceae","Streptomyces","ActIA","Bintje","Root","Rsol","BR065"
2026-04-17,"Rhizoctonia",24,NA,NA,"bottom-left",1,105,2,1,1,"Actinobacteriota","Actinobacteria","Streptomycetales","Streptomycetaceae","Streptomyces","ActIA","Bintje","Root","Rsol","BR068"
2026-04-17,"Rhizoctonia",25,NA,NA,"top",1,106,2,0,1,"Actinobacteriota","Actinobacteria","Streptomycetales","Streptomycetaceae","Streptomyces","ActIA","Bintje","Root","Rsol","BR070"
2026-04-17,"Rhizoctonia",25,NA,NA,"top-right",1,107,2,0,1,"Actinobacteriota","Actinobacteria","Streptomycetales","Streptomycetaceae","Streptomyces","ActIA","Bintje","Root","Rsol","BR074"
2026-04-17,"Rhizoctonia",25,NA,NA,"bottom-right",1,108,2,1,1,"Actinobacteriota","Actinobacteria","Streptomycetales","Streptomycetaceae","Streptomyces","ActIA","Bintje","Root","Rsol","BR079"
2026-04-17,"Rhizoctonia",26,NA,NA,"top-right",1,112,2,0,1,"Actinobacteriota","Actinobacteria","Streptomycetales","Streptomycetaceae","Streptomyces","TSA","Bintje","Root","Rsol","BR092a"
2026-04-17,"Rhizoctonia",26,NA,NA,"bottom-left",1,115,2,0,1,"Actinobacteriota","Actinobacteria","Streptomycetales","Streptomycetaceae","Streptomyces","TSA","Bintje","Root","Rsol","BR097"
2026-04-17,"Rhizoctonia",27,NA,NA,"top",1,116,2,2,1,"Actinobacteriota","Actinobacteria","Streptomycetales","Streptomycetaceae","Streptomyces","TSA","Bintje","Root","Rsol","BR104"
2026-04-17,"Rhizoctonia",27,NA,NA,"top-right",1,117,2,0,1,"Actinobacteriota","Actinobacteria","Streptomycetales","Streptomycetaceae","Streptomyces","TSA","Bintje","Root","Rsol","BR111"
2026-04-17,"Rhizoctonia",27,NA,NA,"bottom-right",1,118,2,2,1,"Actinobacteriota","Actinobacteria","Streptomycetales","Streptomycetaceae","Streptomyces","TSA","Bintje","Root","Rsol","BR113"
2026-04-17,"Rhizoctonia",27,NA,NA,"bottom",1,119,2,1,1,"Actinobacteriota","Actinobacteria","Streptomycetales","Streptomycetaceae","Streptomyces","TSA","Bintje","Root","Rsol","BR114"
2026-04-17,"Rhizoctonia",27,NA,NA,"bottom-left",1,120,2,0,1,"Actinobacteriota","Actinobacteria","Streptomycetales","Streptomycetaceae","Streptomyces","TSA","Bintje","Root","Rsol","BR117"
2026-04-17,"Rhizoctonia",28,NA,NA,"top",1,121,2,2,1,"Actinobacteriota","Actinobacteria","Streptomycetales","Streptomycetaceae","Streptomyces","TSA","Bintje","Root","Rsol","BR131"
2026-04-17,"Rhizoctonia",28,NA,NA,"top-right",1,122,2,0,1,"Actinobacteriota","Actinobacteria","Streptomycetales","Streptomycetaceae","Streptomyces","TSA","Bintje","Root","Rsol","BR132"
2026-04-17,"Rhizoctonia",28,NA,NA,"bottom-right",1,123,2,0,1,"Actinobacteriota","Actinobacteria","Streptomycetales","Streptomycetaceae","Streptomyces","ARE","Bintje","Root","Rsol","BR142"
2026-04-17,"Rhizoctonia",28,NA,NA,"bottom",1,124,2,2,1,"Actinobacteriota","Actinobacteria","Streptomycetales","Streptomycetaceae","Streptomyces","ARE","Bintje","Root","Rsol","BR143"
2026-04-17,"Rhizoctonia",28,NA,NA,"bottom-left",1,125,2,0,1,"Actinobacteriota","Actinobacteria","Streptomycetales","Streptomycetaceae","Streptomyces","ARE","Bintje","Root","Rsol","BR163"
2026-04-17,"Rhizoctonia",29,NA,NA,"top",1,126,2,1,1,"Actinobacteriota","Actinobacteria","Streptomycetales","Streptomycetaceae","Streptomyces","ARE","Bintje","Root","Rsol","BR159"
2026-04-17,"Rhizoctonia",29,NA,NA,"top-right",1,127,2,0,1,"Actinobacteriota","Actinobacteria","Streptomycetales","Streptomycetaceae","Streptomyces","ARE","Bintje","Root","Rsol","BR164"
2026-04-17,"Rhizoctonia",29,NA,NA,"bottom-right",1,128,2,2,1,"Actinobacteriota","Actinobacteria","Streptomycetales","Streptomycetaceae","Streptomyces","ARE","Bintje","Root","Rsol","BR165"
2026-04-17,"Rhizoctonia",29,NA,NA,"bottom",1,129,2,0,1,"Actinobacteriota","Actinobacteria","Streptomycetales","Streptomycetaceae","Streptomyces","ActIA","Bintje","Rhizosphere soil","Rsol","BS078"
2026-04-17,"Rhizoctonia",29,NA,NA,"bottom-left",1,130,2,1,1,"Actinobacteriota","Actinobacteria","Streptomycetales","Streptomycetaceae","Streptomyces","ActIA","Bintje","Rhizosphere soil","Rsol","BS082"
2026-04-17,"Rhizoctonia",30,NA,NA,"top",1,131,2,0,1,"Actinobacteriota","Actinobacteria","Streptomycetales","Streptomycetaceae","Streptomyces","ActIA","Bintje","Rhizosphere soil","Rsol","BS084"
2026-04-17,"Rhizoctonia",30,NA,NA,"top-right",1,132,2,1,1,"Actinobacteriota","Actinobacteria","Streptomycetales","Streptomycetaceae","Streptomyces","ActIA","Bintje","Rhizosphere soil","Rsol","BS085"
2026-04-17,"Rhizoctonia",30,NA,NA,"bottom-right",1,133,2,1,1,"Actinobacteriota","Actinobacteria","Streptomycetales","Streptomycetaceae","Streptomyces","ActIA","Bintje","Rhizosphere soil","Rsol","BS086"
2026-04-17,"Rhizoctonia",30,NA,NA,"bottom",1,134,2,1,1,"Actinobacteriota","Actinobacteria","Streptomycetales","Streptomycetaceae","Streptomyces","ActIA","Bintje","Rhizosphere soil","Rsol","BS089"
2026-04-17,"Rhizoctonia",30,NA,NA,"bottom-left",1,135,2,1,1,"Actinobacteriota","Actinobacteria","Streptomycetales","Streptomycetaceae","Streptomyces","ActIA","Bintje","Rhizosphere soil","Rsol","BS090"
2026-04-17,"Rhizoctonia",31,NA,NA,"top-right",1,137,2,1,1,"Actinobacteriota","Actinobacteria","Streptomycetales","Streptomycetaceae","Streptomyces","ActIA","Bintje","Rhizosphere soil","Rsol","BS093b"
2026-04-17,"Rhizoctonia",31,NA,NA,"bottom-right",1,138,2,1,1,"Actinobacteriota","Actinobacteria","Streptomycetales","Streptomycetaceae","Streptomyces","ActIA","Bintje","Rhizosphere soil","Rsol","BS093c"
2026-04-17,"Rhizoctonia",31,NA,NA,"bottom",1,139,2,0,1,"Actinobacteriota","Actinobacteria","Streptomycetales","Streptomycetaceae","Streptomyces","ActIA","Bintje","Rhizosphere soil","Rsol","BS096"
2026-04-17,"Rhizoctonia",31,NA,NA,"bottom-left",1,140,2,0,1,"Actinobacteriota","Actinobacteria","Streptomycetales","Streptomycetaceae","Streptomyces","ActIA","Bintje","Rhizosphere soil","Rsol","BS097a"
2026-04-17,"Rhizoctonia",32,NA,NA,"top",1,141,2,1,1,"Actinobacteriota","Actinobacteria","Streptomycetales","Streptomycetaceae","Streptomyces","ActIA","Bintje","Rhizosphere soil","Rsol","BS112"
2026-04-17,"Rhizoctonia",32,NA,NA,"top-right",1,142,2,0,1,"Actinobacteriota","Actinobacteria","Streptomycetales","Streptomycetaceae","Streptomyces","ActIA","Bintje","Rhizosphere soil","Rsol","BS115"
2026-04-17,"Rhizoctonia",32,NA,NA,"bottom",1,144,2,2,1,"Actinobacteriota","Actinobacteria","Streptomycetales","Streptomycetaceae","Streptomyces","ActIA","Bintje","Rhizosphere soil","Rsol","BS128"
2026-04-17,"Rhizoctonia",32,NA,NA,"bottom-left",1,145,2,0,1,"Actinobacteriota","Actinobacteria","Streptomycetales","Streptomycetaceae","Streptomyces","ActIA","Bintje","Rhizosphere soil","Rsol","BS129b"
2026-04-17,"Rhizoctonia",33,NA,NA,"top",1,146,2,0,1,"Actinobacteriota","Actinobacteria","Streptomycetales","Streptomycetaceae","Streptomyces","ActIA","Bintje","Rhizosphere soil","Rsol","BS136"
2026-04-17,"Rhizoctonia",33,NA,NA,"bottom-right",1,148,2,0,1,"Actinobacteriota","Actinobacteria","Streptomycetales","Streptomycetaceae","Streptomyces","ActIA","Bintje","Rhizosphere soil","Rsol","BS137a"
2026-04-17,"Rhizoctonia",33,NA,NA,"bottom",1,149,2,0,1,"Actinobacteriota","Actinobacteria","Streptomycetales","Streptomycetaceae","Streptomyces","ActIA","Bintje","Rhizosphere soil","Rsol","BS137b"
2026-04-17,"Rhizoctonia",33,NA,NA,"bottom-left",1,150,2,0,1,"Actinobacteriota","Actinobacteria","Streptomycetales","Streptomycetaceae","Streptomyces","TSA","Bintje","Rhizosphere soil","Rsol","BS140b"
2026-04-17,"Rhizoctonia",34,NA,NA,"top",1,151,2,0,1,"Actinobacteriota","Actinobacteria","Streptomycetales","Streptomycetaceae","Streptomyces","TSA","Bintje","Rhizosphere soil","Rsol","BS145"
2026-04-17,"Rhizoctonia",34,NA,NA,"top-right",1,152,2,0,1,"Actinobacteriota","Actinobacteria","Streptomycetales","Streptomycetaceae","Streptomyces","TSA","Bintje","Rhizosphere soil","Rsol","BS148"
2026-04-17,"Rhizoctonia",34,NA,NA,"bottom-right",1,153,2,1,1,"Actinobacteriota","Actinobacteria","Streptomycetales","Streptomycetaceae","Streptomyces","TSA","Bintje","Rhizosphere soil","Rsol","BS149"
2026-04-17,"Rhizoctonia",34,NA,NA,"bottom-left",1,155,2,0,1,"Actinobacteriota","Actinobacteria","Streptomycetales","Streptomycetaceae","Streptomyces","TSA","Bintje","Rhizosphere soil","Rsol","BS152"
2026-04-17,"Rhizoctonia",35,NA,NA,"top",1,156,2,3,1,"Actinobacteriota","Actinobacteria","Streptomycetales","Streptomycetaceae","Streptomyces","TSA","Bintje","Rhizosphere soil","Rsol","BS155"
2026-04-17,"Rhizoctonia",35,NA,NA,"top-right",1,157,2,0,1,"Actinobacteriota","Actinobacteria","Streptomycetales","Streptomycetaceae","Streptomyces","TSA","Bintje","Rhizosphere soil","Rsol","BS159"
2026-04-17,"Rhizoctonia",35,NA,NA,"bottom-right",1,158,2,0,1,"Actinobacteriota","Actinobacteria","Streptomycetales","Streptomycetaceae","Streptomyces","TSA","Bintje","Rhizosphere soil","Rsol","BS160"
2026-04-17,"Rhizoctonia",35,NA,NA,"bottom",1,159,2,2,1,"Actinobacteriota","Actinobacteria","Streptomycetales","Streptomycetaceae","Streptomyces","TSA","Bintje","Rhizosphere soil","Rsol","BS166"
2026-04-17,"Rhizoctonia",35,NA,NA,"bottom-left",1,160,2,1,1,"Actinobacteriota","Actinobacteria","Streptomycetales","Streptomycetaceae","Streptomyces","TSA","Bintje","Rhizosphere soil","Rsol","BS167"
2026-04-17,"Rhizoctonia",36,NA,NA,"top",1,161,2,2,1,"Actinobacteriota","Actinobacteria","Streptomycetales","Streptomycetaceae","Streptomyces","TSA","Bintje","Rhizosphere soil","Rsol","BS185"
2026-04-17,"Rhizoctonia",36,NA,NA,"top-right",1,162,2,1,1,"Actinobacteriota","Actinobacteria","Streptomycetales","Streptomycetaceae","Streptomyces","TSA","Bintje","Rhizosphere soil","Rsol","BS188"
2026-04-17,"Rhizoctonia",36,NA,NA,"bottom-right",1,163,2,1,1,"Actinobacteriota","Actinobacteria","Streptomycetales","Streptomycetaceae","Streptomyces","TSA","Bintje","Rhizosphere soil","Rsol","BS195b"
2026-04-17,"Rhizoctonia",36,NA,NA,"bottom",1,164,2,1,1,"Actinobacteriota","Actinobacteria","Streptomycetales","Streptomycetaceae","Streptomyces","TSA","Bintje","Rhizosphere soil","Rsol","BS197b"
2026-04-17,"Rhizoctonia",36,NA,NA,"bottom-left",1,165,2,0,1,"Actinobacteriota","Actinobacteria","Streptomycetales","Streptomycetaceae","Streptomyces","TSA","Bintje","Rhizosphere soil","Rsol","BS202"
2026-04-17,"Rhizoctonia",37,NA,NA,"top",1,166,2,0,1,"Actinobacteriota","Actinobacteria","Streptomycetales","Streptomycetaceae","Streptomyces","TSA","Bintje","Rhizosphere soil","Rsol","BS204"
2026-04-17,"Rhizoctonia",37,NA,NA,"top-right",1,167,2,0,1,"Actinobacteriota","Actinobacteria","Streptomycetales","Streptomycetaceae","Streptomyces","TSA","Bintje","Rhizosphere soil","Rsol","BS204a"
2026-04-17,"Rhizoctonia",37,NA,NA,"bottom-right",1,168,2,1,1,"Actinobacteriota","Actinobacteria","Streptomycetales","Streptomycetaceae","Streptomyces","TSA","Bintje","Rhizosphere soil","Rsol","BS205"
2026-04-17,"Rhizoctonia",37,NA,NA,"bottom",1,169,2,2,1,"Actinobacteriota","Actinobacteria","Streptomycetales","Streptomycetaceae","Streptomyces","TSA","Bintje","Rhizosphere soil","Rsol","BS207"
2026-04-17,"Rhizoctonia",37,NA,NA,"bottom-left",1,170,2,0,1,"Actinobacteriota","Actinobacteria","Streptomycetales","Streptomycetaceae","Streptomyces","ARE","Bintje","Rhizosphere soil","Rsol","BS211"
2026-04-17,"Rhizoctonia",38,NA,NA,"top",1,171,2,2,1,"Actinobacteriota","Actinobacteria","Streptomycetales","Streptomycetaceae","Streptomyces","ARE","Bintje","Rhizosphere soil","Rsol","BS212"
2026-04-17,"Rhizoctonia",38,NA,NA,"top-right",1,172,2,1,0,"Actinobacteriota","Actinobacteria","Streptomycetales","Streptomycetaceae","Streptomyces","ARE","Bintje","Rhizosphere soil","Rsol","BS213"
2026-04-17,"Rhizoctonia",38,NA,NA,"bottom-right",1,173,2,0,1,"Actinobacteriota","Actinobacteria","Streptomycetales","Streptomycetaceae","Streptomyces","ARE","Bintje","Rhizosphere soil","Rsol","BS214"
2026-04-17,"Rhizoctonia",38,NA,NA,"bottom",1,174,2,0,1,"Actinobacteriota","Actinobacteria","Streptomycetales","Streptomycetaceae","Streptomyces","ARE","Bintje","Rhizosphere soil","Rsol","BS215a"
2026-04-17,"Rhizoctonia",39,NA,NA,"top",1,176,2,0,1,"Actinobacteriota","Actinobacteria","Streptomycetales","Streptomycetaceae","Streptomyces","ARE","Bintje","Rhizosphere soil","Rsol","BS217"
2026-04-17,"Rhizoctonia",39,NA,NA,"top-right",1,177,2,0,1,"Actinobacteriota","Actinobacteria","Streptomycetales","Streptomycetaceae","Streptomyces","ARE","Bintje","Rhizosphere soil","Rsol","BS218"
2026-04-17,"Rhizoctonia",39,NA,NA,"bottom",1,179,2,1,0,"Actinobacteriota","Actinobacteria","Streptomycetales","Streptomycetaceae","Streptomyces","ARE","Bintje","Rhizosphere soil","Rsol","BS219c"
2026-04-17,"Rhizoctonia",39,NA,NA,"bottom-left",1,180,2,2,1,"Actinobacteriota","Actinobacteria","Streptomycetales","Streptomycetaceae","Streptomyces","ARE","Bintje","Rhizosphere soil","Rsol","BS220"
2026-04-17,"Rhizoctonia",40,NA,NA,"top",1,181,2,2,1,"Actinobacteriota","Actinobacteria","Streptomycetales","Streptomycetaceae","Streptomyces","ARE","Bintje","Rhizosphere soil","Rsol","BS226"
2026-04-17,"Rhizoctonia",40,NA,NA,"top-right",1,182,2,1,1,"Actinobacteriota","Actinobacteria","Streptomycetales","Streptomycetaceae","Streptomyces","ARE","Bintje","Rhizosphere soil","Rsol","BS227"
2026-04-17,"Rhizoctonia",40,NA,NA,"bottom",1,184,2,1,0,"Actinobacteriota","Actinobacteria","Streptomycetales","Streptomycetaceae","Streptomyces","ARE","Bintje","Rhizosphere soil","Rsol","BS234"
2026-04-17,"Rhizoctonia",40,NA,NA,"bottom-left",1,185,2,0,1,"Actinobacteriota","Actinobacteria","Streptomycetales","Streptomycetaceae","Streptomyces","ARE","Bintje","Rhizosphere soil","Rsol","BS238"
2026-04-17,"Rhizoctonia",41,NA,NA,"top",1,186,2,0,1,"Actinobacteriota","Actinobacteria","Streptomycetales","Streptomycetaceae","Streptomyces","ActIA","Innovator","Root","Rsol","AR101"
2026-04-17,"Rhizoctonia",41,NA,NA,"top-right",1,187,2,1,1,"Actinobacteriota","Actinobacteria","Streptomycetales","Streptomycetaceae","Streptomyces","ActIA","Bintje","Rhizosphere soil","Rsol","BS093a"
2026-04-17,"Rhizoctonia",41,NA,NA,"bottom-right",1,188,2,2,0,"Actinobacteriota","Actinobacteria","Streptomycetales","Streptomycetaceae","Streptomyces","ActIA","Innovator","Root","Rsol","AR121"
2026-04-17,"Rhizoctonia",42,NA,NA,"top-right",2,2,2,0,1,"Actinobacteriota","Actinobacteria","Streptomycetales","Streptomycetaceae","Streptomyces","TSA","Innovator","Root","Rsol","AR015"
2026-04-17,"Rhizoctonia",42,NA,NA,"bottom-right",2,3,2,2,1,"Actinobacteriota","Actinobacteria","Streptomycetales","Streptomycetaceae","Streptomyces","TSA","Innovator","Root","Rsol","AR019"
2026-04-17,"Rhizoctonia",42,NA,NA,"bottom",2,4,2,0,1,"Actinobacteriota","Actinobacteria","Streptomycetales","Streptomycetaceae","Streptomyces","TSA","Innovator","Root","Rsol","AR031"
2026-04-17,"Rhizoctonia",42,NA,NA,"bottom-left",2,5,2,0,1,"Actinobacteriota","Actinobacteria","Streptomycetales","Streptomycetaceae","Streptomyces","TSA","Innovator","Root","Rsol","AR040"
2026-04-17,"Rhizoctonia",43,NA,NA,"top-right",2,7,2,0,1,"Actinobacteriota","Actinobacteria","Streptomycetales","Streptomycetaceae","Streptomyces","TSA","Innovator","Root","Rsol","AR045"
2026-04-17,"Rhizoctonia",43,NA,NA,"bottom-right",2,8,2,2,1,"Actinobacteriota","Actinobacteria","Streptomycetales","Streptomycetaceae","Streptomyces","ARE","Innovator","Root","Rsol","AR064"
2026-04-17,"Rhizoctonia",43,NA,NA,"bottom",2,9,2,1,1,"Actinobacteriota","Actinobacteria","Streptomycetales","Streptomycetaceae","Streptomyces","ARE","Innovator","Root","Rsol","AR083c"
2026-04-17,"Rhizoctonia",43,NA,NA,"bottom-left",2,10,2,1,1,"Actinobacteriota","Actinobacteria","Streptomycetales","Streptomycetaceae","Streptomyces","ARE","Innovator","Root","Rsol","AR083d"
2026-04-17,"Rhizoctonia",44,NA,NA,"top",2,11,2,1,1,"Actinobacteriota","Actinobacteria","Streptomycetales","Streptomycetaceae","Streptomyces","ActIA","Innovator","Root","Rsol","AR092"
2026-04-17,"Rhizoctonia",44,NA,NA,"top-right",2,12,2,0,1,"Actinobacteriota","Actinobacteria","Streptomycetales","Streptomycetaceae","Streptomyces","ActIA","Innovator","Root","Rsol","AR127"
2026-04-17,"Rhizoctonia",44,NA,NA,"bottom-right",2,13,2,0,1,"Actinobacteriota","Actinobacteria","Streptomycetales","Streptomycetaceae","Streptomyces","TSA","Innovator","Rhizosphere soil","Rsol","AS005"
2026-04-17,"Rhizoctonia",44,NA,NA,"bottom",2,14,2,0,1,"Actinobacteriota","Actinobacteria","Propionibacteriales","Nocardioidaceae","Nocardioides","TSA","Innovator","Rhizosphere soil","Rsol","AS010"
2026-04-17,"Rhizoctonia",44,NA,NA,"bottom-left",2,15,2,1,1,"Actinobacteriota","Actinobacteria","Streptomycetales","Streptomycetaceae","Streptomyces","ARE","Innovator","Rhizosphere soil","Rsol","AS048"
2026-04-17,"Rhizoctonia",45,NA,NA,"bottom-right",2,18,2,1,0,"Actinobacteriota","Actinobacteria","Propionibacteriales","Nocardioidaceae","Nocardioides","ActIA","Innovator","Rhizosphere soil","Rsol","AS106"
2026-04-17,"Rhizoctonia",45,NA,NA,"bottom",2,19,2,0,1,"Actinobacteriota","Actinobacteria","Corynebacteriales","Nocardiaceae","Nocardia","ActIA","Innovator","Rhizosphere soil","Rsol","AS107"
2026-04-17,"Rhizoctonia",45,NA,NA,"bottom-left",2,20,2,0,1,"Actinobacteriota","Actinobacteria","Propionibacteriales","Nocardioidaceae","Nocardioides","ActIA","Innovator","Rhizosphere soil","Rsol","AS108"
2026-04-17,"Rhizoctonia",46,NA,NA,"top",2,21,2,0,1,"Actinobacteriota","Actinobacteria","Streptomycetales","Streptomycetaceae","Streptomyces","ActIA","Innovator","Rhizosphere soil","Rsol","AS112"
2026-04-17,"Rhizoctonia",46,NA,NA,"top-right",2,22,2,0,1,"Actinobacteriota","Actinobacteria","Propionibacteriales","Nocardioidaceae","Nocardioides","ActIA","Innovator","Rhizosphere soil","Rsol","AS121b"
2026-04-17,"Rhizoctonia",46,NA,NA,"bottom-right",2,23,2,0,1,"Actinobacteriota","Actinobacteria","Corynebacteriales","Nocardiaceae","Nocardia","ActIA","Innovator","Rhizosphere soil","Rsol","AS127"
2026-04-17,"Rhizoctonia",46,NA,NA,"bottom",2,24,2,0,1,"Actinobacteriota","Actinobacteria","Propionibacteriales","Nocardioidaceae","Nocardioides","ActIA","Innovator","Rhizosphere soil","Rsol","AS133"
2026-04-17,"Rhizoctonia",47,NA,NA,"top",2,26,2,0,1,"Actinobacteriota","Actinobacteria","Propionibacteriales","Nocardioidaceae","Nocardioides","ActIA","Bintje","Leaf","Rsol","BL047a"
2026-04-17,"Rhizoctonia",47,NA,NA,"top-right",2,27,2,0,1,"Actinobacteriota","Actinobacteria","Streptomycetales","Streptomycetaceae","Streptomyces","ActIA","Bintje","Root","Rsol","BR063"
2026-04-17,"Rhizoctonia",47,NA,NA,"bottom-right",2,28,2,0,1,"Actinobacteriota","Actinobacteria","Propionibacteriales","Nocardioidaceae","Nocardioides","ActIA","Bintje","Root","Rsol","BR081"
2026-04-17,"Rhizoctonia",47,NA,NA,"bottom",2,29,2,0,1,"Actinobacteriota","Actinobacteria","Streptomycetales","Streptomycetaceae","Streptomyces","ActIA","Bintje","Root","Rsol","BR084"
2026-04-17,"Rhizoctonia",48,NA,NA,"top",2,31,2,0,1,"Actinobacteriota","Actinobacteria","Streptomycetales","Streptomycetaceae","Streptomyces","ActIA","Bintje","Root","Rsol","BR085"
2026-04-17,"Rhizoctonia",48,NA,NA,"bottom-right",2,33,2,0,1,"Actinobacteriota","Actinobacteria","Streptomycetales","Streptomycetaceae","Streptomyces","TSA","Bintje","Root","Rsol","BR092b"
2026-04-17,"Rhizoctonia",48,NA,NA,"bottom",2,34,2,0,1,"Actinobacteriota","Actinobacteria","Streptomycetales","Streptomycetaceae","Streptomyces","TSA","Bintje","Root","Rsol","BR123"
2026-04-17,"Rhizoctonia",48,NA,NA,"bottom-left",2,35,2,2,1,"Actinobacteriota","Actinobacteria","Corynebacteriales","Nocardiaceae","Nocardia","ARE","Bintje","Root","Rsol","BR162"
2026-04-17,"Rhizoctonia",49,NA,NA,"top-right",2,37,2,0,1,"Actinobacteriota","Actinobacteria","Propionibacteriales","Nocardioidaceae","Nocardioides","ActIA","Bintje","Rhizosphere soil","Rsol","BS088"
2026-04-17,"Rhizoctonia",49,NA,NA,"bottom",2,39,2,0,1,"Actinobacteriota","Actinobacteria","Propionibacteriales","Nocardioidaceae","Nocardioides","TSA","Bintje","Rhizosphere soil","Rsol","BS157"
2026-04-17,"Rhizoctonia",49,NA,NA,"bottom-left",2,40,2,0,1,"Actinobacteriota","Actinobacteria","Streptomycetales","Streptomycetaceae","Streptomyces","TSA","Bintje","Rhizosphere soil","Rsol","BS184"
2026-04-17,"Rhizoctonia",50,NA,NA,"top-right",2,42,2,1,1,"Actinobacteriota","Actinobacteria","Streptomycetales","Streptomycetaceae","Streptomyces","TSA","Bintje","Rhizosphere soil","Rsol","BS195a"
2026-04-17,"Rhizoctonia",50,NA,NA,"bottom-right",2,43,2,0,1,"Actinobacteriota","Actinobacteria","Streptomycetales","Streptomycetaceae","Streptomyces","TSA","Bintje","Rhizosphere soil","Rsol","BS197a"
2026-04-17,"Rhizoctonia",50,NA,NA,"bottom",2,44,2,0,1,"Actinobacteriota","Actinobacteria","Streptomycetales","Streptomycetaceae","Streptomyces","TSA","Bintje","Rhizosphere soil","Rsol","BS198"
2026-04-17,"Rhizoctonia",51,NA,NA,"top",2,46,2,0,1,"Actinobacteriota","Actinobacteria","Streptomycetales","Streptomycetaceae","Streptomyces","ARE","Bintje","Rhizosphere soil","Rsol","BS216a"
2026-04-17,"Rhizoctonia",51,NA,NA,"top-right",2,47,2,0,1,"Actinobacteriota","Actinobacteria","Streptomycetales","Streptomycetaceae","Streptomyces","ARE","Bintje","Rhizosphere soil","Rsol","BS216c"
2026-04-17,"Rhizoctonia",51,NA,NA,"bottom-right",2,48,2,0,1,"Actinobacteriota","Actinobacteria","Streptomycetales","Streptomycetaceae","Streptomyces","ARE","Bintje","Rhizosphere soil","Rsol","BS219b"
2026-04-17,"Rhizoctonia",51,NA,NA,"bottom",2,50,2,0,1,"Actinobacteriota","Actinobacteria","Corynebacteriales","Nocardiaceae","Nocardia","ARE","Bintje","Rhizosphere soil","Rsol","BS233"
2026-04-17,"Rhizoctonia",51,NA,NA,"bottom-left",2,51,2,2,1,"Actinobacteriota","Actinobacteria","Streptomycetales","Streptomycetaceae","Streptomyces","ARE","Bintje","Rhizosphere soil","Rsol","BS235"
2026-04-24,"Alternaria",1,NA,NA,"left",1,31,6,3,1,"Actinobacteriota","Actinobacteria","Streptomycetales","Streptomycetaceae","Streptomyces","ARE","Innovator","Root","Asol","AR072"
2026-04-24,"Alternaria",1,NA,NA,"left",1,33,6,2,1,"Actinobacteriota","Actinobacteria","Streptomycetales","Streptomycetaceae","Streptomyces","ARE","Innovator","Root","Asol","AR083b"
2026-04-24,"Alternaria",2,NA,NA,"left",1,31,7,3,1,"Actinobacteriota","Actinobacteria","Streptomycetales","Streptomycetaceae","Streptomyces","ARE","Innovator","Root","Asol","AR072"
2026-04-24,"Alternaria",2,NA,NA,"left",1,33,7,2,1,"Actinobacteriota","Actinobacteria","Streptomycetales","Streptomycetaceae","Streptomyces","ARE","Innovator","Root","Asol","AR083b"
2026-05-23,"Alternaria",1,NA,NA,"left",1,31,8,3,1,"Actinobacteriota","Actinobacteria","Streptomycetales","Streptomycetaceae","Streptomyces","ARE","Innovator","Root","Asol","AR072"
2026-05-23,"Alternaria",1,NA,NA,"left",1,33,8,2,1,"Actinobacteriota","Actinobacteria","Streptomycetales","Streptomycetaceae","Streptomyces","ARE","Innovator","Root","Asol","AR083b"
2026-05-23,"Alternaria",2,NA,NA,"left",1,31,9,2,1,"Actinobacteriota","Actinobacteria","Streptomycetales","Streptomycetaceae","Streptomyces","ARE","Innovator","Root","Asol","AR072"
2026-05-23,"Alternaria",2,NA,NA,"left",1,33,9,1,1,"Actinobacteriota","Actinobacteria","Streptomycetales","Streptomycetaceae","Streptomyces","ARE","Innovator","Root","Asol","AR083b"
2026-07-17,"Rhizoctonia",1,NA,NA,"top",1,33,3,1,1,"Actinobacteriota","Actinobacteria","Streptomycetales","Streptomycetaceae","Streptomyces","ARE","Innovator","Root","Rsol","AR083b"
2026-07-17,"Rhizoctonia",1,NA,NA,"top-right",1,129,3,0,1,"Actinobacteriota","Actinobacteria","Streptomycetales","Streptomycetaceae","Streptomyces","ActIA","Bintje","Rhizosphere soil","Rsol","BS078"
2026-07-17,"Rhizoctonia",1,NA,NA,"bottom-right",1,172,3,0,1,"Actinobacteriota","Actinobacteria","Streptomycetales","Streptomycetaceae","Streptomyces","ARE","Bintje","Rhizosphere soil","Rsol","BS213"
2026-07-17,"Rhizoctonia",1,NA,NA,"bottom",1,179,3,0,1,"Actinobacteriota","Actinobacteria","Streptomycetales","Streptomycetaceae","Streptomyces","ARE","Bintje","Rhizosphere soil","Rsol","BS219c"
2026-07-17,"Rhizoctonia",2,NA,NA,"top",1,33,3,1,1,"Actinobacteriota","Actinobacteria","Streptomycetales","Streptomycetaceae","Streptomyces","ARE","Innovator","Root","Rsol","AR083b"
2026-07-17,"Rhizoctonia",2,NA,NA,"bottom-right",1,172,3,0,1,"Actinobacteriota","Actinobacteria","Streptomycetales","Streptomycetaceae","Streptomyces","ARE","Bintje","Rhizosphere soil","Rsol","BS213"
2026-07-17,"Rhizoctonia",2,NA,NA,"bottom-left",1,188,3,2,1,"Actinobacteriota","Actinobacteria","Streptomycetales","Streptomycetaceae","Streptomyces","ActIA","Innovator","Root","Rsol","AR121"
2026-07-17,"Rhizoctonia",3,NA,NA,"top",1,129,3,0,1,"Actinobacteriota","Actinobacteria","Streptomycetales","Streptomycetaceae","Streptomyces","ActIA","Bintje","Rhizosphere soil","Rsol","BS078"
2026-07-17,"Rhizoctonia",3,NA,NA,"top-right",1,179,3,0,1,"Actinobacteriota","Actinobacteria","Streptomycetales","Streptomycetaceae","Streptomyces","ARE","Bintje","Rhizosphere soil","Rsol","BS219c"
2026-07-17,"Rhizoctonia",3,NA,NA,"bottom",1,184,3,0,1,"Actinobacteriota","Actinobacteria","Streptomycetales","Streptomycetaceae","Streptomyces","ARE","Bintje","Rhizosphere soil","Rsol","BS234"
2026-07-17,"Rhizoctonia",4,NA,NA,"bottom-right",1,184,3,0,1,"Actinobacteriota","Actinobacteria","Streptomycetales","Streptomycetaceae","Streptomyces","ARE","Bintje","Rhizosphere soil","Rsol","BS234"
2026-07-17,"Rhizoctonia",4,NA,NA,"bottom-left",1,188,3,2,1,"Actinobacteriota","Actinobacteria","Streptomycetales","Streptomycetaceae","Streptomyces","ActIA","Innovator","Root","Rsol","AR121"
2026-07-17,"Rhizoctonia",5,NA,NA,"top",2,18,3,0,1,"Actinobacteriota","Actinobacteria","Propionibacteriales","Nocardioidaceae","Nocardioides","ActIA","Innovator","Rhizosphere soil","Rsol","AS106"
2026-07-17,"Rhizoctonia",5,NA,NA,"bottom-left",2,48,3,0,1,"Actinobacteriota","Actinobacteria","Streptomycetales","Streptomycetaceae","Streptomyces","ARE","Bintje","Rhizosphere soil","Rsol","BS219b"
2026-07-17,"Rhizoctonia",6,NA,NA,"top",2,18,4,0,1,"Actinobacteriota","Actinobacteria","Propionibacteriales","Nocardioidaceae","Nocardioides","ActIA","Innovator","Rhizosphere soil","Rsol","AS106"
2026-07-17,"Rhizoctonia",6,NA,NA,"bottom-left",2,48,4,0,1,"Actinobacteriota","Actinobacteria","Streptomycetales","Streptomycetaceae","Streptomyces","ARE","Bintje","Rhizosphere soil","Rsol","BS219b"
2026-07-15,"Phytophthora",1,NA,NA,"top",1,33,3,3,1,"Actinobacteriota","Actinobacteria","Streptomycetales","Streptomycetaceae","Streptomyces","ARE","Innovator","Root","Pinf","AR083b"
2026-07-15,"Phytophthora",1,NA,NA,"top-right",1,129,3,2,1,"Actinobacteriota","Actinobacteria","Streptomycetales","Streptomycetaceae","Streptomyces","ActIA","Bintje","Rhizosphere soil","Pinf","BS078"
2026-07-15,"Phytophthora",1,NA,NA,"bottom-right",1,172,3,3,1,"Actinobacteriota","Actinobacteria","Streptomycetales","Streptomycetaceae","Streptomyces","ARE","Bintje","Rhizosphere soil","Pinf","BS213"
2026-07-15,"Phytophthora",1,NA,NA,"bottom",1,179,3,2,1,"Actinobacteriota","Actinobacteria","Streptomycetales","Streptomycetaceae","Streptomyces","ARE","Bintje","Rhizosphere soil","Pinf","BS219c"
2026-07-15,"Phytophthora",2,NA,NA,"top",1,33,3,3,1,"Actinobacteriota","Actinobacteria","Streptomycetales","Streptomycetaceae","Streptomyces","ARE","Innovator","Root","Pinf","AR083b"
2026-07-15,"Phytophthora",2,NA,NA,"bottom-right",1,172,3,3,1,"Actinobacteriota","Actinobacteria","Streptomycetales","Streptomycetaceae","Streptomyces","ARE","Bintje","Rhizosphere soil","Pinf","BS213"
2026-07-15,"Phytophthora",2,NA,NA,"bottom-left",1,188,3,2,1,"Actinobacteriota","Actinobacteria","Streptomycetales","Streptomycetaceae","Streptomyces","ActIA","Innovator","Root","Pinf","AR121"
2026-07-15,"Phytophthora",3,NA,NA,"top",1,129,3,2,1,"Actinobacteriota","Actinobacteria","Streptomycetales","Streptomycetaceae","Streptomyces","ActIA","Bintje","Rhizosphere soil","Pinf","BS078"
2026-07-15,"Phytophthora",3,NA,NA,"top-right",1,179,3,2,1,"Actinobacteriota","Actinobacteria","Streptomycetales","Streptomycetaceae","Streptomyces","ARE","Bintje","Rhizosphere soil","Pinf","BS219c"
2026-07-15,"Phytophthora",3,NA,NA,"bottom",1,184,3,3,1,"Actinobacteriota","Actinobacteria","Streptomycetales","Streptomycetaceae","Streptomyces","ARE","Bintje","Rhizosphere soil","Pinf","BS234"
2026-07-15,"Phytophthora",4,NA,NA,"bottom-right",1,184,3,3,1,"Actinobacteriota","Actinobacteria","Streptomycetales","Streptomycetaceae","Streptomyces","ARE","Bintje","Rhizosphere soil","Pinf","BS234"
2026-07-15,"Phytophthora",4,NA,NA,"bottom-left",1,188,3,3,1,"Actinobacteriota","Actinobacteria","Streptomycetales","Streptomycetaceae","Streptomyces","ActIA","Innovator","Root","Pinf","AR121"
2026-07-15,"Phytophthora",5,NA,NA,"top",2,18,3,3,1,"Actinobacteriota","Actinobacteria","Propionibacteriales","Nocardioidaceae","Nocardioides","ActIA","Innovator","Rhizosphere soil","Pinf","AS106"
2026-07-15,"Phytophthora",5,NA,NA,"bottom-left",2,48,3,3,1,"Actinobacteriota","Actinobacteria","Streptomycetales","Streptomycetaceae","Streptomyces","ARE","Bintje","Rhizosphere soil","Pinf","BS219b"
2026-07-15,"Phytophthora",6,NA,NA,"top",2,18,4,3,1,"Actinobacteriota","Actinobacteria","Propionibacteriales","Nocardioidaceae","Nocardioides","ActIA","Innovator","Rhizosphere soil","Pinf","AS106"
2026-07-15,"Phytophthora",6,NA,NA,"bottom-left",2,48,4,3,1,"Actinobacteriota","Actinobacteria","Streptomycetales","Streptomycetaceae","Streptomyces","ARE","Bintje","Rhizosphere soil","Pinf","BS219b"
