"strain","RDP_NCBI_closest_hit","Phylum","Class","Order","Family","Genus","Medium","Antibiotic","Sample","Cultivar","compartment"
"AL001","Curtobacterium citreum","Actinobacteriota","Actinobacteria","Micrococcales","Microbacteriaceae","Curtobacterium","TSA",NA,"AL","Innovator","Leaf"
"AL002","Microbacterium trichotecenolyticum","Actinobacteriota","Actinobacteria","Micrococcales","Microbacteriaceae","Microbacterium","TSA",NA,"AL","Innovator","Leaf"
"AL003","Rhodococcus erythropolis","Actinobacteriota","Actinobacteria","Corynebacteriales","Nocardiaceae","Rhodococcus","TSA",NA,"AL","Innovator","Leaf"
"AL004","Bacillus sp.","Firmicutes","Bacilli","Bacillales","Bacillaceae","Bacillus","TSA",NA,"AL","Innovator","Leaf"
"AL005","Acidovorax delafieldii","Proteobacteria","Gammaproteobacteria","Burkholderiales","Comamonadaceae","Acidovorax","TSA",NA,"AL","Innovator","Leaf"
"AL006","Microbacterium keratanolyticum","Actinobacteriota","Actinobacteria","Micrococcales","Microbacteriaceae","Microbacterium","TSA",NA,"AL","Innovator","Leaf"
"AL007","Bacillus niacini","Firmicutes","Bacilli","Bacillales","Bacillaceae","Bacillus","TSA",NA,"AL","Innovator","Leaf"
"AL008",NA,NA,NA,NA,NA,NA,"TSA",NA,"AL","Innovator","Leaf"
"AL009","Frigoribacterium sp.","Actinobacteriota","Actinobacteria","Micrococcales","Microbacteriaceae","Frigoribacterium","TSA",NA,"AL","Innovator","Leaf"
"AL010","Stenotrophomonas rhizophila","Proteobacteria","Gammaproteobacteria","Xanthomonadales","Xanthomonadaceae","Stenotrophomonas","TSA",NA,"AL","Innovator","Leaf"
"AL011","Janibacter melonis","Actinobacteriota","Actinobacteria","Micrococcales","Intrasporangiaceae","Janibacter","TSA",NA,"AL","Innovator","Leaf"
"AL012","Janibacter melonis","Actinobacteriota","Actinobacteria","Micrococcales","Intrasporangiaceae","Janibacter","TSA",NA,"AL","Innovator","Leaf"
"AL013","Microbacterium testaceum","Actinobacteriota","Actinobacteria","Micrococcales","Microbacteriaceae","Microbacterium","TSA",NA,"AL","Innovator","Leaf"
"AL014",NA,NA,NA,NA,NA,NA,"TSA",NA,"AL","Innovator","Leaf"
"AL015",NA,NA,NA,NA,NA,NA,"TSA",NA,"AL","Innovator","Leaf"
"AL016","Microbacterium saperdae","Actinobacteriota","Actinobacteria","Micrococcales","Microbacteriaceae","Microbacterium","TSA",NA,"AL","Innovator","Leaf"
"AL017","Microbacterium sp.","Actinobacteriota","Actinobacteria","Micrococcales","Microbacteriaceae","Microbacterium","TSA",NA,"AL","Innovator","Leaf"
"AL018","Rathayibacter sp.","Actinobacteriota","Actinobacteria","Micrococcales","Microbacteriaceae","Rathayibacter","TSA",NA,"AL","Innovator","Leaf"
"AL019","Rhodococcus corynebacterioides","Actinobacteriota","Actinobacteria","Corynebacteriales","Nocardiaceae","Rhodococcus","TSA",NA,"AL","Innovator","Leaf"
"AL020","Frigoribacterium sp.","Actinobacteriota","Actinobacteria","Micrococcales","Microbacteriaceae","Frigoribacterium","TSA",NA,"AL","Innovator","Leaf"
"AL021","Microbacterium lemovicicum","Actinobacteriota","Actinobacteria","Micrococcales","Microbacteriaceae","Microbacterium","TSA",NA,"AL","Innovator","Leaf"
"AL022","Microbacterium testaceum","Actinobacteriota","Actinobacteria","Micrococcales","Microbacteriaceae","Microbacterium","TSA",NA,"AL","Innovator","Leaf"
"AL023",NA,NA,NA,NA,NA,NA,"TSA",NA,"AL","Innovator","Leaf"
"AL024","See Seq14","Proteobacteria","Alphaproteobacteria","Rhodobacterales","Rhodobacteraceae","Paracoccus","TSA",NA,"AL","Innovator","Leaf"
"AL025","Stenotrophomonas rhizophila","Proteobacteria","Gammaproteobacteria","Xanthomonadales","Xanthomonadaceae","Stenotrophomonas","TSA",NA,"AL","Innovator","Leaf"
"AL026","Roseomonas pecuniae","Proteobacteria","Alphaproteobacteria","Acetobacterales","Acetobacteraceae","Roseomonas","TSA",NA,"AL","Innovator","Leaf"
"AL027","Microbacterium testaceum","Actinobacteriota","Actinobacteria","Micrococcales","Microbacteriaceae","Microbacterium","TSA",NA,"AL","Innovator","Leaf"
"AL028","Bacillus mycoides","Firmicutes","Bacilli","Bacillales","Bacillaceae","Bacillus","TSA",NA,"AL","Innovator","Leaf"
"AL029","Rhodococcus degradans","Actinobacteriota","Actinobacteria","Corynebacteriales","Nocardiaceae","Rhodococcus","TSA",NA,"AL","Innovator","Leaf"
"AL030","Rhodococcus degradans","Actinobacteriota","Actinobacteria","Corynebacteriales","Nocardiaceae","Rhodococcus","TSA",NA,"AL","Innovator","Leaf"
"AL031",NA,NA,NA,NA,NA,NA,"TSA",NA,"AL","Innovator","Leaf"
"AL032","Microbacterium sp.","Actinobacteriota","Actinobacteria","Micrococcales","Microbacteriaceae","Microbacterium","TSA",NA,"AL","Innovator","Leaf"
"AL033","Aeromicrobium sp.","Actinobacteriota","Actinobacteria","Propionibacteriales","Nocardioidaceae","Aeromicrobium","TSA",NA,"AL","Innovator","Leaf"
"AL034","Agrobacterium fabrum","Proteobacteria","Alphaproteobacteria","Rhizobiales","Rhizobiaceae","Allorhizobium-Neorhizobium-Pararhizobium-Rhizobium","TSA",NA,"AL","Innovator","Leaf"
"AL035","Staphylococcus saprophyticus","Firmicutes","Bacilli","Staphylococcales","Staphylococcaceae","Staphylococcus","TSA",NA,"AL","Innovator","Leaf"
"AL036","Frigoribacterium faeni","Actinobacteriota","Actinobacteria","Micrococcales","Microbacteriaceae","Frigoribacterium","TSA",NA,"AL","Innovator","Leaf"
"AL037",NA,NA,NA,NA,NA,NA,"TSA",NA,"AL","Innovator","Leaf"
"AL038","Bacillus aerius","Firmicutes","Bacilli","Bacillales","Bacillaceae","Bacillus","ARE","Nys","AL","Innovator","Leaf"
"AL039","Agrobacterium fabrum","Proteobacteria","Alphaproteobacteria","Rhizobiales","Rhizobiaceae","Allorhizobium-Neorhizobium-Pararhizobium-Rhizobium","ARE","Nys","AL","Innovator","Leaf"
"AL040","Stenotrophomonas rhizophila","Proteobacteria","Gammaproteobacteria","Xanthomonadales","Xanthomonadaceae","Stenotrophomonas","ARE","Nys","AL","Innovator","Leaf"
"AL041","Rhodococcus erythropolis","Actinobacteriota","Actinobacteria","Corynebacteriales","Nocardiaceae","Rhodococcus","ARE","Nys","AL","Innovator","Leaf"
"AL042","Frigoribacterium sp.","Actinobacteriota","Actinobacteria","Micrococcales","Microbacteriaceae","Frigoribacterium","ARE","Nys","AL","Innovator","Leaf"
"AL043","Microbacterium saperdae","Actinobacteriota","Actinobacteria","Micrococcales","Microbacteriaceae","Microbacterium","ARE","Nys","AL","Innovator","Leaf"
"AL044","Sphingomonas faeni","Proteobacteria","Alphaproteobacteria","Sphingomonadales","Sphingomonadaceae","Sphingomonas","ARE","Nys","AL","Innovator","Leaf"
"AL045","Streptomyces fulvissimus","Actinobacteriota","Actinobacteria","Streptomycetales","Streptomycetaceae","Streptomyces","ARE","Nys","AL","Innovator","Leaf"
"AL046","Curtobacterium flaccumfaciens","Actinobacteriota","Actinobacteria","Micrococcales","Microbacteriaceae","Curtobacterium","ARE","Nys","AL","Innovator","Leaf"
"AL047","Frigoribacterium sp.","Actinobacteriota","Actinobacteria","Micrococcales","Microbacteriaceae","Frigoribacterium","ARE","Nys","AL","Innovator","Leaf"
"AL048","Microbacterium saperdae","Actinobacteriota","Actinobacteria","Micrococcales","Microbacteriaceae","Microbacterium","ARE","Nys","AL","Innovator","Leaf"
"AL049","Siphonobacter aquaeclarae","Bacteroidota","Bacteroidia","Cytophagales","Cytophagaceae","Siphonobacter","ARE","Nys","AL","Innovator","Leaf"
"AL050","Cellulomonas hominis","Actinobacteriota","Actinobacteria","Micrococcales","Cellulomonadaceae","Cellulomonas","ARE","Nys","AL","Innovator","Leaf"
"AL051","Sphingomonas sp","Proteobacteria","Alphaproteobacteria","Sphingomonadales","Sphingomonadaceae","Sphingomonas","ARE","Nys","AL","Innovator","Leaf"
"AL052","Caulobacter segnis","Proteobacteria","Alphaproteobacteria","Caulobacterales","Caulobacteraceae","Caulobacter","ARE","Nys","AL","Innovator","Leaf"
"AL053","Staphylococcus saprophyticus","Firmicutes","Bacilli","Staphylococcales","Staphylococcaceae","Staphylococcus","ARE","Nys","AL","Innovator","Leaf"
"AL054",NA,NA,NA,NA,NA,NA,"ARE","Nys","AL","Innovator","Leaf"
"AL055",NA,NA,NA,NA,NA,NA,"ARE","Nys","AL","Innovator","Leaf"
"AL056","Sphingomonas faeni","Proteobacteria","Alphaproteobacteria","Sphingomonadales","Sphingomonadaceae","Sphingomonas","ARE","Nys","AL","Innovator","Leaf"
"AL057","Cellulomonas hominis","Actinobacteriota","Actinobacteria","Micrococcales","Cellulomonadaceae","Cellulomonas","ARE","Nys","AL","Innovator","Leaf"
"AL058",NA,"Actinobacteriota","Actinobacteria","Streptomycetales","Streptomycetaceae","Streptomyces","ARE","Nys","AL","Innovator","Leaf"
"AL059","Sphingomonas molluscorum","Proteobacteria","Alphaproteobacteria","Sphingomonadales","Sphingomonadaceae","Sphingomonas","ARE","Nys","AL","Innovator","Leaf"
"AL060","Bacillus piscis","Firmicutes","Bacilli","Bacillales","Bacillaceae","Bacillus","ARE","Nys","AL","Innovator","Leaf"
"AL061","Microbacterium testaceum","Actinobacteriota","Actinobacteria","Micrococcales","Microbacteriaceae","Microbacterium","ARE","Nys","AL","Innovator","Leaf"
"AL062","Rhodococcus corynebacterioides","Actinobacteriota","Actinobacteria","Corynebacteriales","Nocardiaceae","Rhodococcus","ARE","Nys","AL","Innovator","Leaf"
"AL063","Sphingomonas carotinifaciens","Proteobacteria","Alphaproteobacteria","Sphingomonadales","Sphingomonadaceae","Sphingomonas","ARE","Nys","AL","Innovator","Leaf"
"AL064","Rhizobium radiobacter","Proteobacteria","Alphaproteobacteria","Rhizobiales","Rhizobiaceae","Allorhizobium-Neorhizobium-Pararhizobium-Rhizobium","ARE","Nys","AL","Innovator","Leaf"
"AL065",NA,NA,NA,NA,NA,NA,"ARE","Nys","AL","Innovator","Leaf"
"AL066",NA,NA,NA,NA,NA,NA,"ARE","Nys","AL","Innovator","Leaf"
"AL067","Streptomyces thermocarboxydus","Actinobacteriota","Actinobacteria","Streptomycetales","Streptomycetaceae","Streptomyces","ARE","Nys","AL","Innovator","Leaf"
"AL068","Frigoribacterium sp.","Actinobacteriota","Actinobacteria","Micrococcales","Microbacteriaceae","Frigoribacterium","ARE","Nys","AL","Innovator","Leaf"
"AL069","Curtobacterium flaccumfaciens","Actinobacteriota","Actinobacteria","Micrococcales","Microbacteriaceae","Curtobacterium","ARE","Nys","AL","Innovator","Leaf"
"AL070","Caulobacter segnis","Proteobacteria","Alphaproteobacteria","Caulobacterales","Caulobacteraceae","Caulobacter","ARE","Nys","AL","Innovator","Leaf"
"AL071","Streptomyces rubiginosohelvolus","Actinobacteriota","Actinobacteria","Streptomycetales","Streptomycetaceae","Streptomyces","ActIA",NA,"AL","Innovator","Leaf"
"AL072","Frigoribacterium faeni","Actinobacteriota","Actinobacteria","Micrococcales","Microbacteriaceae","Frigoribacterium","ActIA",NA,"AL","Innovator","Leaf"
"AL073",NA,NA,NA,NA,NA,NA,"ActIA",NA,"AL","Innovator","Leaf"
"AL074","Streptomyces sp.","Actinobacteriota","Actinobacteria","Streptomycetales","Streptomycetaceae","Streptomyces","ActIA",NA,"AL","Innovator","Leaf"
"AL075","Rathayibacter sp.","Actinobacteriota","Actinobacteria","Micrococcales","Microbacteriaceae","Rathayibacter","ActIA",NA,"AL","Innovator","Leaf"
"AL076","Sporosarcina sp.","Firmicutes","Bacilli","Bacillales","Planococcaceae","Paenisporosarcina","ActIA",NA,"AL","Innovator","Leaf"
"AL077","Bacillus humi","Firmicutes","Bacilli","Bacillales","Bacillaceae","Bacillus","ActIA",NA,"AL","Innovator","Leaf"
"AL078","Frigoribacterium faeni","Actinobacteriota","Actinobacteria","Micrococcales","Microbacteriaceae","Frigoribacterium","ActIA",NA,"AL","Innovator","Leaf"
"AL079","Rhodococcus corynebacterioides","Actinobacteriota","Actinobacteria","Corynebacteriales","Nocardiaceae","Rhodococcus","ActIA",NA,"AL","Innovator","Leaf"
"AL080","Frigoribacterium faeni","Actinobacteriota","Actinobacteria","Micrococcales","Microbacteriaceae","Frigoribacterium","ActIA",NA,"AL","Innovator","Leaf"
"AL081",NA,NA,NA,NA,NA,NA,"ActIA",NA,"AL","Innovator","Leaf"
"AL082","Kocuria carniphila","Actinobacteriota","Actinobacteria","Micrococcales","Micrococcaceae","Kocuria","ActIA",NA,"AL","Innovator","Leaf"
"AL083","Streptomyces sp. JJF-2","Actinobacteriota","Actinobacteria","Streptomycetales","Streptomycetaceae","Streptomyces","ActIA",NA,"AL","Innovator","Leaf"
"AL084","Streptomyces globisporus","Actinobacteriota","Actinobacteria","Micrococcales","Microbacteriaceae","Microbacterium","ActIA",NA,"AL","Innovator","Leaf"
"AL085","Microbacterium proteolyticum","Actinobacteriota","Actinobacteria","Micrococcales","Micrococcaceae","Micrococcus","ActIA",NA,"AL","Innovator","Leaf"
"AL086","Micrococcus yunnanensis","Actinobacteriota","Actinobacteria","Corynebacteriales","Nocardiaceae","Rhodococcus","ActIA",NA,"AL","Innovator","Leaf"
"AL087","Rhodococcus fascians","Actinobacteriota","Actinobacteria","Micrococcales","Microbacteriaceae","Curtobacterium","ActIA",NA,"AL","Innovator","Leaf"
"AL088","Curtobacterium oceanosedimentum","Actinobacteriota","Actinobacteria","Micrococcales","Intrasporangiaceae",NA,"ActIA",NA,"AL","Innovator","Leaf"
"AL089","Frigoribacterium faeni","Actinobacteriota","Actinobacteria","Micrococcales","Microbacteriaceae","Frigoribacterium","ActIA",NA,"AL","Innovator","Leaf"
"AL090","Bacillus cereus","Firmicutes","Bacilli","Bacillales","Bacillaceae","Bacillus","ActIA",NA,"AL","Innovator","Leaf"
"AL091","Bacillus cereus","Firmicutes","Bacilli","Bacillales","Bacillaceae","Bacillus","ActIA",NA,"AL","Innovator","Leaf"
"AL092","Sphingomonas dokdonensis","Proteobacteria","Alphaproteobacteria","Sphingomonadales","Sphingomonadaceae","Sphingomonas","ActIA",NA,"AL","Innovator","Leaf"
"AL093","Rhodococcus degradans","Actinobacteriota","Actinobacteria","Corynebacteriales","Nocardiaceae","Rhodococcus","ActIA",NA,"AL","Innovator","Leaf"
"AL094","Frigoribacterium faeni","Actinobacteriota","Actinobacteria","Micrococcales","Microbacteriaceae","Frigoribacterium","ActIA",NA,"AL","Innovator","Leaf"
"AL095","Janibacter melonis","Actinobacteriota","Actinobacteria","Micrococcales","Intrasporangiaceae","Janibacter","ActIA",NA,"AL","Innovator","Leaf"
"AL096","Frigoribacterium faeni","Actinobacteriota","Actinobacteria","Micrococcales","Microbacteriaceae","Frigoribacterium","ActIA",NA,"AL","Innovator","Leaf"
"AL097","Frigoribacterium faeni","Actinobacteriota","Actinobacteria","Micrococcales","Microbacteriaceae","Frigoribacterium","ActIA",NA,"AL","Innovator","Leaf"
"AL098","Frigoribacterium faeni","Actinobacteriota","Actinobacteria","Micrococcales","Microbacteriaceae","Frigoribacterium","ActIA",NA,"AL","Innovator","Leaf"
"AL099","Curtobacterium oceanosedimentum","Actinobacteriota","Actinobacteria","Micrococcales","Microbacteriaceae","Curtobacterium","ActIA",NA,"AL","Innovator","Leaf"
"AL100","Roseomonas gilardii","Proteobacteria","Alphaproteobacteria","Acetobacterales","Acetobacteraceae","Roseomonas","ActIA",NA,"AL","Innovator","Leaf"
"AL101",NA,NA,NA,NA,NA,NA,"PDA",NA,"AL","Innovator","Leaf"
"AL102",NA,NA,NA,NA,NA,NA,"PDA",NA,"AL","Innovator","Leaf"
"AL103",NA,NA,NA,NA,NA,NA,"PDA",NA,"AL","Innovator","Leaf"
"AL104",NA,NA,NA,NA,NA,NA,"PDA",NA,"AL","Innovator","Leaf"
"AL105",NA,NA,NA,NA,NA,NA,"PDA",NA,"AL","Innovator","Leaf"
"AL106",NA,NA,NA,NA,NA,NA,"PDA",NA,"AL","Innovator","Leaf"
"AL107",NA,NA,NA,NA,NA,NA,"PDA",NA,"AL","Innovator","Leaf"
"AL108",NA,NA,NA,NA,NA,NA,"PDA",NA,"AL","Innovator","Leaf"
"AL109",NA,NA,NA,NA,NA,NA,"PDA",NA,"AL","Innovator","Leaf"
"AL110",NA,NA,NA,NA,NA,NA,"PDA",NA,"AL","Innovator","Leaf"
"AL111",NA,NA,NA,NA,NA,NA,"PDA",NA,"AL","Innovator","Leaf"
"AL112",NA,NA,NA,NA,NA,NA,"PDA",NA,"AL","Innovator","Leaf"
"AL113",NA,NA,NA,NA,NA,NA,"PDA",NA,"AL","Innovator","Leaf"
"AL114",NA,NA,NA,NA,NA,NA,"ARE","Ab","AL","Innovator","Leaf"
"AL115",NA,NA,NA,NA,NA,NA,"ARE","Ab","AL","Innovator","Leaf"
"AL116",NA,NA,NA,NA,NA,NA,"ARE","Ab","AL","Innovator","Leaf"
"AL117",NA,NA,NA,NA,NA,NA,"ARE","Ab","AL","Innovator","Leaf"
"AL118",NA,NA,NA,NA,NA,NA,"ARE","Ab","AL","Innovator","Leaf"
"AL119",NA,NA,NA,NA,NA,NA,"ARE","Ab","AL","Innovator","Leaf"
"AL120",NA,NA,NA,NA,NA,NA,"ARE","Ab","AL","Innovator","Leaf"
"AL121",NA,NA,NA,NA,NA,NA,"ARE","Ab","AL","Innovator","Leaf"
"AL122",NA,NA,NA,NA,NA,NA,"ARE","Ab","AL","Innovator","Leaf"
"AR001","Bacillus simplex","Firmicutes","Bacilli","Bacillales","Bacillaceae","Bacillus","TSA",NA,"AR","Innovator","Root"
"AR002","Bacillus simplex","Firmicutes","Bacilli","Bacillales","Bacillaceae","Bacillus","TSA",NA,"AR","Innovator","Root"
"AR003","Streptomyces globisporus","Actinobacteriota","Actinobacteria","Streptomycetales","Streptomycetaceae","Streptomyces","TSA",NA,"AR","Innovator","Root"
"AR004","Streptomyces sp.","Actinobacteriota","Actinobacteria","Streptomycetales","Streptomycetaceae","Streptomyces","TSA",NA,"AR","Innovator","Root"
"AR005","Bacillus simplex","Firmicutes","Bacilli","Bacillales","Bacillaceae","Bacillus","TSA",NA,"AR","Innovator","Root"
"AR006","Streptomyces fulvissimus strain NA06532","Actinobacteriota","Actinobacteria","Streptomycetales","Streptomycetaceae","Streptomyces","TSA",NA,"AR","Innovator","Root"
"AR007","Microbacterium esteraromaticum","Actinobacteriota","Actinobacteria","Micrococcales","Microbacteriaceae","Microbacterium","TSA",NA,"AR","Innovator","Root"
"AR008","Phyllobacterium sp.","Proteobacteria","Alphaproteobacteria","Rhizobiales","Rhizobiaceae","Phyllobacterium","TSA",NA,"AR","Innovator","Root"
"AR009","Acidovorax sp.","Proteobacteria","Gammaproteobacteria","Burkholderiales","Comamonadaceae","Acidovorax","TSA",NA,"AR","Innovator","Root"
"AR010",NA,"Actinobacteriota","Actinobacteria","Streptomycetales","Streptomycetaceae","Streptomyces","TSA",NA,"AR","Innovator","Root"
"AR011","Streptomyces sp.","Actinobacteriota","Actinobacteria","Streptomycetales","Streptomycetaceae","Streptomyces","TSA",NA,"AR","Innovator","Root"
"AR012","Streptomyces globisporus","Actinobacteriota","Actinobacteria","Streptomycetales","Streptomycetaceae","Streptomyces","TSA",NA,"AR","Innovator","Root"
"AR013","Streptomyces globisporus","Actinobacteriota","Actinobacteria","Streptomycetales","Streptomycetaceae","Streptomyces","TSA",NA,"AR","Innovator","Root"
"AR014","See Seq14","Actinobacteriota","Actinobacteria","Streptomycetales","Streptomycetaceae","Streptomyces","TSA",NA,"AR","Innovator","Root"
"AR015","Streptomyces sp.","Actinobacteriota","Actinobacteria","Streptomycetales","Streptomycetaceae","Streptomyces","TSA",NA,"AR","Innovator","Root"
"AR016","Microbacterium sp.","Actinobacteriota","Actinobacteria","Micrococcales","Microbacteriaceae","Microbacterium","TSA",NA,"AR","Innovator","Root"
"AR017","Advanella sp.","Proteobacteria","Gammaproteobacteria","Burkholderiales","Alcaligenaceae","Advenella","TSA",NA,"AR","Innovator","Root"
"AR018","Streptomyces globisporus","Actinobacteriota","Actinobacteria","Streptomycetales","Streptomycetaceae","Streptomyces","TSA",NA,"AR","Innovator","Root"
"AR019","Streptomyces fulvissimus strain NA06532","Actinobacteriota","Actinobacteria","Streptomycetales","Streptomycetaceae","Streptomyces","TSA",NA,"AR","Innovator","Root"
"AR020","Streptomyces longispororuber","Actinobacteriota","Actinobacteria","Streptomycetales","Streptomycetaceae","Streptomyces","TSA",NA,"AR","Innovator","Root"
"AR021","Agromyces sp.","Actinobacteriota","Actinobacteria","Micrococcales","Microbacteriaceae","Agromyces","TSA",NA,"AR","Innovator","Root"
"AR022","Microbacterium sp.","Actinobacteriota","Actinobacteria","Micrococcales","Microbacteriaceae","Microbacterium","TSA",NA,"AR","Innovator","Root"
"AR023","Chryseobacterium daecheongense","Bacteroidota","Bacteroidia","Flavobacteriales","Weeksellaceae","Chryseobacterium","TSA",NA,"AR","Innovator","Root"
"AR024","Ochrobactrum anthropi","Proteobacteria","Alphaproteobacteria","Rhizobiales","Rhizobiaceae","Ochrobactrum","TSA",NA,"AR","Innovator","Root"
"AR025","Bacillus muralis","Firmicutes","Bacilli","Bacillales","Bacillaceae","Bacillus","TSA",NA,"AR","Innovator","Root"
"AR026",NA,NA,NA,NA,NA,NA,"TSA",NA,"AR","Innovator","Root"
"AR027","Streptomyces globisporus","Actinobacteriota","Actinobacteria","Streptomycetales","Streptomycetaceae","Streptomyces","TSA",NA,"AR","Innovator","Root"
"AR028","Leifsonia shinshuensis","Actinobacteriota","Actinobacteria","Micrococcales","Microbacteriaceae","Leifsonia","TSA",NA,"AR","Innovator","Root"
"AR029","Streptomyces globisporus","Actinobacteriota","Actinobacteria","Streptomycetales","Streptomycetaceae","Streptomyces","TSA",NA,"AR","Innovator","Root"
"AR030","Streptomyces fulvissimus strain NA06532","Actinobacteriota","Actinobacteria","Streptomycetales","Streptomycetaceae","Streptomyces","TSA",NA,"AR","Innovator","Root"
"AR031","Streptomyces globisporus","Actinobacteriota","Actinobacteria","Streptomycetales","Streptomycetaceae","Streptomyces","TSA",NA,"AR","Innovator","Root"
"AR032","Variovorax sp.","Proteobacteria","Gammaproteobacteria","Burkholderiales","Comamonadaceae","Variovorax","TSA",NA,"AR","Innovator","Root"
"AR033","Streptomyces pratensis strain Kris8","Actinobacteriota","Actinobacteria","Streptomycetales","Streptomycetaceae","Streptomyces","TSA",NA,"AR","Innovator","Root"
"AR034","Streptomyces graminearus strain NM1","Actinobacteriota","Actinobacteria","Streptomycetales","Streptomycetaceae","Streptomyces","TSA",NA,"AR","Innovator","Root"
"AR035",NA,NA,NA,NA,NA,NA,"TSA",NA,"AR","Innovator","Root"
"AR036","Streptomyces globisporus","Actinobacteriota","Actinobacteria","Streptomycetales","Streptomycetaceae","Streptomyces","TSA",NA,"AR","Innovator","Root"
"AR037","Bacilus sp.","Firmicutes","Bacilli","Bacillales","Bacillaceae","Bacillus","TSA",NA,"AR","Innovator","Root"
"AR038a","Chryseobacterium daecheongense","Bacteroidota","Bacteroidia","Flavobacteriales","Weeksellaceae","Chryseobacterium","TSA",NA,"AR","Innovator","Root"
"AR038b","seq 19","Actinobacteriota","Actinobacteria","Streptomycetales","Streptomycetaceae","Streptomyces","TSA",NA,"AR","Innovator","Root"
"AR039","Bacillus subtilis","Firmicutes","Bacilli","Bacillales","Bacillaceae","Bacillus","TSA",NA,"AR","Innovator","Root"
"AR040","Streptomyces ederensis","Actinobacteriota","Actinobacteria","Streptomycetales","Streptomycetaceae","Streptomyces","TSA",NA,"AR","Innovator","Root"
"AR041",NA,NA,NA,NA,NA,NA,"TSA",NA,"AR","Innovator","Root"
"AR042","Bacilus sp.","Firmicutes","Bacilli","Bacillales","Bacillaceae","Bacillus","TSA",NA,"AR","Innovator","Root"
"AR043","seq 19","Actinobacteriota","Actinobacteria","Streptomycetales","Streptomycetaceae","Streptomyces","TSA",NA,"AR","Innovator","Root"
"AR044","Streptomyces pratensis strain Kris8","Actinobacteriota","Actinobacteria","Streptomycetales","Streptomycetaceae","Streptomyces","TSA",NA,"AR","Innovator","Root"
"AR045",NA,"Actinobacteriota","Actinobacteria","Streptomycetales","Streptomycetaceae","Streptomyces","TSA",NA,"AR","Innovator","Root"
"AR046","Nocardioides albus","Actinobacteriota","Actinobacteria","Propionibacteriales","Nocardioidaceae","Nocardioides","TSA",NA,"AR","Innovator","Root"
"AR047",NA,NA,NA,NA,NA,NA,"TSA",NA,"AR","Innovator","Root"
"AR048","Microbacterium sp.","Actinobacteriota","Actinobacteria","Micrococcales","Microbacteriaceae","Microbacterium","TSA",NA,"AR","Innovator","Root"
"AR049","Microbacterium sp.","Actinobacteriota","Actinobacteria","Micrococcales","Microbacteriaceae","Microbacterium","TSA",NA,"AR","Innovator","Root"
"AR050","Streptomyces sp.","Actinobacteriota","Actinobacteria","Streptomycetales","Streptomycetaceae","Streptomyces","TSA",NA,"AR","Innovator","Root"
"AR051",NA,"Actinobacteriota","Actinobacteria","Propionibacteriales","Nocardioidaceae","Nocardioides","TSA",NA,"AR","Innovator","Root"
"AR052",NA,NA,NA,NA,NA,NA,"TSA",NA,"AR","Innovator","Root"
"AR053",NA,NA,NA,NA,NA,NA,"TSA",NA,"AR","Innovator","Root"
"AR054",NA,NA,NA,NA,NA,NA,"TSA",NA,"AR","Innovator","Root"
"AR055","See Seq12","Firmicutes","Bacilli","Bacillales","Bacillaceae","Bacillus","TSA",NA,"AR","Innovator","Root"
"AR056","Ochrobactrum intermedium","Proteobacteria","Alphaproteobacteria","Rhizobiales","Rhizobiaceae","Ochrobactrum","TSA",NA,"AR","Innovator","Root"
"AR057","Bacillus simplex","Firmicutes","Bacilli","Bacillales","Bacillaceae","Bacillus","TSA",NA,"AR","Innovator","Root"
"AR058","Microbacterium sp.","Actinobacteriota","Actinobacteria","Micrococcales","Microbacteriaceae","Microbacterium","TSA",NA,"AR","Innovator","Root"
"AR059","Tsukamurella pulmonis strain L60","Actinobacteriota","Actinobacteria","Corynebacteriales","Tsukamurellaceae","Tsukamurella","ARE","Nys","AR","Innovator","Root"
"AR060","Pseudomonas sp.","Proteobacteria","Gammaproteobacteria","Pseudomonadales","Pseudomonadaceae","Pseudomonas","ARE","Nys","AR","Innovator","Root"
"AR061","Rhizobium radiobacter","Proteobacteria","Alphaproteobacteria","Rhizobiales","Rhizobiaceae","Allorhizobium-Neorhizobium-Pararhizobium-Rhizobium","ARE","Nys","AR","Innovator","Root"
"AR062","Streptomyces globisporus","Actinobacteriota","Actinobacteria","Streptomycetales","Streptomycetaceae","Streptomyces","ARE","Nys","AR","Innovator","Root"
"AR063","Achromobacter sp.","Proteobacteria","Gammaproteobacteria","Burkholderiales","Alcaligenaceae",NA,"ARE","Nys","AR","Innovator","Root"
"AR064","Streptomyces globisporus","Actinobacteriota","Actinobacteria","Streptomycetales","Streptomycetaceae","Streptomyces","ARE","Nys","AR","Innovator","Root"
"AR065","Streptomyces globosus strain QT194-9","Actinobacteriota","Actinobacteria","Streptomycetales","Streptomycetaceae","Streptomyces","ARE","Nys","AR","Innovator","Root"
"AR066","Arhthrobacter sp.","Actinobacteriota","Actinobacteria","Micrococcales","Micrococcaceae","Paenarthrobacter","ARE","Nys","AR","Innovator","Root"
"AR067","Microbacterium sp.","Actinobacteriota","Actinobacteria","Micrococcales","Microbacteriaceae","Microbacterium","ARE","Nys","AR","Innovator","Root"
"AR068","Enterobacter sp.","Proteobacteria","Gammaproteobacteria","Enterobacterales","Enterobacteriaceae",NA,"ARE","Nys","AR","Innovator","Root"
"AR069","Streptomyces argenteolus","Actinobacteriota","Actinobacteria","Streptomycetales","Streptomycetaceae","Streptomyces","ARE","Nys","AR","Innovator","Root"
"AR070","Arthrobacter aurescens","Actinobacteriota","Actinobacteria","Micrococcales","Micrococcaceae","Paenarthrobacter","ARE","Nys","AR","Innovator","Root"
"AR071","Pseudomonas brassicacearum","Proteobacteria","Gammaproteobacteria","Pseudomonadales","Pseudomonadaceae","Pseudomonas","ARE","Nys","AR","Innovator","Root"
"AR072","Streptomyces globisporus","Actinobacteriota","Actinobacteria","Streptomycetales","Streptomycetaceae","Streptomyces","ARE","Nys","AR","Innovator","Root"
"AR073","Ochrobactrum anthropi","Proteobacteria","Alphaproteobacteria","Rhizobiales","Rhizobiaceae","Ochrobactrum","ARE","Nys","AR","Innovator","Root"
"AR074","Rhodococcus erythropolis","Actinobacteriota","Actinobacteria","Corynebacteriales","Nocardiaceae","Rhodococcus","ARE","Nys","AR","Innovator","Root"
"AR075","Pseudomonas sp.","Proteobacteria","Gammaproteobacteria","Pseudomonadales","Pseudomonadaceae","Pseudomonas","ARE","Nys","AR","Innovator","Root"
"AR076","Variovorax sp.","Proteobacteria","Gammaproteobacteria","Burkholderiales","Comamonadaceae","Variovorax","ARE","Nys","AR","Innovator","Root"
"AR077","Rhizobium radiobacter","Proteobacteria","Alphaproteobacteria","Rhizobiales","Rhizobiaceae","Allorhizobium-Neorhizobium-Pararhizobium-Rhizobium","ARE","Nys","AR","Innovator","Root"
"AR078","Enterobacter ludwigii","Proteobacteria","Gammaproteobacteria","Enterobacterales","Enterobacteriaceae","Enterobacter","ARE","Nys","AR","Innovator","Root"
"AR079","Enterobacter ludwigii","Proteobacteria","Gammaproteobacteria","Enterobacterales","Enterobacteriaceae","Enterobacter","ARE","Nys","AR","Innovator","Root"
"AR080",NA,NA,NA,NA,NA,NA,"ARE","Nys","AR","Innovator","Root"
"AR081","Rhizobium radiobacter","Proteobacteria","Alphaproteobacteria","Rhizobiales","Rhizobiaceae","Allorhizobium-Neorhizobium-Pararhizobium-Rhizobium","ARE","Nys","AR","Innovator","Root"
"AR082","Streptomyces fulvissimus strain NA06532","Actinobacteriota","Actinobacteria","Streptomycetales","Streptomycetaceae","Streptomyces","ARE","Nys","AR","Innovator","Root"
"AR082b",NA,NA,NA,NA,NA,NA,"ARE","Nys","AR","Innovator","Root"
"AR083","Rhizobium radiobacter","Proteobacteria","Alphaproteobacteria","Rhizobiales","Rhizobiaceae","Allorhizobium-Neorhizobium-Pararhizobium-Rhizobium","ARE","Nys","AR","Innovator","Root"
"AR083b","Streptomyces sp.","Actinobacteriota","Actinobacteria","Streptomycetales","Streptomycetaceae","Streptomyces","ARE","Nys","AR","Innovator","Root"
"AR083c","Streptomyces globisporus","Actinobacteriota","Actinobacteria","Streptomycetales","Streptomycetaceae","Streptomyces","ARE","Nys","AR","Innovator","Root"
"AR083d","Streptomyces globisporus","Actinobacteriota","Actinobacteria","Streptomycetales","Streptomycetaceae","Streptomyces","ARE","Nys","AR","Innovator","Root"
"AR084","Microbacterium sp.","Actinobacteriota","Actinobacteria","Micrococcales","Microbacteriaceae","Microbacterium","ARE","Nys","AR","Innovator","Root"
"AR085","seq 19","Actinobacteriota","Actinobacteria","Streptomycetales","Streptomycetaceae","Streptomyces","ARE","Nys","AR","Innovator","Root"
"AR086",NA,NA,NA,NA,NA,NA,"ARE","Nys","AR","Innovator","Root"
"AR087","Acinetobacter lwoffii","Proteobacteria","Gammaproteobacteria","Pseudomonadales","Moraxellaceae","Acinetobacter","ARE","Nys","AR","Innovator","Root"
"AR088","Pseudomonas brassicacearum","Proteobacteria","Gammaproteobacteria","Pseudomonadales","Pseudomonadaceae","Pseudomonas","ARE","Nys","AR","Innovator","Root"
"AR089","Ochrobactrum anthropi","Proteobacteria","Alphaproteobacteria","Rhizobiales","Rhizobiaceae","Ochrobactrum","ActIA",NA,"AR","Innovator","Root"
"AR090",NA,NA,NA,NA,NA,NA,"ActIA",NA,"AR","Innovator","Root"
"AR091","Streptomyces fulvissimus strain NA06532","Actinobacteriota","Actinobacteria","Streptomycetales","Streptomycetaceae","Streptomyces","ActIA",NA,"AR","Innovator","Root"
"AR092",NA,"Actinobacteriota","Actinobacteria","Streptomycetales","Streptomycetaceae","Streptomyces","ActIA",NA,"AR","Innovator","Root"
"AR092b","Streptomyces sp.","Actinobacteriota","Actinobacteria","Streptomycetales","Streptomycetaceae","Streptomyces","ActIA",NA,"AR","Innovator","Root"
"AR093","Lelliottia amnigena","Proteobacteria","Gammaproteobacteria","Enterobacterales","Enterobacteriaceae",NA,"ActIA",NA,"AR","Innovator","Root"
"AR094","Streptomyces fulvissimus strain NA06532","Actinobacteriota","Actinobacteria","Streptomycetales","Streptomycetaceae","Streptomyces","ActIA",NA,"AR","Innovator","Root"
"AR095","Sporosarcina sp.","Firmicutes","Bacilli","Bacillales","Planococcaceae","Paenisporosarcina","ActIA",NA,"AR","Innovator","Root"
"AR096",NA,NA,NA,NA,NA,NA,"ActIA",NA,"AR","Innovator","Root"
"AR097","Advenella sp.","Proteobacteria","Gammaproteobacteria","Burkholderiales","Alcaligenaceae","Advenella","ActIA",NA,"AR","Innovator","Root"
"AR098","Enterobacter cloacae","Proteobacteria","Gammaproteobacteria","Enterobacterales","Enterobacteriaceae","Enterobacter","ActIA",NA,"AR","Innovator","Root"
"AR099","Microbacterium esteraromaticum","Actinobacteriota","Actinobacteria","Micrococcales","Microbacteriaceae","Microbacterium","ActIA",NA,"AR","Innovator","Root"
"AR100","Microbacterium sp.","Actinobacteriota","Actinobacteria","Micrococcales","Microbacteriaceae","Microbacterium","ActIA",NA,"AR","Innovator","Root"
"AR101","Streptomyces pratensis strain Kris8","Actinobacteriota","Actinobacteria","Streptomycetales","Streptomycetaceae","Streptomyces","ActIA",NA,"AR","Innovator","Root"
"AR102",NA,NA,NA,NA,NA,NA,"ActIA",NA,"AR","Innovator","Root"
"AR103","Microbacterium sp.","Actinobacteriota","Actinobacteria","Micrococcales","Microbacteriaceae","Microbacterium","ActIA",NA,"AR","Innovator","Root"
"AR104","Chryseobacterium daecheongense","Bacteroidota","Bacteroidia","Flavobacteriales","Weeksellaceae","Chryseobacterium","ActIA",NA,"AR","Innovator","Root"
"AR105","Microbacterium sp.","Actinobacteriota","Actinobacteria","Micrococcales","Microbacteriaceae","Microbacterium","ActIA",NA,"AR","Innovator","Root"
"AR106","Microbacterium sp.","Actinobacteriota","Actinobacteria","Micrococcales","Microbacteriaceae","Microbacterium","ActIA",NA,"AR","Innovator","Root"
"AR107",NA,NA,NA,NA,NA,NA,"ActIA",NA,"AR","Innovator","Root"
"AR108","Streptomyces globisporus","Actinobacteriota","Actinobacteria","Streptomycetales","Streptomycetaceae","Streptomyces","ActIA",NA,"AR","Innovator","Root"
"AR109","Streptomyces globisporus","Actinobacteriota","Actinobacteria","Streptomycetales","Streptomycetaceae","Streptomyces","ActIA",NA,"AR","Innovator","Root"
"AR110","Bacillus drentensis","Firmicutes","Bacilli","Bacillales","Bacillaceae","Bacillus","ActIA",NA,"AR","Innovator","Root"
"AR111","See Seq16","Actinobacteriota","Actinobacteria","Micrococcales","Microbacteriaceae","Microbacterium","ActIA",NA,"AR","Innovator","Root"
"AR112","See Seq10","Firmicutes","Bacilli","Bacillales","Bacillaceae","Bacillus","ActIA",NA,"AR","Innovator","Root"
"AR113","Streptomyces fulvissimus strain NA06532","Actinobacteriota","Actinobacteria","Streptomycetales","Streptomycetaceae","Streptomyces","ActIA",NA,"AR","Innovator","Root"
"AR114","Pseudomonas brassicacearum","Proteobacteria","Gammaproteobacteria","Pseudomonadales","Pseudomonadaceae","Pseudomonas","ActIA",NA,"AR","Innovator","Root"
"AR115","seq 19","Actinobacteriota","Actinobacteria","Streptomycetales","Streptomycetaceae","Streptomyces","ActIA",NA,"AR","Innovator","Root"
"AR116","Rhizobium radiobacter","Proteobacteria","Alphaproteobacteria","Rhizobiales","Rhizobiaceae","Allorhizobium-Neorhizobium-Pararhizobium-Rhizobium","ActIA",NA,"AR","Innovator","Root"
"AR117","Stenotrophomonas maltophilia","Proteobacteria","Gammaproteobacteria","Xanthomonadales","Xanthomonadaceae","Stenotrophomonas","ActIA",NA,"AR","Innovator","Root"
"AR118","Diaphorobacter sp.","Proteobacteria","Gammaproteobacteria","Burkholderiales","Comamonadaceae","Diaphorobacter","ActIA",NA,"AR","Innovator","Root"
"AR119",NA,NA,NA,NA,NA,NA,"ActIA",NA,"AR","Innovator","Root"
"AR120",NA,NA,NA,NA,NA,NA,"ActIA",NA,"AR","Innovator","Root"
"AR121","Streptomyces pratensis","Actinobacteriota","Actinobacteria","Streptomycetales","Streptomycetaceae","Streptomyces","ActIA",NA,"AR","Innovator","Root"
"AR122","Ochrobactrum lupini","Proteobacteria","Alphaproteobacteria","Rhizobiales","Rhizobiaceae","Ochrobactrum","ActIA",NA,"AR","Innovator","Root"
"AR123","Bacillus aquimaris","Firmicutes","Bacilli","Bacillales","Bacillaceae","Bacillus","ActIA",NA,"AR","Innovator","Root"
"AR124","seq 19","Actinobacteriota","Actinobacteria","Streptomycetales","Streptomycetaceae","Streptomyces","ActIA",NA,"AR","Innovator","Root"
"AR125","Pseudomonas brassicacearum","Proteobacteria","Gammaproteobacteria","Pseudomonadales","Pseudomonadaceae","Pseudomonas","ActIA",NA,"AR","Innovator","Root"
"AR126","Tsukamurella pseudospumae","Actinobacteriota","Actinobacteria","Corynebacteriales","Tsukamurellaceae","Tsukamurella","ActIA",NA,"AR","Innovator","Root"
"AR127",NA,"Actinobacteriota","Actinobacteria","Streptomycetales","Streptomycetaceae","Streptomyces","ActIA",NA,"AR","Innovator","Root"
"AR128",NA,NA,NA,NA,NA,NA,"ActIA",NA,"AR","Innovator","Root"
"AR129","See seq13","Actinobacteriota","Actinobacteria","Micrococcales","Microbacteriaceae","Microbacterium","ActIA",NA,"AR","Innovator","Root"
"AR130",NA,NA,NA,NA,NA,NA,"PDA",NA,"AR","Innovator","Root"
"AR131",NA,NA,NA,NA,NA,NA,"PDA",NA,"AR","Innovator","Root"
"AR132","Variovorax paradoxus","Proteobacteria","Gammaproteobacteria","Burkholderiales","Comamonadaceae",NA,"PDA",NA,"AR","Innovator","Root"
"AR133",NA,NA,NA,NA,NA,NA,"PDA",NA,"AR","Innovator","Root"
"AR134",NA,NA,NA,NA,NA,NA,"PDA",NA,"AR","Innovator","Root"
"AR135","Ochrobactrum anthropi","Proteobacteria","Alphaproteobacteria","Rhizobiales","Rhizobiaceae","Ochrobactrum","PDA",NA,"AR","Innovator","Root"
"AR136",NA,NA,NA,NA,NA,NA,"PDA",NA,"AR","Innovator","Root"
"AR137",NA,NA,NA,NA,NA,NA,"PDA",NA,"AR","Innovator","Root"
"AR138","Tsukamurella pseudospumae","Actinobacteriota","Actinobacteria","Corynebacteriales","Tsukamurellaceae","Tsukamurella","PDA",NA,"AR","Innovator","Root"
"AR139",NA,NA,NA,NA,NA,NA,"PDA",NA,"AR","Innovator","Root"
"AR140",NA,NA,NA,NA,NA,NA,"PDA",NA,"AR","Innovator","Root"
"AR141",NA,NA,NA,NA,NA,NA,"PDA",NA,"AR","Innovator","Root"
"AR142",NA,NA,NA,NA,NA,NA,"PDA",NA,"AR","Innovator","Root"
"AR143","Variovorax sp.","Proteobacteria","Gammaproteobacteria","Burkholderiales","Comamonadaceae","Variovorax","PDA",NA,"AR","Innovator","Root"
"AR144","Variovorax sp.","Proteobacteria","Gammaproteobacteria","Burkholderiales","Comamonadaceae","Variovorax","PDA",NA,"AR","Innovator","Root"
"AR145",NA,NA,NA,NA,NA,NA,"PDA",NA,"AR","Innovator","Root"
"AR146",NA,NA,NA,NA,NA,NA,"PDA",NA,"AR","Innovator","Root"
"AR147",NA,NA,NA,NA,NA,NA,"PDA",NA,"AR","Innovator","Root"
"AR148",NA,NA,NA,NA,NA,NA,"PDA",NA,"AR","Innovator","Root"
"AR149","Stenotrophomonas maltophilia","Proteobacteria","Gammaproteobacteria","Xanthomonadales","Xanthomonadaceae","Stenotrophomonas","PDA",NA,"AR","Innovator","Root"
"AR150","Acidovorax sp.","Proteobacteria","Gammaproteobacteria","Burkholderiales","Comamonadaceae","Acidovorax","PDA",NA,"AR","Innovator","Root"
"AR151",NA,NA,NA,NA,NA,NA,"PDA",NA,"AR","Innovator","Root"
"AR152",NA,NA,NA,NA,NA,NA,"PDA",NA,"AR","Innovator","Root"
"AR153",NA,NA,NA,NA,NA,NA,"PDA",NA,"AR","Innovator","Root"
"AR154",NA,NA,NA,NA,NA,NA,"PDA",NA,"AR","Innovator","Root"
"AR155",NA,NA,NA,NA,NA,NA,"PDA",NA,"AR","Innovator","Root"
"AR156",NA,NA,NA,NA,NA,NA,"PDA",NA,"AR","Innovator","Root"
"AR157",NA,NA,NA,NA,NA,NA,"PDA",NA,"AR","Innovator","Root"
"AR158",NA,NA,NA,NA,NA,NA,"PDA",NA,"AR","Innovator","Root"
"AR159",NA,NA,NA,NA,NA,NA,"PDA",NA,"AR","Innovator","Root"
"AR160",NA,NA,NA,NA,NA,NA,"PDA",NA,"AR","Innovator","Root"
"AR161",NA,NA,NA,NA,NA,NA,"PDA",NA,"AR","Innovator","Root"
"AR162",NA,NA,NA,NA,NA,NA,"PDA",NA,"AR","Innovator","Root"
"AR163",NA,NA,NA,NA,NA,NA,"PDA",NA,"AR","Innovator","Root"
"AR164","Chryseobacterium jejuense","Bacteroidota","Bacteroidia","Flavobacteriales","Weeksellaceae","Chryseobacterium","PDA",NA,"AR","Innovator","Root"
"AR165",NA,NA,NA,NA,NA,NA,"PDA",NA,"AR","Innovator","Root"
"AR166",NA,NA,NA,NA,NA,NA,"PDA",NA,"AR","Innovator","Root"
"AR167",NA,NA,NA,NA,NA,NA,"ActIA",NA,"AR","Innovator","Root"
"AR168","Pseudomonas brassicacearum","Proteobacteria","Gammaproteobacteria","Pseudomonadales","Pseudomonadaceae","Pseudomonas","ActIA",NA,"AR","Innovator","Root"
"AR169","Brevibacterium antiquum","Actinobacteriota","Actinobacteria","Micrococcales","Brevibacteriaceae","Brevibacterium","ActIA",NA,"AR","Innovator","Root"
"AR170","Streptomyces sp.","Actinobacteriota","Actinobacteria","Streptomycetales","Streptomycetaceae","Streptomyces","ActIA",NA,"AR","Innovator","Root"
"AR171",NA,NA,NA,NA,NA,NA,"ActIA",NA,"AR","Innovator","Root"
"AR172",NA,NA,NA,NA,NA,NA,"PDA",NA,"AR","Innovator","Root"
"AR173","Chryseobacterium nakagawai","Bacteroidota","Bacteroidia","Flavobacteriales","Weeksellaceae","Chryseobacterium","PDA",NA,"AR","Innovator","Root"
"AR174",NA,NA,NA,NA,NA,NA,"ARE","Ab","AR","Innovator","Root"
"AR175",NA,NA,NA,NA,NA,NA,"ARE","Ab","AR","Innovator","Root"
"AR176","Variovorax sp.","Proteobacteria","Gammaproteobacteria","Burkholderiales","Comamonadaceae","Variovorax","ARE","Ab","AR","Innovator","Root"
"AR177","Phyllobacterium myrsinacearum","Proteobacteria","Alphaproteobacteria","Rhizobiales","Rhizobiaceae","Phyllobacterium","ARE","Ab","AR","Innovator","Root"
"AR178","Variovorax sp.","Proteobacteria","Gammaproteobacteria","Burkholderiales","Comamonadaceae","Variovorax","ARE","Ab","AR","Innovator","Root"
"AR179","Phyllobacterium myrsinacearum","Proteobacteria","Alphaproteobacteria","Rhizobiales","Rhizobiaceae","Phyllobacterium","ARE","Ab","AR","Innovator","Root"
"AR180",NA,NA,NA,NA,NA,NA,"ARE","Ab","AR","Innovator","Root"
"AR181",NA,NA,NA,NA,NA,NA,"ARE","Ab","AR","Innovator","Root"
"AR182","Tsukamurella pulmonis","Actinobacteriota","Actinobacteria","Corynebacteriales","Tsukamurellaceae","Tsukamurella","ARE","Ab","AR","Innovator","Root"
"AR183",NA,NA,NA,NA,NA,NA,"ARE","Ab","AR","Innovator","Root"
"AR184",NA,NA,NA,NA,NA,NA,"ARE","Ab","AR","Innovator","Root"
"AR185","Tsukamurella pulmonis","Actinobacteriota","Actinobacteria","Corynebacteriales","Tsukamurellaceae","Tsukamurella","ARE","Ab","AR","Innovator","Root"
"AR186",NA,NA,NA,NA,NA,NA,"ARE","Ab","AR","Innovator","Root"
"AR187",NA,NA,NA,NA,NA,NA,"ARE","Ab","AR","Innovator","Root"
"AR188",NA,NA,NA,NA,NA,NA,"ARE","Ab","AR","Innovator","Root"
"AR189",NA,NA,NA,NA,NA,NA,"ARE","Ab","AR","Innovator","Root"
"AR190","Variovorax sp.","Proteobacteria","Gammaproteobacteria","Burkholderiales","Comamonadaceae","Variovorax","ARE","Ab","AR","Innovator","Root"
"AR191",NA,NA,NA,NA,NA,NA,"ARE","Ab","AR","Innovator","Root"
"AR192",NA,NA,NA,NA,NA,NA,"ARE","Ab","AR","Innovator","Root"
"AR193",NA,NA,NA,NA,NA,NA,"ARE","Ab","AR","Innovator","Root"
"AR194","Tsukamurella pseudospumae","Actinobacteriota","Actinobacteria","Corynebacteriales","Tsukamurellaceae","Tsukamurella","ARE","Ab","AR","Innovator","Root"
"AR195","Pedobacter sp.","Bacteroidota","Bacteroidia","Sphingobacteriales","Sphingobacteriaceae","Pedobacter","ARE","Ab","AR","Innovator","Root"
"AR196",NA,NA,NA,NA,NA,NA,"ARE","Ab","AR","Innovator","Root"
"AR197",NA,NA,NA,NA,NA,NA,"ARE","Ab","AR","Innovator","Root"
"AR198",NA,NA,NA,NA,NA,NA,"ARE","Ab","AR","Innovator","Root"
"AR199",NA,NA,NA,NA,NA,NA,"ARE","Ab","AR","Innovator","Root"
"AR200",NA,NA,NA,NA,NA,NA,"ARE","Ab","AR","Innovator","Root"
"AR201","Variovorax sp.","Proteobacteria","Gammaproteobacteria","Burkholderiales","Comamonadaceae","Variovorax","ARE","Ab","AR","Innovator","Root"
"AR202","Ochrobactrum anthropi","Proteobacteria","Alphaproteobacteria","Rhizobiales","Rhizobiaceae","Ochrobactrum","ARE","Ab","AR","Innovator","Root"
"AR203a",NA,NA,NA,NA,NA,NA,"ARE","Ab","AR","Innovator","Root"
"AR203b","Ochrobactrum anthropi","Proteobacteria","Alphaproteobacteria","Rhizobiales","Rhizobiaceae","Ochrobactrum","ARE","Ab","AR","Innovator","Root"
"AR204",NA,NA,NA,NA,NA,NA,"ARE","Ab","AR","Innovator","Root"
"AR205",NA,NA,NA,NA,NA,NA,"ARE","Ab","AR","Innovator","Root"
"AR206","Pedobacter sp.","Bacteroidota","Bacteroidia","Sphingobacteriales","Sphingobacteriaceae","Pedobacter","ARE","Ab","AR","Innovator","Root"
"AR207",NA,NA,NA,NA,NA,NA,"ARE","Ab","AR","Innovator","Root"
"AR208",NA,NA,NA,NA,NA,NA,"ARE","Ab","AR","Innovator","Root"
"AS001","Bacillus subtilis","Firmicutes","Bacilli","Bacillales","Bacillaceae","Bacillus","TSA",NA,"AS","Innovator","Rhizosphere soil"
"AS002","Streptomyces fulvissimus strain NA06532","Actinobacteriota","Actinobacteria","Streptomycetales","Streptomycetaceae","Streptomyces","TSA",NA,"AS","Innovator","Rhizosphere soil"
"AS003",NA,NA,NA,NA,NA,NA,"TSA",NA,"AS","Innovator","Rhizosphere soil"
"AS004","Streptomyces globisporus","Actinobacteriota","Actinobacteria","Streptomycetales","Streptomycetaceae","Streptomyces","TSA",NA,"AS","Innovator","Rhizosphere soil"
"AS005","Streptomyces phaeochromogenes strain Md1-2","Actinobacteriota","Actinobacteria","Streptomycetales","Streptomycetaceae","Streptomyces","TSA",NA,"AS","Innovator","Rhizosphere soil"
"AS006","Phyllobacterium sp.","Proteobacteria","Alphaproteobacteria","Rhizobiales","Rhizobiaceae","Phyllobacterium","TSA",NA,"AS","Innovator","Rhizosphere soil"
"AS007","Streptomyces sp.","Actinobacteriota","Actinobacteria","Streptomycetales","Streptomycetaceae","Streptomyces","TSA",NA,"AS","Innovator","Rhizosphere soil"
"AS008","seq 19","Actinobacteriota","Actinobacteria","Streptomycetales","Streptomycetaceae","Streptomyces","TSA",NA,"AS","Innovator","Rhizosphere soil"
"AS009","See seq13","Actinobacteriota","Actinobacteria","Micrococcales","Microbacteriaceae","Microbacterium","TSA",NA,"AS","Innovator","Rhizosphere soil"
"AS010","Nocardioides flavus","Actinobacteriota","Actinobacteria","Propionibacteriales","Nocardioidaceae","Nocardioides","TSA",NA,"AS","Innovator","Rhizosphere soil"
"AS011","See Seq16","Actinobacteriota","Actinobacteria","Micrococcales","Microbacteriaceae","Microbacterium","TSA",NA,"AS","Innovator","Rhizosphere soil"
"AS012","See Seq12","Actinobacteriota","Actinobacteria","Micrococcales","Microbacteriaceae","Microbacterium","TSA",NA,"AS","Innovator","Rhizosphere soil"
"AS013","Bacillus subtilis","Firmicutes","Bacilli","Bacillales","Bacillaceae","Bacillus","TSA",NA,"AS","Innovator","Rhizosphere soil"
"AS014","Streptomyces sp.","Actinobacteriota","Actinobacteria","Streptomycetales","Streptomycetaceae","Streptomyces","TSA",NA,"AS","Innovator","Rhizosphere soil"
"AS015","Microbacterium sp.","Actinobacteriota","Actinobacteria","Micrococcales","Microbacteriaceae","Microbacterium","TSA",NA,"AS","Innovator","Rhizosphere soil"
"AS016",NA,NA,NA,NA,NA,NA,"TSA",NA,"AS","Innovator","Rhizosphere soil"
"AS017","Rhodococcus rhodochrous","Actinobacteriota","Actinobacteria","Corynebacteriales","Nocardiaceae","Rhodococcus","TSA",NA,"AS","Innovator","Rhizosphere soil"
"AS018","Bacillus cereus","Firmicutes","Bacilli","Bacillales","Bacillaceae","Bacillus","TSA",NA,"AS","Innovator","Rhizosphere soil"
"AS019","Microbacterium sp.","Actinobacteriota","Actinobacteria","Micrococcales","Microbacteriaceae","Microbacterium","TSA",NA,"AS","Innovator","Rhizosphere soil"
"AS020","Streptomyces globisporus","Actinobacteriota","Actinobacteria","Streptomycetales","Streptomycetaceae","Streptomyces","TSA",NA,"AS","Innovator","Rhizosphere soil"
"AS021","Bacillus sp.","Firmicutes","Bacilli","Bacillales","Bacillaceae","Bacillus","TSA",NA,"AS","Innovator","Rhizosphere soil"
"AS022","Bacillus simplex","Firmicutes","Bacilli","Bacillales","Bacillaceae","Bacillus","TSA",NA,"AS","Innovator","Rhizosphere soil"
"AS023",NA,NA,NA,NA,NA,NA,"TSA",NA,"AS","Innovator","Rhizosphere soil"
"AS024","Variovorax sp.","Proteobacteria","Gammaproteobacteria","Burkholderiales","Comamonadaceae","Variovorax","TSA",NA,"AS","Innovator","Rhizosphere soil"
"AS025","Chryseobacterium wanjuense","Bacteroidota","Bacteroidia","Flavobacteriales","Weeksellaceae","Chryseobacterium","TSA",NA,"AS","Innovator","Rhizosphere soil"
"AS026","Variovorax sp.","Proteobacteria","Gammaproteobacteria","Burkholderiales","Comamonadaceae","Variovorax","TSA",NA,"AS","Innovator","Rhizosphere soil"
"AS027","Variovorax sp.","Proteobacteria","Gammaproteobacteria","Burkholderiales","Comamonadaceae","Variovorax","TSA",NA,"AS","Innovator","Rhizosphere soil"
"AS028","Brevibacillus brevis","Firmicutes","Bacilli","Brevibacillales","Brevibacillaceae","Brevibacillus","TSA",NA,"AS","Innovator","Rhizosphere soil"
"AS029","Bacillus sp.","Firmicutes","Bacilli","Bacillales","Bacillaceae","Bacillus","TSA",NA,"AS","Innovator","Rhizosphere soil"
"AS030","Microbacterium sp.","Actinobacteriota","Actinobacteria","Micrococcales","Microbacteriaceae","Microbacterium","TSA",NA,"AS","Innovator","Rhizosphere soil"
"AS031","Aminobacter aminovorans","Proteobacteria","Alphaproteobacteria","Rhizobiales","Rhizobiaceae","Aminobacter","TSA",NA,"AS","Innovator","Rhizosphere soil"
"AS032","Streptomyces globisporus","Actinobacteriota","Actinobacteria","Streptomycetales","Streptomycetaceae","Streptomyces","TSA",NA,"AS","Innovator","Rhizosphere soil"
"AS033",NA,NA,NA,NA,NA,NA,"TSA",NA,"AS","Innovator","Rhizosphere soil"
"AS034","Bacillus cereus","Firmicutes","Bacilli","Bacillales","Bacillaceae","Bacillus","TSA",NA,"AS","Innovator","Rhizosphere soil"
"AS035","Bacillus subtilis","Firmicutes","Bacilli","Bacillales","Bacillaceae","Bacillus","TSA",NA,"AS","Innovator","Rhizosphere soil"
"AS036",NA,NA,NA,NA,NA,NA,"TSA",NA,"AS","Innovator","Rhizosphere soil"
"AS037","Streptomyces globisporus","Actinobacteriota","Actinobacteria","Streptomycetales","Streptomycetaceae","Streptomyces","TSA",NA,"AS","Innovator","Rhizosphere soil"
"AS038","Microbacterium sp.","Actinobacteriota","Actinobacteria","Micrococcales","Microbacteriaceae","Microbacterium","TSA",NA,"AS","Innovator","Rhizosphere soil"
"AS039",NA,NA,NA,NA,NA,NA,"TSA",NA,"AS","Innovator","Rhizosphere soil"
"AS040","Bacillus simplex","Firmicutes","Bacilli","Bacillales","Bacillaceae","Bacillus","TSA",NA,"AS","Innovator","Rhizosphere soil"
"AS041","Streptomyces globisporus","Actinobacteriota","Actinobacteria","Streptomycetales","Streptomycetaceae","Streptomyces","TSA",NA,"AS","Innovator","Rhizosphere soil"
"AS042","Microbacterium sp.","Actinobacteriota","Actinobacteria","Micrococcales","Microbacteriaceae","Microbacterium","TSA",NA,"AS","Innovator","Rhizosphere soil"
"AS043","Pedobacter sp.","Bacteroidota","Bacteroidia","Sphingobacteriales","Sphingobacteriaceae","Pedobacter","TSA",NA,"AS","Innovator","Rhizosphere soil"
"AS044","Pseudomonas sp.","Proteobacteria","Gammaproteobacteria","Pseudomonadales","Pseudomonadaceae","Pseudomonas","TSA",NA,"AS","Innovator","Rhizosphere soil"
"AS045",NA,NA,NA,NA,NA,NA,"TSA",NA,"AS","Innovator","Rhizosphere soil"
"AS046",NA,"Actinobacteriota","Actinobacteria","Streptomycetales","Streptomycetaceae","Streptomyces","ARE","Nys","AS","Innovator","Rhizosphere soil"
"AS047","Microbacterium sp.","Actinobacteriota","Actinobacteria","Micrococcales","Microbacteriaceae","Microbacterium","ARE","Nys","AS","Innovator","Rhizosphere soil"
"AS048","Streptomyces phaeochromogenes","Actinobacteriota","Actinobacteria","Streptomycetales","Streptomycetaceae","Streptomyces","ARE","Nys","AS","Innovator","Rhizosphere soil"
"AS049","Arthrobacter nicotinovorans","Actinobacteriota","Actinobacteria","Micrococcales","Micrococcaceae","Paenarthrobacter","ARE","Nys","AS","Innovator","Rhizosphere soil"
"AS050","Advenella incenata","Proteobacteria","Gammaproteobacteria","Burkholderiales","Alcaligenaceae","Advenella","ARE","Nys","AS","Innovator","Rhizosphere soil"
"AS051","See seq15","Actinobacteriota","Actinobacteria","Micrococcales","Microbacteriaceae","Microbacterium","ARE","Nys","AS","Innovator","Rhizosphere soil"
"AS051c",NA,NA,NA,NA,NA,NA,"ARE","Nys","AS","Innovator","Rhizosphere soil"
"AS052","Arthrobacter nitroguajacolicus","Actinobacteriota","Actinobacteria","Micrococcales","Micrococcaceae",NA,"ARE","Nys","AS","Innovator","Rhizosphere soil"
"AS053","Streptomyces pratensis strain WZS030","Actinobacteriota","Actinobacteria","Streptomycetales","Streptomycetaceae","Streptomyces","ARE","Nys","AS","Innovator","Rhizosphere soil"
"AS054","Rhizobium radiobacter","Proteobacteria","Alphaproteobacteria","Rhizobiales","Rhizobiaceae","Allorhizobium-Neorhizobium-Pararhizobium-Rhizobium","ARE","Nys","AS","Innovator","Rhizosphere soil"
"AS055",NA,NA,NA,NA,NA,NA,"ARE","Nys","AS","Innovator","Rhizosphere soil"
"AS056","Phyllobacterium sp.","Proteobacteria","Alphaproteobacteria","Rhizobiales","Rhizobiaceae","Phyllobacterium","ARE","Nys","AS","Innovator","Rhizosphere soil"
"AS057","Arthrobacter sp.","Actinobacteriota","Actinobacteria","Micrococcales","Micrococcaceae","Glutamicibacter","ARE","Nys","AS","Innovator","Rhizosphere soil"
"AS058","Rhizobium radiobacter","Proteobacteria","Alphaproteobacteria","Rhizobiales","Rhizobiaceae","Allorhizobium-Neorhizobium-Pararhizobium-Rhizobium","ARE","Nys","AS","Innovator","Rhizosphere soil"
"AS059","Enterobacter cloacae","Proteobacteria","Gammaproteobacteria","Enterobacterales","Enterobacteriaceae","Enterobacter","ARE","Nys","AS","Innovator","Rhizosphere soil"
"AS060","Achromobacter xylosoxidans","Proteobacteria","Gammaproteobacteria","Burkholderiales","Alcaligenaceae","Achromobacter","ARE","Nys","AS","Innovator","Rhizosphere soil"
"AS061","Ochrobactrum anthropi","Proteobacteria","Alphaproteobacteria","Rhizobiales","Rhizobiaceae","Ochrobactrum","ARE","Nys","AS","Innovator","Rhizosphere soil"
"AS062","Pseudomonas fluorescens","Proteobacteria","Gammaproteobacteria","Pseudomonadales","Pseudomonadaceae","Pseudomonas","ARE","Nys","AS","Innovator","Rhizosphere soil"
"AS063","Pseudomonas koreensis","Proteobacteria","Gammaproteobacteria","Pseudomonadales","Pseudomonadaceae","Pseudomonas","ARE","Nys","AS","Innovator","Rhizosphere soil"
"AS064","Rhizobium radiobacter","Proteobacteria","Alphaproteobacteria","Rhizobiales","Rhizobiaceae","Allorhizobium-Neorhizobium-Pararhizobium-Rhizobium","ARE","Nys","AS","Innovator","Rhizosphere soil"
"AS065",NA,"Actinobacteriota","Actinobacteria","Streptomycetales","Streptomycetaceae","Streptomyces","ARE","Nys","AS","Innovator","Rhizosphere soil"
"AS066",NA,NA,NA,NA,NA,NA,"ARE","Nys","AS","Innovator","Rhizosphere soil"
"AS067",NA,NA,NA,NA,NA,NA,"ARE","Nys","AS","Innovator","Rhizosphere soil"
"AS067b",NA,NA,NA,NA,NA,NA,"ARE","Nys","AS","Innovator","Rhizosphere soil"
"AS068",NA,NA,NA,NA,NA,NA,"ARE","Nys","AS","Innovator","Rhizosphere soil"
"AS069",NA,NA,NA,NA,NA,NA,"ARE","Nys","AS","Innovator","Rhizosphere soil"
"AS070","Rhizobium radiobacter","Proteobacteria","Alphaproteobacteria","Rhizobiales","Rhizobiaceae","Allorhizobium-Neorhizobium-Pararhizobium-Rhizobium","ARE","Nys","AS","Innovator","Rhizosphere soil"
"AS071","Pseudomonas brassicacearum","Proteobacteria","Gammaproteobacteria","Pseudomonadales","Pseudomonadaceae","Pseudomonas","ARE","Nys","AS","Innovator","Rhizosphere soil"
"AS072","Enterobacter cloacae","Proteobacteria","Gammaproteobacteria","Enterobacterales","Enterobacteriaceae","Enterobacter","ARE","Nys","AS","Innovator","Rhizosphere soil"
"AS073","Streptomyces globisporus","Actinobacteriota","Actinobacteria","Streptomycetales","Streptomycetaceae","Streptomyces","ARE","Nys","AS","Innovator","Rhizosphere soil"
"AS074","Rhodococcus jostii","Actinobacteriota","Actinobacteria","Corynebacteriales","Nocardiaceae","Rhodococcus","ARE","Nys","AS","Innovator","Rhizosphere soil"
"AS075","Microbacterium sp.","Actinobacteriota","Actinobacteria","Micrococcales","Microbacteriaceae","Microbacterium","ARE","Nys","AS","Innovator","Rhizosphere soil"
"AS076","Streptomyces globisporus","Actinobacteriota","Actinobacteria","Streptomycetales","Streptomycetaceae","Streptomyces","ARE","Nys","AS","Innovator","Rhizosphere soil"
"AS077","Microbacterium sp.","Actinobacteriota","Actinobacteria","Micrococcales","Microbacteriaceae","Microbacterium","ARE","Nys","AS","Innovator","Rhizosphere soil"
"AS078","Streptomyces sp.","Actinobacteriota","Actinobacteria","Streptomycetales","Streptomycetaceae","Streptomyces","ARE","Nys","AS","Innovator","Rhizosphere soil"
"AS079","Streptomyces fulvissimus strain NA06532","Actinobacteriota","Actinobacteria","Streptomycetales","Streptomycetaceae","Streptomyces","ARE","Nys","AS","Innovator","Rhizosphere soil"
"AS080","Variovorax sp.","Proteobacteria","Gammaproteobacteria","Burkholderiales","Comamonadaceae","Variovorax","ARE","Nys","AS","Innovator","Rhizosphere soil"
"AS081","Microbacterium sp.","Actinobacteriota","Actinobacteria","Micrococcales","Microbacteriaceae","Microbacterium","ARE","Nys","AS","Innovator","Rhizosphere soil"
"AS082","Microbacterium sp.","Actinobacteriota","Actinobacteria","Micrococcales","Microbacteriaceae","Microbacterium","ARE","Nys","AS","Innovator","Rhizosphere soil"
"AS083","Staphylococcus pasteuri","Firmicutes","Bacilli","Staphylococcales","Staphylococcaceae","Staphylococcus","ARE","Nys","AS","Innovator","Rhizosphere soil"
"AS084",NA,NA,NA,NA,NA,NA,"ARE","Nys","AS","Innovator","Rhizosphere soil"
"AS085","Advenella sp.","Proteobacteria","Gammaproteobacteria","Burkholderiales","Alcaligenaceae","Advenella","ARE","Nys","AS","Innovator","Rhizosphere soil"
"AS086","Microbacterium oxydans","Actinobacteriota","Actinobacteria","Micrococcales","Microbacteriaceae","Microbacterium","ARE","Nys","AS","Innovator","Rhizosphere soil"
"AS087","Achromobacter xylosoxidans","Proteobacteria","Gammaproteobacteria","Burkholderiales","Alcaligenaceae",NA,"ARE","Nys","AS","Innovator","Rhizosphere soil"
"AS088","Gordonia terrae","Actinobacteriota","Actinobacteria","Corynebacteriales","Nocardiaceae","Gordonia","ARE","Nys","AS","Innovator","Rhizosphere soil"
"AS089","Pseudomonas putida","Proteobacteria","Gammaproteobacteria","Pseudomonadales","Pseudomonadaceae","Pseudomonas","ARE","Nys","AS","Innovator","Rhizosphere soil"
"AS090","Pseudomonas putida","Proteobacteria","Gammaproteobacteria","Pseudomonadales","Pseudomonadaceae","Pseudomonas","ARE","Nys","AS","Innovator","Rhizosphere soil"
"AS091","Tsukamurella pseudospumae","Actinobacteriota","Actinobacteria","Corynebacteriales","Tsukamurellaceae","Tsukamurella","ARE","Nys","AS","Innovator","Rhizosphere soil"
"AS091F","Streptomyces griseoaurantiacus","Actinobacteriota","Actinobacteria","Streptomycetales","Streptomycetaceae","Streptomyces","ARE","Nys","AS","Innovator","Rhizosphere soil"
"AS092","Arthrobacter sp.","Actinobacteriota","Actinobacteria","Micrococcales","Micrococcaceae","Glutamicibacter","ARE","Nys","AS","Innovator","Rhizosphere soil"
"AS093","Variovorax paradoxus","Proteobacteria","Gammaproteobacteria","Burkholderiales","Comamonadaceae","Variovorax","ARE","Nys","AS","Innovator","Rhizosphere soil"
"AS094","Bacillus cereus","Firmicutes","Bacilli","Bacillales","Bacillaceae","Bacillus","ActIA",NA,"AS","Innovator","Rhizosphere soil"
"AS095","Microbacterium sp.","Actinobacteriota","Actinobacteria","Micrococcales","Microbacteriaceae","Microbacterium","ActIA",NA,"AS","Innovator","Rhizosphere soil"
"AS096","Bacillus cereus","Firmicutes","Bacilli","Bacillales","Bacillaceae","Bacillus","ActIA",NA,"AS","Innovator","Rhizosphere soil"
"AS097","Streptomyces thermocarboxydus","Actinobacteriota","Actinobacteria","Streptomycetales","Streptomycetaceae","Streptomyces","ActIA",NA,"AS","Innovator","Rhizosphere soil"
"AS098a","seq 19","Actinobacteriota","Actinobacteria","Streptomycetales","Streptomycetaceae","Streptomyces","ActIA",NA,"AS","Innovator","Rhizosphere soil"
"AS098b","Streptomyces sp.","Actinobacteriota","Actinobacteria","Streptomycetales","Streptomycetaceae","Streptomyces","ActIA",NA,"AS","Innovator","Rhizosphere soil"
"AS099","Streptomyces globisporus","Actinobacteriota","Actinobacteria","Streptomycetales","Streptomycetaceae","Streptomyces","ActIA",NA,"AS","Innovator","Rhizosphere soil"
"AS100","Streptomyces globisporus","Actinobacteriota","Actinobacteria","Streptomycetales","Streptomycetaceae","Streptomyces","ActIA",NA,"AS","Innovator","Rhizosphere soil"
"AS101","Bacillus licheniformis","Firmicutes","Bacilli","Bacillales","Bacillaceae","Bacillus","ActIA",NA,"AS","Innovator","Rhizosphere soil"
"AS102",NA,NA,NA,NA,NA,NA,"ActIA",NA,"AS","Innovator","Rhizosphere soil"
"AS103","Brevibacterium antiquum","Actinobacteriota","Actinobacteria","Micrococcales","Brevibacteriaceae","Brevibacterium","ActIA",NA,"AS","Innovator","Rhizosphere soil"
"AS104","Streptomyces globisporus","Actinobacteriota","Actinobacteria","Streptomycetales","Streptomycetaceae","Streptomyces","ActIA",NA,"AS","Innovator","Rhizosphere soil"
"AS105","seq 19","Actinobacteriota","Actinobacteria","Streptomycetales","Streptomycetaceae","Streptomyces","ActIA",NA,"AS","Innovator","Rhizosphere soil"
"AS106",NA,"Actinobacteriota","Actinobacteria","Propionibacteriales","Nocardioidaceae","Nocardioides","ActIA",NA,"AS","Innovator","Rhizosphere soil"
"AS107","Nocardia carnea strain TS24","Actinobacteriota","Actinobacteria","Corynebacteriales","Nocardiaceae","Nocardia","ActIA",NA,"AS","Innovator","Rhizosphere soil"
"AS108","Nocardioides luteus","Actinobacteriota","Actinobacteria","Propionibacteriales","Nocardioidaceae","Nocardioides","ActIA",NA,"AS","Innovator","Rhizosphere soil"
"AS109","Rhodococcus erythropolis","Actinobacteriota","Actinobacteria","Corynebacteriales","Nocardiaceae","Rhodococcus","ActIA",NA,"AS","Innovator","Rhizosphere soil"
"AS110","Brevibacterium antiquum","Actinobacteriota","Actinobacteria","Micrococcales","Brevibacteriaceae","Brevibacterium","ActIA",NA,"AS","Innovator","Rhizosphere soil"
"AS111","Streptomyces globisporus","Actinobacteriota","Actinobacteria","Streptomycetales","Streptomycetaceae","Streptomyces","ActIA",NA,"AS","Innovator","Rhizosphere soil"
"AS112","Streptomyces sp.","Actinobacteriota","Actinobacteria","Streptomycetales","Streptomycetaceae","Streptomyces","ActIA",NA,"AS","Innovator","Rhizosphere soil"
"AS113","Streptomyces globisporus","Actinobacteriota","Actinobacteria","Streptomycetales","Streptomycetaceae","Streptomyces","ActIA",NA,"AS","Innovator","Rhizosphere soil"
"AS114","Streptomyces globisporus","Actinobacteriota","Actinobacteria","Streptomycetales","Streptomycetaceae","Streptomyces","ActIA",NA,"AS","Innovator","Rhizosphere soil"
"AS115","Streptomyces microflavus strain JZY1-53","Actinobacteriota","Actinobacteria","Streptomycetales","Streptomycetaceae","Streptomyces","ActIA",NA,"AS","Innovator","Rhizosphere soil"
"AS116","Streptomyces fulvissimus strain NA06532","Actinobacteriota","Actinobacteria","Streptomycetales","Streptomycetaceae","Streptomyces","ActIA",NA,"AS","Innovator","Rhizosphere soil"
"AS117",NA,NA,NA,NA,NA,NA,"ActIA",NA,"AS","Innovator","Rhizosphere soil"
"AS118","Streptomyces thermocarboxydus","Actinobacteriota","Actinobacteria","Streptomycetales","Streptomycetaceae","Streptomyces","ActIA",NA,"AS","Innovator","Rhizosphere soil"
"AS119","Bacillus cereus","Firmicutes","Bacilli","Bacillales","Bacillaceae","Bacillus","ActIA",NA,"AS","Innovator","Rhizosphere soil"
"AS120",NA,"Actinobacteriota","Actinobacteria","Streptomycetales","Streptomycetaceae","Streptomyces","ActIA",NA,"AS","Innovator","Rhizosphere soil"
"AS121a","Streptomyces sp.","Actinobacteriota","Actinobacteria","Streptomycetales","Streptomycetaceae","Streptomyces","ActIA",NA,"AS","Innovator","Rhizosphere soil"
"AS121b","Nocardioides sp.","Actinobacteriota","Actinobacteria","Propionibacteriales","Nocardioidaceae","Nocardioides","ActIA",NA,"AS","Innovator","Rhizosphere soil"
"AS121c","Streptomyces sp.","Actinobacteriota","Actinobacteria","Streptomycetales","Streptomycetaceae","Streptomyces","ActIA",NA,"AS","Innovator","Rhizosphere soil"
"AS121d",NA,NA,NA,NA,NA,NA,"ActIA",NA,"AS","Innovator","Rhizosphere soil"
"AS122","Microbacterium sp.","Actinobacteriota","Actinobacteria","Micrococcales","Microbacteriaceae","Microbacterium","ActIA",NA,"AS","Innovator","Rhizosphere soil"
"AS123","Bacillus firmus","Firmicutes","Bacilli","Bacillales","Bacillaceae","Bacillus","ActIA",NA,"AS","Innovator","Rhizosphere soil"
"AS124","Plantibacter sp.","Actinobacteriota","Actinobacteria","Micrococcales","Microbacteriaceae","Plantibacter","ActIA",NA,"AS","Innovator","Rhizosphere soil"
"AS125",NA,NA,NA,NA,NA,NA,"ActIA",NA,"AS","Innovator","Rhizosphere soil"
"AS126",NA,NA,NA,NA,NA,NA,"ActIA",NA,"AS","Innovator","Rhizosphere soil"
"AS127","Nocardia carnea","Actinobacteriota","Actinobacteria","Corynebacteriales","Nocardiaceae","Nocardia","ActIA",NA,"AS","Innovator","Rhizosphere soil"
"AS128",NA,NA,NA,NA,NA,NA,"ActIA",NA,"AS","Innovator","Rhizosphere soil"
"AS129",NA,NA,NA,NA,NA,NA,"ActIA",NA,"AS","Innovator","Rhizosphere soil"
"AS130",NA,NA,NA,NA,NA,NA,"ActIA",NA,"AS","Innovator","Rhizosphere soil"
"AS131","Streptomyces globisporus","Actinobacteriota","Actinobacteria","Streptomycetales","Streptomycetaceae","Streptomyces","ActIA",NA,"AS","Innovator","Rhizosphere soil"
"AS132","Bacillus cereus","Firmicutes","Bacilli","Bacillales","Bacillaceae","Bacillus","ActIA",NA,"AS","Innovator","Rhizosphere soil"
"AS133","Nocardoides albus","Actinobacteriota","Actinobacteria","Propionibacteriales","Nocardioidaceae","Nocardioides","ActIA",NA,"AS","Innovator","Rhizosphere soil"
"AS134","Tsukamurella pseudospumae","Actinobacteriota","Actinobacteria","Corynebacteriales","Tsukamurellaceae","Tsukamurella","ActIA",NA,"AS","Innovator","Rhizosphere soil"
"AS135","See seq15","Actinobacteriota","Actinobacteria","Micrococcales","Microbacteriaceae","Microbacterium","ActIA",NA,"AS","Innovator","Rhizosphere soil"
"AS136","Streptomyces globisporus","Actinobacteriota","Actinobacteria","Streptomycetales","Streptomycetaceae","Streptomyces","ActIA",NA,"AS","Innovator","Rhizosphere soil"
"AS137",NA,NA,NA,NA,NA,NA,"ActIA",NA,"AS","Innovator","Rhizosphere soil"
"AS138",NA,NA,NA,NA,NA,NA,"ActIA",NA,"AS","Innovator","Rhizosphere soil"
"AS139a","Streptomyces coelicolor strain M1154/pAMX4/pGP1416","Actinobacteriota","Actinobacteria","Streptomycetales","Streptomycetaceae","Streptomyces","ActIA",NA,"AS","Innovator","Rhizosphere soil"
"AS140a","Streptomyces lienomycini","Actinobacteriota","Actinobacteria","Streptomycetales","Streptomycetaceae","Streptomyces","ActIA",NA,"AS","Innovator","Rhizosphere soil"
"AS140b","Streptomyces sp.","Actinobacteriota","Actinobacteria","Streptomycetales","Streptomycetaceae","Streptomyces","ActIA",NA,"AS","Innovator","Rhizosphere soil"
"AS141","Streptomyces graminearus strain NM1","Actinobacteriota","Actinobacteria","Streptomycetales","Streptomycetaceae","Streptomyces","ActIA",NA,"AS","Innovator","Rhizosphere soil"
"AS142","Streptomyces coelicolor strain M1154/pAMX4/pGP1416","Actinobacteriota","Actinobacteria","Streptomycetales","Streptomycetaceae","Streptomyces","ActIA",NA,"AS","Innovator","Rhizosphere soil"
"AS143","Streptomyces graminearus strain NM1","Actinobacteriota","Actinobacteria","Streptomycetales","Streptomycetaceae","Streptomyces","ActIA",NA,"AS","Innovator","Rhizosphere soil"
"AS144","Bacillus sp.","Firmicutes","Bacilli","Bacillales","Bacillaceae","Bacillus","ActIA",NA,"AS","Innovator","Rhizosphere soil"
"AS145","Streptomyces sp.","Actinobacteriota","Actinobacteria","Streptomycetales","Streptomycetaceae","Streptomyces","ActIA",NA,"AS","Innovator","Rhizosphere soil"
"AS146","Bacillus sp.","Firmicutes","Bacilli","Bacillales","Bacillaceae","Bacillus","ActIA",NA,"AS","Innovator","Rhizosphere soil"
"AS147",NA,NA,NA,NA,NA,NA,"PDA",NA,"AS","Innovator","Rhizosphere soil"
"AS148",NA,NA,NA,NA,NA,NA,"PDA",NA,"AS","Innovator","Rhizosphere soil"
"AS149",NA,NA,NA,NA,NA,NA,"PDA",NA,"AS","Innovator","Rhizosphere soil"
"AS150",NA,NA,NA,NA,NA,NA,"PDA",NA,"AS","Innovator","Rhizosphere soil"
"AS151",NA,NA,NA,NA,NA,NA,"PDA",NA,"AS","Innovator","Rhizosphere soil"
"AS152",NA,NA,NA,NA,NA,NA,"PDA",NA,"AS","Innovator","Rhizosphere soil"
"AS153",NA,NA,NA,NA,NA,NA,"PDA",NA,"AS","Innovator","Rhizosphere soil"
"AS154",NA,NA,NA,NA,NA,NA,"PDA",NA,"AS","Innovator","Rhizosphere soil"
"AS155",NA,NA,NA,NA,NA,NA,"PDA",NA,"AS","Innovator","Rhizosphere soil"
"AS156","Sphingobacterium multivorum","Bacteroidota","Bacteroidia","Sphingobacteriales","Sphingobacteriaceae","Sphingobacterium","PDA",NA,"AS","Innovator","Rhizosphere soil"
"AS157",NA,NA,NA,NA,NA,NA,"PDA",NA,"AS","Innovator","Rhizosphere soil"
"AS158",NA,NA,NA,NA,NA,NA,"PDA",NA,"AS","Innovator","Rhizosphere soil"
"AS159",NA,NA,NA,NA,NA,NA,"PDA",NA,"AS","Innovator","Rhizosphere soil"
"AS160",NA,NA,NA,NA,NA,NA,"PDA",NA,"AS","Innovator","Rhizosphere soil"
"AS161",NA,NA,NA,NA,NA,NA,"PDA",NA,"AS","Innovator","Rhizosphere soil"
"AS162",NA,NA,NA,NA,NA,NA,"PDA",NA,"AS","Innovator","Rhizosphere soil"
"AS163",NA,NA,NA,NA,NA,NA,"PDA",NA,"AS","Innovator","Rhizosphere soil"
"AS164",NA,NA,NA,NA,NA,NA,"PDA",NA,"AS","Innovator","Rhizosphere soil"
"AS165",NA,NA,NA,NA,NA,NA,"PDA",NA,"AS","Innovator","Rhizosphere soil"
"AS166",NA,NA,NA,NA,NA,NA,"PDA",NA,"AS","Innovator","Rhizosphere soil"
"AS167",NA,NA,NA,NA,NA,NA,"PDA",NA,"AS","Innovator","Rhizosphere soil"
"AS168",NA,NA,NA,NA,NA,NA,"ARE","Ab","AS","Innovator","Rhizosphere soil"
"AS169",NA,NA,NA,NA,NA,NA,"ARE","Ab","AS","Innovator","Rhizosphere soil"
"AS170",NA,NA,NA,NA,NA,NA,"ARE","Ab","AS","Innovator","Rhizosphere soil"
"AS171",NA,NA,NA,NA,NA,NA,"ARE","Ab","AS","Innovator","Rhizosphere soil"
"AS172",NA,NA,NA,NA,NA,NA,"ARE","Ab","AS","Innovator","Rhizosphere soil"
"AS173",NA,NA,NA,NA,NA,NA,"ARE","Ab","AS","Innovator","Rhizosphere soil"
"AS174",NA,NA,NA,NA,NA,NA,"ARE","Ab","AS","Innovator","Rhizosphere soil"
"AS174bis",NA,NA,NA,NA,NA,NA,"ARE","Ab","AS","Innovator","Rhizosphere soil"
"AS175","Pedobacter sp.","Bacteroidota","Bacteroidia","Sphingobacteriales","Sphingobacteriaceae","Pedobacter","ARE","Ab","AS","Innovator","Rhizosphere soil"
"AS175b","Pedoacter sp.","Bacteroidota","Bacteroidia","Sphingobacteriales","Sphingobacteriaceae","Pedobacter","ARE","Ab","AS","Innovator","Rhizosphere soil"
"AS176","Pseudomonas helmanticensis","Proteobacteria","Gammaproteobacteria","Pseudomonadales","Pseudomonadaceae","Pseudomonas","ARE","Ab","AS","Innovator","Rhizosphere soil"
"AS177",NA,NA,NA,NA,NA,NA,"ARE","Ab","AS","Innovator","Rhizosphere soil"
"AS178","Phyllobacterium myrsinacearum","Proteobacteria","Alphaproteobacteria","Rhizobiales","Rhizobiaceae","Phyllobacterium","ARE","Ab","AS","Innovator","Rhizosphere soil"
"AS179","Pedobacter sp.","Bacteroidota","Bacteroidia","Sphingobacteriales","Sphingobacteriaceae","Pedobacter","ARE","Ab","AS","Innovator","Rhizosphere soil"
"AS180","Vavivorax sp.","Proteobacteria","Gammaproteobacteria","Burkholderiales","Comamonadaceae","Variovorax","ARE","Ab","AS","Innovator","Rhizosphere soil"
"AS181","Vavivorax sp.","Proteobacteria","Gammaproteobacteria","Burkholderiales","Comamonadaceae","Variovorax","ARE","Ab","AS","Innovator","Rhizosphere soil"
"AS182","Vavivorax sp.","Proteobacteria","Gammaproteobacteria","Burkholderiales","Comamonadaceae","Variovorax","ARE","Ab","AS","Innovator","Rhizosphere soil"
"AS183",NA,NA,NA,NA,NA,NA,"ARE","Ab","AS","Innovator","Rhizosphere soil"
"AS184",NA,NA,NA,NA,NA,NA,"ARE","Ab","AS","Innovator","Rhizosphere soil"
"BL001",NA,NA,NA,NA,NA,NA,"PDA",NA,"BL","Bintje","Leaf"
"BL002",NA,NA,NA,NA,NA,NA,"PDA",NA,"BL","Bintje","Leaf"
"BL003",NA,NA,NA,NA,NA,NA,"PDA",NA,"BL","Bintje","Leaf"
"BL004",NA,NA,NA,NA,NA,NA,"PDA",NA,"BL","Bintje","Leaf"
"BL005",NA,NA,NA,NA,NA,NA,"PDA",NA,"BL","Bintje","Leaf"
"BL006",NA,NA,NA,NA,NA,NA,"PDA",NA,"BL","Bintje","Leaf"
"BL007",NA,NA,NA,NA,NA,NA,"PDA",NA,"BL","Bintje","Leaf"
"BL008",NA,NA,NA,NA,NA,NA,"PDA",NA,"BL","Bintje","Leaf"
"BL009",NA,NA,NA,NA,NA,NA,"PDA",NA,"BL","Bintje","Leaf"
"BL010",NA,NA,NA,NA,NA,NA,"PDA",NA,"BL","Bintje","Leaf"
"BL011",NA,NA,NA,NA,NA,NA,"PDA",NA,"BL","Bintje","Leaf"
"BL012",NA,NA,NA,NA,NA,NA,"PDA",NA,"BL","Bintje","Leaf"
"BL013",NA,NA,NA,NA,NA,NA,"PDA",NA,"BL","Bintje","Leaf"
"BL014",NA,NA,NA,NA,NA,NA,"PDA",NA,"BL","Bintje","Leaf"
"BL015",NA,NA,NA,NA,NA,NA,"PDA",NA,"BL","Bintje","Leaf"
"BL016",NA,NA,NA,NA,NA,NA,"PDA",NA,"BL","Bintje","Leaf"
"BL017",NA,NA,NA,NA,NA,NA,"PDA",NA,"BL","Bintje","Leaf"
"BL018",NA,NA,NA,NA,NA,NA,"PDA",NA,"BL","Bintje","Leaf"
"BL019",NA,NA,NA,NA,NA,NA,"ARE","Ab","BL","Bintje","Leaf"
"BL020",NA,NA,NA,NA,NA,NA,"ARE","Ab","BL","Bintje","Leaf"
"BL021",NA,NA,NA,NA,NA,NA,"ARE","Ab","BL","Bintje","Leaf"
"BL022",NA,NA,NA,NA,NA,NA,"ARE","Ab","BL","Bintje","Leaf"
"BL023",NA,NA,NA,NA,NA,NA,"ARE","Ab","BL","Bintje","Leaf"
"BL024",NA,NA,NA,NA,NA,NA,"ARE","Ab","BL","Bintje","Leaf"
"BL025",NA,NA,NA,NA,NA,NA,"ARE","Ab","BL","Bintje","Leaf"
"BL026",NA,NA,NA,NA,NA,NA,"ARE","Ab","BL","Bintje","Leaf"
"BL027",NA,NA,NA,NA,NA,NA,"ARE","Ab","BL","Bintje","Leaf"
"BL028",NA,NA,NA,NA,NA,NA,"ARE","Ab","BL","Bintje","Leaf"
"BL029",NA,NA,NA,NA,NA,NA,"ARE","Ab","BL","Bintje","Leaf"
"BL030",NA,NA,NA,NA,NA,NA,"ARE","Ab","BL","Bintje","Leaf"
"BL031",NA,NA,NA,NA,NA,NA,"ARE","Ab","BL","Bintje","Leaf"
"BL032",NA,NA,NA,NA,NA,NA,"ARE","Ab","BL","Bintje","Leaf"
"BL033",NA,NA,NA,NA,NA,NA,"ARE","Ab","BL","Bintje","Leaf"
"BL034",NA,NA,NA,NA,NA,NA,"ARE","Ab","BL","Bintje","Leaf"
"BL035",NA,NA,NA,NA,NA,NA,"ARE","Ab","BL","Bintje","Leaf"
"BL036",NA,NA,NA,NA,NA,NA,"ARE","Ab","BL","Bintje","Leaf"
"BL037","Caulobacter segnis","Proteobacteria","Alphaproteobacteria","Caulobacterales","Caulobacteraceae","Caulobacter","ActIA",NA,"BL","Bintje","Leaf"
"BL038","Streptomyces fulvissimus strain NA06532","Actinobacteriota","Actinobacteria","Streptomycetales","Streptomycetaceae","Streptomyces","ActIA",NA,"BL","Bintje","Leaf"
"BL039","Curtobacterium flaccumfaciens","Actinobacteriota","Actinobacteria","Micrococcales","Microbacteriaceae","Curtobacterium","ActIA",NA,"BL","Bintje","Leaf"
"BL040a","Streptomyces thermocarboxydus","Actinobacteriota","Actinobacteria","Streptomycetales","Streptomycetaceae","Streptomyces","ActIA",NA,"BL","Bintje","Leaf"
"BL040b","Streptomyces thermocarboxydus","Actinobacteriota","Actinobacteria","Streptomycetales","Streptomycetaceae","Streptomyces","ActIA",NA,"BL","Bintje","Leaf"
"BL041",NA,NA,NA,NA,NA,NA,"ActIA",NA,"BL","Bintje","Leaf"
"BL042",NA,NA,NA,NA,NA,NA,"ActIA",NA,"BL","Bintje","Leaf"
"BL043","Caulobacter segnis","Proteobacteria","Alphaproteobacteria","Caulobacterales","Caulobacteraceae","Caulobacter","ActIA",NA,"BL","Bintje","Leaf"
"BL044","Caulobacter segnis","Proteobacteria","Alphaproteobacteria","Caulobacterales","Caulobacteraceae","Caulobacter","ActIA",NA,"BL","Bintje","Leaf"
"BL045","Rhizobium nepotum 39/7","Proteobacteria","Alphaproteobacteria","Rhizobiales","Rhizobiaceae","Allorhizobium-Neorhizobium-Pararhizobium-Rhizobium","ActIA",NA,"BL","Bintje","Leaf"
"BL046","Bacillus cereus","Firmicutes","Bacilli","Bacillales","Bacillaceae","Bacillus","ActIA",NA,"BL","Bintje","Leaf"
"BL047a","Nocardioides albus","Actinobacteriota","Actinobacteria","Propionibacteriales","Nocardioidaceae","Nocardioides","ActIA",NA,"BL","Bintje","Leaf"
"BL047b","Micromonospora sp.","Actinobacteriota","Actinobacteria","Micromonosporales","Micromonosporaceae","Micromonospora","ActIA",NA,"BL","Bintje","Leaf"
"BL047c","Micromonospora sp.","Actinobacteriota","Actinobacteria","Micromonosporales","Micromonosporaceae","Micromonospora","ActIA",NA,"BL","Bintje","Leaf"
"BL048","Paenibacillus barengoltzii","Firmicutes","Bacilli","Paenibacillales","Paenibacillaceae","Paenibacillus","ActIA",NA,"BL","Bintje","Leaf"
"BL049","[Brevibacterium] frigoritolerans","Firmicutes","Bacilli","Bacillales","Bacillaceae","Bacillus","TSA",NA,"BL","Bintje","Leaf"
"BL050","Rhodococcus kroppenstedtii","Actinobacteriota","Actinobacteria","Corynebacteriales","Nocardiaceae","Rhodococcus","TSA",NA,"BL","Bintje","Leaf"
"BL051","Staphylococcus saprophyticus","Firmicutes","Bacilli","Staphylococcales","Staphylococcaceae","Staphylococcus","TSA",NA,"BL","Bintje","Leaf"
"BL052","Bacillus cereus","Firmicutes","Bacilli","Bacillales","Bacillaceae","Bacillus","TSA",NA,"BL","Bintje","Leaf"
"BL053","Clavibacter michiganensis subsp. insidiosus","Actinobacteriota","Actinobacteria","Micrococcales","Microbacteriaceae","Clavibacter","TSA",NA,"BL","Bintje","Leaf"
"BL054","Curtobacterium flaccumfaciens","Actinobacteriota","Actinobacteria","Micrococcales","Microbacteriaceae","Curtobacterium","TSA",NA,"BL","Bintje","Leaf"
"BL055",NA,NA,NA,NA,NA,NA,"TSA",NA,"BL","Bintje","Leaf"
"BL056","Plantibacter flavus","Actinobacteriota","Actinobacteria","Micrococcales","Microbacteriaceae","Plantibacter","TSA",NA,"BL","Bintje","Leaf"
"BL057","Bacillus haynesii","Firmicutes","Bacilli","Bacillales","Bacillaceae","Bacillus","TSA",NA,"BL","Bintje","Leaf"
"BL058",NA,"Actinobacteriota","Actinobacteria","Streptomycetales","Streptomycetaceae","Streptomyces","TSA",NA,"BL","Bintje","Leaf"
"BL059",NA,NA,NA,NA,NA,NA,"TSA",NA,"BL","Bintje","Leaf"
"BL060",NA,NA,NA,NA,NA,NA,"TSA",NA,"BL","Bintje","Leaf"
"BL061",NA,NA,NA,NA,NA,NA,"TSA",NA,"BL","Bintje","Leaf"
"BL062",NA,NA,NA,NA,NA,NA,"TSA",NA,"BL","Bintje","Leaf"
"BL063",NA,NA,NA,NA,NA,NA,"TSA",NA,"BL","Bintje","Leaf"
"BL064",NA,NA,NA,NA,NA,NA,"TSA",NA,"BL","Bintje","Leaf"
"BL065",NA,NA,NA,NA,NA,NA,"TSA",NA,"BL","Bintje","Leaf"
"BL066","Rhodococcus fascians","Actinobacteriota","Actinobacteria","Corynebacteriales","Nocardiaceae","Rhodococcus","TSA",NA,"BL","Bintje","Leaf"
"BL067","Rhizobium radiobacter","Proteobacteria","Alphaproteobacteria","Rhizobiales","Rhizobiaceae","Allorhizobium-Neorhizobium-Pararhizobium-Rhizobium","TSA",NA,"BL","Bintje","Leaf"
"BL068",NA,NA,NA,NA,NA,NA,"TSA",NA,"BL","Bintje","Leaf"
"BL069","Frigoribacterium faeni","Actinobacteriota","Actinobacteria","Micrococcales","Microbacteriaceae","Frigoribacterium","TSA",NA,"BL","Bintje","Leaf"
"BL070",NA,NA,NA,NA,NA,NA,"TSA",NA,"BL","Bintje","Leaf"
"BL071","Rhizobium radiobacter","Proteobacteria","Alphaproteobacteria","Rhizobiales","Rhizobiaceae","Allorhizobium-Neorhizobium-Pararhizobium-Rhizobium","ARE","Nys","BL","Bintje","Leaf"
"BL072","Clavibacter michiganensis subsp. insidiosus","Actinobacteriota","Actinobacteria","Micrococcales","Microbacteriaceae","Clavibacter","ARE","Nys","BL","Bintje","Leaf"
"BL073","See Seq14","Actinobacteriota","Actinobacteria","Micrococcales","Microbacteriaceae","Frigoribacterium","ARE","Nys","BL","Bintje","Leaf"
"BL074","Bacillus subtilis","Firmicutes","Bacilli","Bacillales","Bacillaceae","Bacillus","ARE","Nys","BL","Bintje","Leaf"
"BL075","Methylobacterium marchantiae","Proteobacteria","Alphaproteobacteria","Rhizobiales","Beijerinckiaceae","Methylobacterium-Methylorubrum","ARE","Nys","BL","Bintje","Leaf"
"BL076","Rhodococcus corynebacterioides","Actinobacteriota","Actinobacteria","Corynebacteriales","Nocardiaceae","Rhodococcus","ARE","Nys","BL","Bintje","Leaf"
"BL077","Acinetobacter parvus","Proteobacteria","Gammaproteobacteria","Pseudomonadales","Moraxellaceae","Acinetobacter","ARE","Nys","BL","Bintje","Leaf"
"BL078",NA,NA,NA,NA,NA,NA,"ARE","Nys","BL","Bintje","Leaf"
"BL079","See Seq14","Actinobacteriota","Actinobacteria","Micrococcales","Microbacteriaceae","Frigoribacterium","ARE","Nys","BL","Bintje","Leaf"
"BL080","Bacillus cereus","Firmicutes","Bacilli","Bacillales","Bacillaceae","Bacillus","ARE","Nys","BL","Bintje","Leaf"
"BL081",NA,NA,NA,NA,NA,NA,"ARE","Nys","BL","Bintje","Leaf"
"BL082",NA,NA,NA,NA,NA,NA,"ARE","Nys","BL","Bintje","Leaf"
"BL083",NA,NA,NA,NA,NA,NA,"ARE","Nys","BL","Bintje","Leaf"
"BL084","Curtobacterium flaccumfaciens","Actinobacteriota","Actinobacteria","Micrococcales","Microbacteriaceae","Curtobacterium","ARE","Nys","BL","Bintje","Leaf"
"BL085",NA,NA,NA,NA,NA,NA,"ARE","Nys","BL","Bintje","Leaf"
"BL086","Bacillus aerius","Firmicutes","Bacilli","Bacillales","Bacillaceae","Bacillus","ARE","Nys","BL","Bintje","Leaf"
"BL087","Streptomyces argenteolus","Actinobacteriota","Actinobacteria","Streptomycetales","Streptomycetaceae","Streptomyces","ARE","Nys","BL","Bintje","Leaf"
"BL087b",NA,NA,NA,NA,NA,NA,"ARE","Nys","BL","Bintje","Leaf"
"BL088","Curtobacterium oceanosedimentum","Actinobacteriota","Actinobacteria","Micrococcales","Microbacteriaceae","Curtobacterium","ARE","Nys","BL","Bintje","Leaf"
"BL089","Sphingomonas phyllosphaerae","Proteobacteria","Alphaproteobacteria","Sphingomonadales","Sphingomonadaceae","Sphingomonas","ARE","Nys","BL","Bintje","Leaf"
"BL090","Curtobacterium flaccumfaciens","Actinobacteriota","Actinobacteria","Micrococcales","Microbacteriaceae","Curtobacterium","ARE","Nys","BL","Bintje","Leaf"
"BL091","Streptomyces griseoaurantiacus strain B1","Actinobacteriota","Actinobacteria","Streptomycetales","Streptomycetaceae","Streptomyces","ARE","Nys","BL","Bintje","Leaf"
"BL092",NA,NA,NA,NA,NA,NA,"ARE","Nys","BL","Bintje","Leaf"
"BL093",NA,NA,NA,NA,NA,NA,"ARE","Nys","BL","Bintje","Leaf"
"BL094","Curtobacterium flaccumfaciens","Actinobacteriota","Actinobacteria","Micrococcales","Microbacteriaceae","Curtobacterium","ARE","Nys","BL","Bintje","Leaf"
"BL095","See Seq14","Actinobacteriota","Actinobacteria","Micrococcales","Microbacteriaceae","Frigoribacterium","ARE","Nys","BL","Bintje","Leaf"
"BL096","Bacillus subtilis","Firmicutes","Bacilli","Bacillales","Bacillaceae","Bacillus","ARE","Nys","BL","Bintje","Leaf"
"BL097","See Seq14","Actinobacteriota","Actinobacteria","Micrococcales","Microbacteriaceae","Frigoribacterium","ARE","Nys","BL","Bintje","Leaf"
"BL098","See Seq14","Actinobacteriota","Actinobacteria","Micrococcales","Microbacteriaceae","Rathayibacter","ARE","Nys","BL","Bintje","Leaf"
"BL099",NA,NA,NA,NA,NA,NA,"ARE","Nys","BL","Bintje","Leaf"
"BR001",NA,NA,NA,NA,NA,NA,"PDA",NA,"BR","Bintje","Root"
"BR002",NA,NA,NA,NA,NA,NA,"PDA",NA,"BR","Bintje","Root"
"BR003",NA,NA,NA,NA,NA,NA,"PDA",NA,"BR","Bintje","Root"
"BR004",NA,NA,NA,NA,NA,NA,"PDA",NA,"BR","Bintje","Root"
"BR005",NA,NA,NA,NA,NA,NA,"PDA",NA,"BR","Bintje","Root"
"BR006",NA,NA,NA,NA,NA,NA,"PDA",NA,"BR","Bintje","Root"
"BR007",NA,NA,NA,NA,NA,NA,"PDA",NA,"BR","Bintje","Root"
"BR008",NA,NA,NA,NA,NA,NA,"PDA",NA,"BR","Bintje","Root"
"BR009",NA,NA,NA,NA,NA,NA,"PDA",NA,"BR","Bintje","Root"
"BR010","Acidovorax facilis","Proteobacteria","Gammaproteobacteria","Burkholderiales","Comamonadaceae","Acidovorax","PDA",NA,"BR","Bintje","Root"
"BR011",NA,NA,NA,NA,NA,NA,"PDA",NA,"BR","Bintje","Root"
"BR012","Ochrobactrum anthropi","Proteobacteria","Alphaproteobacteria","Rhizobiales","Rhizobiaceae","Ochrobactrum","PDA",NA,"BR","Bintje","Root"
"BR013","Acidovorax soli","Proteobacteria","Gammaproteobacteria","Burkholderiales","Comamonadaceae","Acidovorax","PDA",NA,"BR","Bintje","Root"
"BR014a","Bacillus inaquosorum","Firmicutes","Bacilli","Bacillales","Bacillaceae","Bacillus","PDA",NA,"BR","Bintje","Root"
"BR014b",NA,NA,NA,NA,NA,NA,"PDA",NA,"BR","Bintje","Root"
"BR015","Phyllobacterium myrsinacearum","Proteobacteria","Alphaproteobacteria","Rhizobiales","Rhizobiaceae","Phyllobacterium","PDA",NA,"BR","Bintje","Root"
"BR016",NA,NA,NA,NA,NA,NA,"PDA",NA,"BR","Bintje","Root"
"BR017",NA,NA,NA,NA,NA,NA,"PDA",NA,"BR","Bintje","Root"
"BR018",NA,NA,NA,NA,NA,NA,"PDA",NA,"BR","Bintje","Root"
"BR019",NA,NA,NA,NA,NA,NA,"PDA",NA,"BR","Bintje","Root"
"BR020",NA,NA,NA,NA,NA,NA,"PDA",NA,"BR","Bintje","Root"
"BR021","Variovorax paradoxus NBRC 15149","Proteobacteria","Gammaproteobacteria","Burkholderiales","Comamonadaceae",NA,"PDA",NA,"BR","Bintje","Root"
"BR022",NA,NA,NA,NA,NA,NA,"PDA",NA,"BR","Bintje","Root"
"BR023","Variovorax paradoxus","Proteobacteria","Gammaproteobacteria","Burkholderiales","Comamonadaceae","Variovorax","PDA",NA,"BR","Bintje","Root"
"BR024",NA,NA,NA,NA,NA,NA,"PDA",NA,"BR","Bintje","Root"
"BR025",NA,NA,NA,NA,NA,NA,"PDA",NA,"BR","Bintje","Root"
"BR026",NA,NA,NA,NA,NA,NA,"PDA",NA,"BR","Bintje","Root"
"BR027",NA,NA,NA,NA,NA,NA,"ARE","Ab","BR","Bintje","Root"
"BR028","See Seq16","Bacteroidota","Bacteroidia","Sphingobacteriales","Sphingobacteriaceae","Pedobacter","ARE","Ab","BR","Bintje","Root"
"BR029",NA,NA,NA,NA,NA,NA,"ARE","Ab","BR","Bintje","Root"
"BR030",NA,NA,NA,NA,NA,NA,"ARE","Ab","BR","Bintje","Root"
"BR031",NA,NA,NA,NA,NA,NA,"ARE","Ab","BR","Bintje","Root"
"BR032",NA,NA,NA,NA,NA,NA,"ARE","Ab","BR","Bintje","Root"
"BR033",NA,"Actinobacteriota","Actinobacteria","Streptomycetales","Streptomycetaceae","Streptomyces","ARE","Ab","BR","Bintje","Root"
"BR034","Variovorax boronicumulans NBRC 103145","Proteobacteria","Gammaproteobacteria","Burkholderiales","Comamonadaceae","Variovorax","ARE","Ab","BR","Bintje","Root"
"BR035",NA,NA,NA,NA,NA,NA,"ARE","Ab","BR","Bintje","Root"
"BR036","Variovorax paradoxus","Proteobacteria","Gammaproteobacteria","Burkholderiales","Comamonadaceae","Variovorax","ARE","Ab","BR","Bintje","Root"
"BR037",NA,NA,NA,NA,NA,NA,"ARE","Ab","BR","Bintje","Root"
"BR038","Pedobacter sp.","Bacteroidota","Bacteroidia","Sphingobacteriales","Sphingobacteriaceae","Pedobacter","ARE","Ab","BR","Bintje","Root"
"BR039","Sphingomonas phyllosphaerae","Proteobacteria","Alphaproteobacteria","Sphingomonadales","Sphingomonadaceae","Sphingomonas","ARE","Ab","BR","Bintje","Root"
"BR040",NA,NA,NA,NA,NA,NA,"ARE","Ab","BR","Bintje","Root"
"BR041",NA,NA,NA,NA,NA,NA,"ARE","Ab","BR","Bintje","Root"
"BR042",NA,NA,NA,NA,NA,NA,"ARE","Ab","BR","Bintje","Root"
"BR043",NA,NA,NA,NA,NA,NA,"ARE","Ab","BR","Bintje","Root"
"BR044","Streptomyces globosus strain QT194-9","Actinobacteriota","Actinobacteria","Streptomycetales","Streptomycetaceae","Streptomyces","ActIA",NA,"BR","Bintje","Root"
"BR045","Streptomyces fulvissimus strain NA06532","Actinobacteriota","Actinobacteria","Streptomycetales","Streptomycetaceae","Streptomyces","ActIA",NA,"BR","Bintje","Root"
"BR046","Ochrobactrum pecoris","Proteobacteria","Alphaproteobacteria","Rhizobiales","Rhizobiaceae","Ochrobactrum","ActIA",NA,"BR","Bintje","Root"
"BR047","Pedobacter sp.","Bacteroidota","Bacteroidia","Sphingobacteriales","Sphingobacteriaceae","Pedobacter","ActIA",NA,"BR","Bintje","Root"
"BR048","Streptomyces argenteolus","Actinobacteriota","Actinobacteria","Streptomycetales","Streptomycetaceae","Streptomyces","ActIA",NA,"BR","Bintje","Root"
"BR049","Diaphorobacter polyhydroxybutyrativorans","Proteobacteria","Gammaproteobacteria","Burkholderiales","Comamonadaceae","Diaphorobacter","ActIA",NA,"BR","Bintje","Root"
"BR050","Diaphorobacter polyhydroxybutyrativorans","Proteobacteria","Gammaproteobacteria","Burkholderiales","Comamonadaceae","Diaphorobacter","ActIA",NA,"BR","Bintje","Root"
"BR051","Streptomyces sp.","Actinobacteriota","Actinobacteria","Streptomycetales","Streptomycetaceae","Streptomyces","ActIA",NA,"BR","Bintje","Root"
"BR052","Ochrobactrum anthropi","Proteobacteria","Alphaproteobacteria","Rhizobiales","Rhizobiaceae","Ochrobactrum","ActIA",NA,"BR","Bintje","Root"
"BR053",NA,NA,NA,NA,NA,NA,"ActIA",NA,"BR","Bintje","Root"
"BR054","Bacillus niacini","Firmicutes","Bacilli","Bacillales","Bacillaceae","Bacillus","ActIA",NA,"BR","Bintje","Root"
"BR055","See Seq14","Actinobacteriota","Actinobacteria","Micrococcales","Microbacteriaceae","Microbacterium","ActIA",NA,"BR","Bintje","Root"
"BR056","Paenibacillus barengoltzii","Firmicutes","Bacilli","Paenibacillales","Paenibacillaceae","Paenibacillus","ActIA",NA,"BR","Bintje","Root"
"BR057","seq 19","Actinobacteriota","Actinobacteria","Streptomycetales","Streptomycetaceae","Streptomyces","ActIA",NA,"BR","Bintje","Root"
"BR058","Pseudomonas brassicacearum","Proteobacteria","Gammaproteobacteria","Pseudomonadales","Pseudomonadaceae","Pseudomonas","ActIA",NA,"BR","Bintje","Root"
"BR059","Bacillus niacini","Firmicutes","Bacilli","Bacillales","Bacillaceae","Bacillus","ActIA",NA,"BR","Bintje","Root"
"BR060","Streptomyces thermocarboxydus strain EGI124","Actinobacteriota","Actinobacteria","Streptomycetales","Streptomycetaceae","Streptomyces","ActIA",NA,"BR","Bintje","Root"
"BR061","Streptomyces globosus strain QT194-9","Actinobacteriota","Actinobacteria","Streptomycetales","Streptomycetaceae","Streptomyces","ActIA",NA,"BR","Bintje","Root"
"BR062",NA,NA,NA,NA,NA,NA,"ActIA",NA,"BR","Bintje","Root"
"BR063","Streptomyces finlayi strain 5C-2","Actinobacteriota","Actinobacteria","Streptomycetales","Streptomycetaceae","Streptomyces","ActIA",NA,"BR","Bintje","Root"
"BR064","Microbacterium sp.","Actinobacteriota","Actinobacteria","Micrococcales","Microbacteriaceae","Microbacterium","ActIA",NA,"BR","Bintje","Root"
"BR065","Streptomyces cellulosae SL2-2-R-9","Actinobacteriota","Actinobacteria","Streptomycetales","Streptomycetaceae","Streptomyces","ActIA",NA,"BR","Bintje","Root"
"BR066","Bacillus subtilis","Firmicutes","Bacilli","Bacillales","Bacillaceae","Bacillus","ActIA",NA,"BR","Bintje","Root"
"BR067","See Seq14","Actinobacteriota","Actinobacteria","Micrococcales","Microbacteriaceae","Microbacterium","ActIA",NA,"BR","Bintje","Root"
"BR068","Streptomyces fulvissimus strain NA06532","Actinobacteriota","Actinobacteria","Streptomycetales","Streptomycetaceae","Streptomyces","ActIA",NA,"BR","Bintje","Root"
"BR069",NA,NA,NA,NA,NA,NA,"ActIA",NA,"BR","Bintje","Root"
"BR070","Streptomyces microflavus","Actinobacteriota","Actinobacteria","Streptomycetales","Streptomycetaceae","Streptomyces","ActIA",NA,"BR","Bintje","Root"
"BR071","See Seq14","Firmicutes","Bacilli","Bacillales","Planococcaceae","Psychrobacillus","ActIA",NA,"BR","Bintje","Root"
"BR072",NA,NA,NA,NA,NA,NA,"ActIA",NA,"BR","Bintje","Root"
"BR073","Microbacterium sp.","Actinobacteriota","Actinobacteria","Micrococcales","Microbacteriaceae","Microbacterium","ActIA",NA,"BR","Bintje","Root"
"BR074","Streptomyces sp.","Actinobacteriota","Actinobacteria","Streptomycetales","Streptomycetaceae","Streptomyces","ActIA",NA,"BR","Bintje","Root"
"BR075","Pseudomonas brassicacearum","Proteobacteria","Gammaproteobacteria","Pseudomonadales","Pseudomonadaceae","Pseudomonas","ActIA",NA,"BR","Bintje","Root"
"BR076","Microbacterium sp.","Actinobacteriota","Actinobacteria","Micrococcales","Microbacteriaceae","Microbacterium","ActIA",NA,"BR","Bintje","Root"
"BR077","Stenotrophomonas maltophilia","Proteobacteria","Gammaproteobacteria","Xanthomonadales","Xanthomonadaceae","Stenotrophomonas","ActIA",NA,"BR","Bintje","Root"
"BR078","Pseudomonas brassicacearum","Proteobacteria","Gammaproteobacteria","Pseudomonadales","Pseudomonadaceae","Pseudomonas","ActIA",NA,"BR","Bintje","Root"
"BR079","Streptomyces atroolivaceus strain Nt1-5","Actinobacteriota","Actinobacteria","Streptomycetales","Streptomycetaceae","Streptomyces","ActIA",NA,"BR","Bintje","Root"
"BR080","Microbacterium keratanolyticum","Actinobacteriota","Actinobacteria","Micrococcales","Microbacteriaceae","Microbacterium","ActIA",NA,"BR","Bintje","Root"
"BR081","Nocardioides luteus","Actinobacteriota","Actinobacteria","Propionibacteriales","Nocardioidaceae","Nocardioides","ActIA",NA,"BR","Bintje","Root"
"BR082","Bacillus sonorensis","Firmicutes","Bacilli","Bacillales","Bacillaceae","Bacillus","ActIA",NA,"BR","Bintje","Root"
"BR083","Bacillus niacini","Firmicutes","Bacilli","Bacillales","Bacillaceae","Bacillus","ActIA",NA,"BR","Bintje","Root"
"BR084",NA,"Actinobacteriota","Actinobacteria","Streptomycetales","Streptomycetaceae","Streptomyces","ActIA",NA,"BR","Bintje","Root"
"BR084a",NA,"Actinobacteriota","Actinobacteria","Streptomycetales","Streptomycetaceae","Streptomyces","ActIA",NA,"BR","Bintje","Root"
"BR084b",NA,"Actinobacteriota","Actinobacteria","Streptomycetales","Streptomycetaceae","Streptomyces","ActIA",NA,"BR","Bintje","Root"
"BR085","Streptomyces sp.","Actinobacteriota","Actinobacteria","Streptomycetales","Streptomycetaceae","Streptomyces","ActIA",NA,"BR","Bintje","Root"
"BR086","Microbacterium sp.","Actinobacteriota","Actinobacteria","Micrococcales","Microbacteriaceae","Microbacterium","ActIA",NA,"BR","Bintje","Root"
"BR087","Pseudomonas brassicacearum","Proteobacteria","Gammaproteobacteria","Pseudomonadales","Pseudomonadaceae","Pseudomonas","ActIA",NA,"BR","Bintje","Root"
"BR088","Bacillus thuringiensis","Firmicutes","Bacilli","Bacillales","Bacillaceae","Bacillus","ActIA",NA,"BR","Bintje","Root"
"BR089","Microbacterium sp.","Actinobacteriota","Actinobacteria","Micrococcales","Microbacteriaceae","Microbacterium","TSA",NA,"BR","Bintje","Root"
"BR090",NA,NA,NA,NA,NA,NA,"TSA",NA,"BR","Bintje","Root"
"BR091",NA,NA,NA,NA,NA,NA,"TSA",NA,"BR","Bintje","Root"
"BR092a","Streptomyces thermocarboxydus","Actinobacteriota","Actinobacteria","Streptomycetales","Streptomycetaceae","Streptomyces","TSA",NA,"BR","Bintje","Root"
"BR092b","Streptomyces thermocarboxydus","Actinobacteriota","Actinobacteria","Streptomycetales","Streptomycetaceae","Streptomyces","TSA",NA,"BR","Bintje","Root"
"BR093","Pseudomonas brassicacearum","Proteobacteria","Gammaproteobacteria","Pseudomonadales","Pseudomonadaceae","Pseudomonas","TSA",NA,"BR","Bintje","Root"
"BR094","Pusillimonas noertemannii","Proteobacteria","Gammaproteobacteria","Burkholderiales","Alcaligenaceae","Pusillimonas","TSA",NA,"BR","Bintje","Root"
"BR095","See Seq16","Actinobacteriota","Actinobacteria","Micrococcales","Microbacteriaceae","Microbacterium","TSA",NA,"BR","Bintje","Root"
"BR096","See Seq14","Actinobacteriota","Actinobacteria","Micrococcales","Microbacteriaceae","Microbacterium","TSA",NA,"BR","Bintje","Root"
"BR097","Streptomyces globisporus","Actinobacteriota","Actinobacteria","Streptomycetales","Streptomycetaceae","Streptomyces","TSA",NA,"BR","Bintje","Root"
"BR098","Bacillus simplex","Firmicutes","Bacilli","Bacillales","Bacillaceae","Bacillus","TSA",NA,"BR","Bintje","Root"
"BR099","Phyllobacterium ifriqiyense","Proteobacteria","Alphaproteobacteria","Rhizobiales","Rhizobiaceae","Phyllobacterium","TSA",NA,"BR","Bintje","Root"
"BR100","See Seq14","Actinobacteriota","Actinobacteria","Micrococcales","Microbacteriaceae","Microbacterium","TSA",NA,"BR","Bintje","Root"
"BR101","Acidovorax facilis","Proteobacteria","Gammaproteobacteria","Burkholderiales","Comamonadaceae","Acidovorax","TSA",NA,"BR","Bintje","Root"
"BR102","Nocardioides daedukensis","Actinobacteriota","Actinobacteria","Propionibacteriales","Nocardioidaceae","Nocardioides","TSA",NA,"BR","Bintje","Root"
"BR103","See Seq14","Actinobacteriota","Actinobacteria","Micrococcales","Microbacteriaceae","Microbacterium","TSA",NA,"BR","Bintje","Root"
"BR104","Streptomyces globisporus","Actinobacteriota","Actinobacteria","Streptomycetales","Streptomycetaceae","Streptomyces","TSA",NA,"BR","Bintje","Root"
"BR105",NA,NA,NA,NA,NA,NA,"TSA",NA,"BR","Bintje","Root"
"BR106","See Seq14","Actinobacteriota","Actinobacteria","Micrococcales","Microbacteriaceae","Microbacterium","TSA",NA,"BR","Bintje","Root"
"BR107","[Brevibacterium] frigoritolerans","Firmicutes","Bacilli","Bacillales","Bacillaceae","Bacillus","TSA",NA,"BR","Bintje","Root"
"BR108",NA,NA,NA,NA,NA,NA,"TSA",NA,"BR","Bintje","Root"
"BR109","Hydrogenophaga intermedia","Proteobacteria","Gammaproteobacteria","Burkholderiales","Comamonadaceae","Hydrogenophaga","TSA",NA,"BR","Bintje","Root"
"BR110",NA,NA,NA,NA,NA,NA,"TSA",NA,"BR","Bintje","Root"
"BR111","Streptomyces globisporus","Actinobacteriota","Actinobacteria","Streptomycetales","Streptomycetaceae","Streptomyces","TSA",NA,"BR","Bintje","Root"
"BR112","Acidovorax sp.","Proteobacteria","Gammaproteobacteria","Burkholderiales","Comamonadaceae","Acidovorax","TSA",NA,"BR","Bintje","Root"
"BR113","Streptomyces globisporus","Actinobacteriota","Actinobacteria","Streptomycetales","Streptomycetaceae","Streptomyces","TSA",NA,"BR","Bintje","Root"
"BR114","Streptomyces thermocarboxydus","Actinobacteriota","Actinobacteria","Streptomycetales","Streptomycetaceae","Streptomyces","TSA",NA,"BR","Bintje","Root"
"BR115",NA,NA,NA,NA,NA,NA,"TSA",NA,"BR","Bintje","Root"
"BR116","See Seq14","Actinobacteriota","Actinobacteria","Micrococcales","Microbacteriaceae","Microbacterium","TSA",NA,"BR","Bintje","Root"
"BR117","Streptomyces globisporus","Actinobacteriota","Actinobacteria","Streptomycetales","Streptomycetaceae","Streptomyces","TSA",NA,"BR","Bintje","Root"
"BR118",NA,NA,NA,NA,NA,NA,"TSA",NA,"BR","Bintje","Root"
"BR119","See Seq16","Actinobacteriota","Actinobacteria","Micrococcales","Microbacteriaceae","Microbacterium","TSA",NA,"BR","Bintje","Root"
"BR120","See Seq14","Actinobacteriota","Actinobacteria","Micrococcales","Microbacteriaceae","Microbacterium","TSA",NA,"BR","Bintje","Root"
"BR121","Agromyces cerinus","Actinobacteriota","Actinobacteria","Micrococcales","Microbacteriaceae","Agromyces","TSA",NA,"BR","Bintje","Root"
"BR122",NA,"Proteobacteria","Gammaproteobacteria","Burkholderiales","Comamonadaceae","Acidovorax","TSA",NA,"BR","Bintje","Root"
"BR123",NA,"Actinobacteriota","Actinobacteria","Streptomycetales","Streptomycetaceae","Streptomyces","TSA",NA,"BR","Bintje","Root"
"BR124",NA,NA,NA,NA,NA,NA,"TSA",NA,"BR","Bintje","Root"
"BR125","See Seq14","Actinobacteriota","Actinobacteria","Micrococcales","Microbacteriaceae","Microbacterium","TSA",NA,"BR","Bintje","Root"
"BR126","Rhizobium radiobacter","Proteobacteria","Alphaproteobacteria","Rhizobiales","Rhizobiaceae","Allorhizobium-Neorhizobium-Pararhizobium-Rhizobium","TSA",NA,"BR","Bintje","Root"
"BR127","Lysinibacillus fusiformis","Firmicutes","Bacilli","Bacillales","Planococcaceae","Lysinibacillus","TSA",NA,"BR","Bintje","Root"
"BR128","Microbacterium sp.","Actinobacteriota","Actinobacteria","Micrococcales","Microbacteriaceae","Microbacterium","TSA",NA,"BR","Bintje","Root"
"BR129","See seq15","Actinobacteriota","Actinobacteria","Micrococcales","Microbacteriaceae","Microbacterium","TSA",NA,"BR","Bintje","Root"
"BR130","Paenisporosarcina sp.","Firmicutes","Bacilli","Bacillales","Planococcaceae","Paenisporosarcina","TSA",NA,"BR","Bintje","Root"
"BR131","Streptomyces sp.","Actinobacteriota","Actinobacteria","Streptomycetales","Streptomycetaceae","Streptomyces","TSA",NA,"BR","Bintje","Root"
"BR132","Streptomyces pratensis strain Kris8","Actinobacteriota","Actinobacteria","Streptomycetales","Streptomycetaceae","Streptomyces","TSA",NA,"BR","Bintje","Root"
"BR133","Acidovorax sp.","Proteobacteria","Gammaproteobacteria","Burkholderiales","Comamonadaceae","Acidovorax","TSA",NA,"BR","Bintje","Root"
"BR134","Bacillus sp.","Firmicutes","Bacilli","Bacillales","Bacillaceae","Bacillus","TSA",NA,"BR","Bintje","Root"
"BR135","Pseudomonas brassicacearum","Proteobacteria","Gammaproteobacteria","Pseudomonadales","Pseudomonadaceae","Pseudomonas","TSA",NA,"BR","Bintje","Root"
"BR136","Bacillus thuringiensis","Firmicutes","Bacilli","Bacillales","Bacillaceae","Bacillus","TSA",NA,"BR","Bintje","Root"
"BR137","Pseudomonas brassicacearum","Proteobacteria","Gammaproteobacteria","Pseudomonadales","Pseudomonadaceae","Pseudomonas","ARE","Nys","BR","Bintje","Root"
"BR138","Pseudomonas fluorescens","Proteobacteria","Gammaproteobacteria","Pseudomonadales","Pseudomonadaceae","Pseudomonas","ARE","Nys","BR","Bintje","Root"
"BR139",NA,NA,NA,NA,NA,NA,"ARE","Nys","BR","Bintje","Root"
"BR140",NA,NA,NA,NA,NA,NA,"ARE","Nys","BR","Bintje","Root"
"BR141",NA,NA,NA,NA,NA,NA,"ARE","Nys","BR","Bintje","Root"
"BR142","Streptomyces pratensis strain WZS030","Actinobacteriota","Actinobacteria","Streptomycetales","Streptomycetaceae","Streptomyces","ARE","Nys","BR","Bintje","Root"
"BR143","Streptomyces fulvissimus strain NA06532","Actinobacteriota","Actinobacteria","Streptomycetales","Streptomycetaceae","Streptomyces","ARE","Nys","BR","Bintje","Root"
"BR144","Pusillimonas noertemannii","Proteobacteria","Gammaproteobacteria","Burkholderiales","Alcaligenaceae","Pusillimonas","ARE","Nys","BR","Bintje","Root"
"BR145","See Seq16","Actinobacteriota","Actinobacteria","Micrococcales","Microbacteriaceae","Microbacterium","ARE","Nys","BR","Bintje","Root"
"BR146",NA,NA,NA,NA,NA,NA,"ARE","Nys","BR","Bintje","Root"
"BR147",NA,NA,NA,NA,NA,NA,"ARE","Nys","BR","Bintje","Root"
"BR148","Pseudomonas brassicacearum subsp. neoaurantiaca","Proteobacteria","Gammaproteobacteria","Pseudomonadales","Pseudomonadaceae","Pseudomonas","ARE","Nys","BR","Bintje","Root"
"BR149","Providencia vermicola","Proteobacteria","Gammaproteobacteria","Enterobacterales","Morganellaceae","Providencia","ARE","Nys","BR","Bintje","Root"
"BR150","Rhizobium radiobacter","Proteobacteria","Alphaproteobacteria","Rhizobiales","Rhizobiaceae","Allorhizobium-Neorhizobium-Pararhizobium-Rhizobium","ARE","Nys","BR","Bintje","Root"
"BR151",NA,NA,NA,NA,NA,NA,"ARE","Nys","BR","Bintje","Root"
"BR152",NA,NA,NA,NA,NA,NA,"ARE","Nys","BR","Bintje","Root"
"BR153","Rhizobium radiobacter","Proteobacteria","Alphaproteobacteria","Rhizobiales","Rhizobiaceae","Allorhizobium-Neorhizobium-Pararhizobium-Rhizobium","ARE","Nys","BR","Bintje","Root"
"BR154","Pseudomonas fluorescens","Proteobacteria","Gammaproteobacteria","Pseudomonadales","Pseudomonadaceae","Pseudomonas","ARE","Nys","BR","Bintje","Root"
"BR155","Microbacterium sp.","Actinobacteriota","Actinobacteria","Micrococcales","Microbacteriaceae","Microbacterium","ARE","Nys","BR","Bintje","Root"
"BR156","Diaphorobacter sp.","Proteobacteria","Gammaproteobacteria","Burkholderiales","Comamonadaceae","Diaphorobacter","ARE","Nys","BR","Bintje","Root"
"BR157","Advenella sp.","Proteobacteria","Gammaproteobacteria","Burkholderiales","Alcaligenaceae","Advenella","ARE","Nys","BR","Bintje","Root"
"BR158","Devosia neptuniae","Proteobacteria","Alphaproteobacteria","Rhizobiales","Devosiaceae","Devosia","ARE","Nys","BR","Bintje","Root"
"BR159","Streptomyces microflavus strain xsd08099","Actinobacteriota","Actinobacteria","Streptomycetales","Streptomycetaceae","Streptomyces","ARE","Nys","BR","Bintje","Root"
"BR160","Stenotrophomonas rhizophila","Proteobacteria","Gammaproteobacteria","Xanthomonadales","Xanthomonadaceae","Stenotrophomonas","ARE","Nys","BR","Bintje","Root"
"BR161","Xenophilus azovorans","Proteobacteria","Gammaproteobacteria","Burkholderiales","Comamonadaceae","Xenophilus","ARE","Nys","BR","Bintje","Root"
"BR162","Nocardia carnea","Actinobacteriota","Actinobacteria","Corynebacteriales","Nocardiaceae","Nocardia","ARE","Nys","BR","Bintje","Root"
"BR163","Streptomyces globisporus","Actinobacteriota","Actinobacteria","Streptomycetales","Streptomycetaceae","Streptomyces","ARE","Nys","BR","Bintje","Root"
"BR164","Streptomyces pratensis strain Kris8","Actinobacteriota","Actinobacteria","Streptomycetales","Streptomycetaceae","Streptomyces","ARE","Nys","BR","Bintje","Root"
"BR165",NA,"Actinobacteriota","Actinobacteria","Streptomycetales","Streptomycetaceae","Streptomyces","ARE","Nys","BR","Bintje","Root"
"BR166",NA,NA,NA,NA,NA,NA,"ARE","Nys","BR","Bintje","Root"
"BS001",NA,NA,NA,NA,NA,NA,"PDA",NA,"BS","Bintje","Rhizosphere soil"
"BS002",NA,NA,NA,NA,NA,NA,"PDA",NA,"BS","Bintje","Rhizosphere soil"
"BS003",NA,NA,NA,NA,NA,NA,"PDA",NA,"BS","Bintje","Rhizosphere soil"
"BS004",NA,NA,NA,NA,NA,NA,"PDA",NA,"BS","Bintje","Rhizosphere soil"
"BS005",NA,NA,NA,NA,NA,NA,"PDA",NA,"BS","Bintje","Rhizosphere soil"
"BS006",NA,NA,NA,NA,NA,NA,"PDA",NA,"BS","Bintje","Rhizosphere soil"
"BS007",NA,NA,NA,NA,NA,NA,"PDA",NA,"BS","Bintje","Rhizosphere soil"
"BS008",NA,NA,NA,NA,NA,NA,"PDA",NA,"BS","Bintje","Rhizosphere soil"
"BS009",NA,NA,NA,NA,NA,NA,"PDA",NA,"BS","Bintje","Rhizosphere soil"
"BS010",NA,NA,NA,NA,NA,NA,"PDA",NA,"BS","Bintje","Rhizosphere soil"
"BS011",NA,NA,NA,NA,NA,NA,"PDA",NA,"BS","Bintje","Rhizosphere soil"
"BS012",NA,NA,NA,NA,NA,NA,"PDA",NA,"BS","Bintje","Rhizosphere soil"
"BS013",NA,NA,NA,NA,NA,NA,"PDA",NA,"BS","Bintje","Rhizosphere soil"
"BS014",NA,NA,NA,NA,NA,NA,"PDA",NA,"BS","Bintje","Rhizosphere soil"
"BS015",NA,NA,NA,NA,NA,NA,"PDA",NA,"BS","Bintje","Rhizosphere soil"
"BS016",NA,NA,NA,NA,NA,NA,"PDA",NA,"BS","Bintje","Rhizosphere soil"
"BS017",NA,NA,NA,NA,NA,NA,"PDA",NA,"BS","Bintje","Rhizosphere soil"
"BS018",NA,NA,NA,NA,NA,NA,"PDA",NA,"BS","Bintje","Rhizosphere soil"
"BS019",NA,NA,NA,NA,NA,NA,"PDA",NA,"BS","Bintje","Rhizosphere soil"
"BS020",NA,NA,NA,NA,NA,NA,"PDA",NA,"BS","Bintje","Rhizosphere soil"
"BS021",NA,NA,NA,NA,NA,NA,"PDA",NA,"BS","Bintje","Rhizosphere soil"
"BS022",NA,NA,NA,NA,NA,NA,"PDA",NA,"BS","Bintje","Rhizosphere soil"
"BS023",NA,NA,NA,NA,NA,NA,"PDA",NA,"BS","Bintje","Rhizosphere soil"
"BS024",NA,NA,NA,NA,NA,NA,"PDA",NA,"BS","Bintje","Rhizosphere soil"
"BS025",NA,NA,NA,NA,NA,NA,"PDA",NA,"BS","Bintje","Rhizosphere soil"
"BS026",NA,NA,NA,NA,NA,NA,"PDA",NA,"BS","Bintje","Rhizosphere soil"
"BS027","Ochrobactrum sp.","Proteobacteria","Alphaproteobacteria","Rhizobiales","Rhizobiaceae","Ochrobactrum","PDA",NA,"BS","Bintje","Rhizosphere soil"
"BS028",NA,NA,NA,NA,NA,NA,"PDA",NA,"BS","Bintje","Rhizosphere soil"
"BS029",NA,NA,NA,NA,NA,NA,"PDA",NA,"BS","Bintje","Rhizosphere soil"
"BS029bis",NA,NA,NA,NA,NA,NA,"PDA",NA,"BS","Bintje","Rhizosphere soil"
"BS030",NA,NA,NA,NA,NA,NA,"PDA",NA,"BS","Bintje","Rhizosphere soil"
"BS031",NA,NA,NA,NA,NA,NA,"PDA",NA,"BS","Bintje","Rhizosphere soil"
"BS032",NA,NA,NA,NA,NA,NA,"PDA",NA,"BS","Bintje","Rhizosphere soil"
"BS033",NA,NA,NA,NA,NA,NA,"PDA",NA,"BS","Bintje","Rhizosphere soil"
"BS034",NA,NA,NA,NA,NA,NA,"PDA",NA,"BS","Bintje","Rhizosphere soil"
"BS035",NA,NA,NA,NA,NA,NA,"PDA",NA,"BS","Bintje","Rhizosphere soil"
"BS036","Sphingobacterium multivorum","Bacteroidota","Bacteroidia","Sphingobacteriales","Sphingobacteriaceae","Sphingobacterium","PDA",NA,"BS","Bintje","Rhizosphere soil"
"BS037","Variovorax sp.","Proteobacteria","Gammaproteobacteria","Burkholderiales","Comamonadaceae","Variovorax","PDA",NA,"BS","Bintje","Rhizosphere soil"
"BS038","Variovorax sp.","Proteobacteria","Gammaproteobacteria","Burkholderiales","Comamonadaceae","Variovorax","PDA",NA,"BS","Bintje","Rhizosphere soil"
"BS039","See Seq16","Actinobacteriota","Actinobacteria","Micrococcales","Microbacteriaceae","Microbacterium","PDA",NA,"BS","Bintje","Rhizosphere soil"
"BS040",NA,NA,NA,NA,NA,NA,"PDA",NA,"BS","Bintje","Rhizosphere soil"
"BS041","Tsukamurella strandjordii","Actinobacteriota","Actinobacteria","Corynebacteriales","Tsukamurellaceae","Tsukamurella","PDA",NA,"BS","Bintje","Rhizosphere soil"
"BS042",NA,NA,NA,NA,NA,NA,"PDA",NA,"BS","Bintje","Rhizosphere soil"
"BS043",NA,NA,NA,NA,NA,NA,"PDA",NA,"BS","Bintje","Rhizosphere soil"
"BS044",NA,NA,NA,NA,NA,NA,"PDA",NA,"BS","Bintje","Rhizosphere soil"
"BS045",NA,NA,NA,NA,NA,NA,"PDA",NA,"BS","Bintje","Rhizosphere soil"
"BS046",NA,NA,NA,NA,NA,NA,"PDA",NA,"BS","Bintje","Rhizosphere soil"
"BS047",NA,NA,NA,NA,NA,NA,"PDA",NA,"BS","Bintje","Rhizosphere soil"
"BS048",NA,NA,NA,NA,NA,NA,"PDA",NA,"BS","Bintje","Rhizosphere soil"
"BS049",NA,NA,NA,NA,NA,NA,"PDA",NA,"BS","Bintje","Rhizosphere soil"
"BS050",NA,NA,NA,NA,NA,NA,"PDA",NA,"BS","Bintje","Rhizosphere soil"
"BS051",NA,NA,NA,NA,NA,NA,"PDA",NA,"BS","Bintje","Rhizosphere soil"
"BS052",NA,NA,NA,NA,NA,NA,"PDA",NA,"BS","Bintje","Rhizosphere soil"
"BS053",NA,NA,NA,NA,NA,NA,"PDA",NA,"BS","Bintje","Rhizosphere soil"
"BS054",NA,NA,NA,NA,NA,NA,"PDA",NA,"BS","Bintje","Rhizosphere soil"
"BS055",NA,NA,NA,NA,NA,NA,"PDA",NA,"BS","Bintje","Rhizosphere soil"
"BS056",NA,NA,NA,NA,NA,NA,"PDA",NA,"BS","Bintje","Rhizosphere soil"
"BS057",NA,NA,NA,NA,NA,NA,"PDA",NA,"BS","Bintje","Rhizosphere soil"
"BS058",NA,NA,NA,NA,NA,NA,"ARE","Ab","BS","Bintje","Rhizosphere soil"
"BS059",NA,NA,NA,NA,NA,NA,"ARE","Ab","BS","Bintje","Rhizosphere soil"
"BS060",NA,NA,NA,NA,NA,NA,"ARE","Ab","BS","Bintje","Rhizosphere soil"
"BS061","Variovorax sp.","Proteobacteria","Gammaproteobacteria","Burkholderiales","Comamonadaceae","Variovorax","ARE","Ab","BS","Bintje","Rhizosphere soil"
"BS062",NA,NA,NA,NA,NA,NA,"ARE","Ab","BS","Bintje","Rhizosphere soil"
"BS063",NA,NA,NA,NA,NA,NA,"ARE","Ab","BS","Bintje","Rhizosphere soil"
"BS064",NA,NA,NA,NA,NA,NA,"ARE","Ab","BS","Bintje","Rhizosphere soil"
"BS065",NA,NA,NA,NA,NA,NA,"ARE","Ab","BS","Bintje","Rhizosphere soil"
"BS066","Tsukamurella tyrosinosolvens","Actinobacteriota","Actinobacteria","Corynebacteriales","Tsukamurellaceae","Tsukamurella","ARE","Ab","BS","Bintje","Rhizosphere soil"
"BS067",NA,NA,NA,NA,NA,NA,"ARE","Ab","BS","Bintje","Rhizosphere soil"
"BS068","Ochrobactrum intermedium","Proteobacteria","Alphaproteobacteria","Rhizobiales","Rhizobiaceae","Ochrobactrum","ARE","Ab","BS","Bintje","Rhizosphere soil"
"BS069",NA,NA,NA,NA,NA,NA,"ARE","Ab","BS","Bintje","Rhizosphere soil"
"BS070",NA,NA,NA,NA,NA,NA,"ARE","Ab","BS","Bintje","Rhizosphere soil"
"BS071","Phyllobacterium myrsinacearum","Proteobacteria","Alphaproteobacteria","Rhizobiales","Rhizobiaceae","Phyllobacterium","ARE","Ab","BS","Bintje","Rhizosphere soil"
"BS072",NA,NA,NA,NA,NA,NA,"ARE","Ab","BS","Bintje","Rhizosphere soil"
"BS073","Sphingobacterium multivorum","Bacteroidota","Bacteroidia","Sphingobacteriales","Sphingobacteriaceae","Sphingobacterium","ARE","Ab","BS","Bintje","Rhizosphere soil"
"BS074",NA,NA,NA,NA,NA,NA,"ARE","Ab","BS","Bintje","Rhizosphere soil"
"BS075","Psychrobacillus psychrodurans","Firmicutes","Bacilli","Bacillales","Planococcaceae","Psychrobacillus","ActIA",NA,"BS","Bintje","Rhizosphere soil"
"BS076",NA,NA,NA,NA,NA,NA,"ActIA",NA,"BS","Bintje","Rhizosphere soil"
"BS077",NA,NA,NA,NA,NA,NA,"ActIA",NA,"BS","Bintje","Rhizosphere soil"
"BS078","Streptomyces praecox","Actinobacteriota","Actinobacteria","Streptomycetales","Streptomycetaceae","Streptomyces","ActIA",NA,"BS","Bintje","Rhizosphere soil"
"BS079","See Seq11","Firmicutes","Bacilli","Bacillales","Planococcaceae","Paenisporosarcina","ActIA",NA,"BS","Bintje","Rhizosphere soil"
"BS080","Psychrobacillus psychrodurans","Firmicutes","Bacilli","Bacillales","Planococcaceae","Psychrobacillus","ActIA",NA,"BS","Bintje","Rhizosphere soil"
"BS081","Bacillus licheniformis","Firmicutes","Bacilli","Bacillales","Bacillaceae","Bacillus","ActIA",NA,"BS","Bintje","Rhizosphere soil"
"BS082","Streptomyces atroolivaceus strain Nt1-5","Actinobacteriota","Actinobacteria","Streptomycetales","Streptomycetaceae","Streptomyces","ActIA",NA,"BS","Bintje","Rhizosphere soil"
"BS083","See Seq14","Actinobacteriota","Actinobacteria","Micrococcales","Microbacteriaceae","Microbacterium","ActIA",NA,"BS","Bintje","Rhizosphere soil"
"BS084","Streptomyces fulvissimus strain NA06532","Actinobacteriota","Actinobacteria","Streptomycetales","Streptomycetaceae","Streptomyces","ActIA",NA,"BS","Bintje","Rhizosphere soil"
"BS085","Streptomyces globisporus","Actinobacteriota","Actinobacteria","Streptomycetales","Streptomycetaceae","Streptomyces","ActIA",NA,"BS","Bintje","Rhizosphere soil"
"BS086","Streptomyces globisporus","Actinobacteriota","Actinobacteria","Streptomycetales","Streptomycetaceae","Streptomyces","ActIA",NA,"BS","Bintje","Rhizosphere soil"
"BS087","Bacillus niacini","Firmicutes","Bacilli","Bacillales","Bacillaceae","Bacillus","ActIA",NA,"BS","Bintje","Rhizosphere soil"
"BS088","Nocardioides luteus strain HFBP27","Actinobacteriota","Actinobacteria","Propionibacteriales","Nocardioidaceae","Nocardioides","ActIA",NA,"BS","Bintje","Rhizosphere soil"
"BS089","Streptomyces globisporus","Actinobacteriota","Actinobacteria","Streptomycetales","Streptomycetaceae","Streptomyces","ActIA",NA,"BS","Bintje","Rhizosphere soil"
"BS090","Streptomyces globosus strain QT194-9","Actinobacteriota","Actinobacteria","Streptomycetales","Streptomycetaceae","Streptomyces","ActIA",NA,"BS","Bintje","Rhizosphere soil"
"BS091","Brevibacterium antiquum","Actinobacteriota","Actinobacteria","Micrococcales","Brevibacteriaceae","Brevibacterium","ActIA",NA,"BS","Bintje","Rhizosphere soil"
"BS092","Paenibacillus sp.","Firmicutes","Bacilli","Paenibacillales","Paenibacillaceae","Paenibacillus","ActIA",NA,"BS","Bintje","Rhizosphere soil"
"BS093a","Streptomyces sp.","Actinobacteriota","Actinobacteria","Streptomycetales","Streptomycetaceae","Streptomyces","ActIA",NA,"BS","Bintje","Rhizosphere soil"
"BS093b","Streptomyces globisporus","Actinobacteriota","Actinobacteria","Streptomycetales","Streptomycetaceae","Streptomyces","ActIA",NA,"BS","Bintje","Rhizosphere soil"
"BS093c","Streptomyces globisporus","Actinobacteriota","Actinobacteria","Streptomycetales","Streptomycetaceae","Streptomyces","ActIA",NA,"BS","Bintje","Rhizosphere soil"
"BS094","Brevibacterium antiquum","Actinobacteriota","Actinobacteria","Micrococcales","Brevibacteriaceae","Brevibacterium","ActIA",NA,"BS","Bintje","Rhizosphere soil"
"BS095","Bacillus niacini","Firmicutes","Bacilli","Bacillales","Bacillaceae","Bacillus","ActIA",NA,"BS","Bintje","Rhizosphere soil"
"BS096","Streptomyces finlayi strain 5C-2","Actinobacteriota","Actinobacteria","Streptomycetales","Streptomycetaceae","Streptomyces","ActIA",NA,"BS","Bintje","Rhizosphere soil"
"BS097a","Streptomyces sp.","Actinobacteriota","Actinobacteria","Streptomycetales","Streptomycetaceae","Streptomyces","ActIA",NA,"BS","Bintje","Rhizosphere soil"
"BS098","Microbacterium sp.","Actinobacteriota","Actinobacteria","Micrococcales","Microbacteriaceae","Microbacterium","ActIA",NA,"BS","Bintje","Rhizosphere soil"
"BS099","See Seq16","Actinobacteriota","Actinobacteria","Micrococcales","Microbacteriaceae","Microbacterium","ActIA",NA,"BS","Bintje","Rhizosphere soil"
"BS100",NA,NA,NA,NA,NA,NA,"ActIA",NA,"BS","Bintje","Rhizosphere soil"
"BS101","Streptomyces sp.","Actinobacteriota","Actinobacteria","Streptomycetales","Streptomycetaceae","Streptomyces","ActIA",NA,"BS","Bintje","Rhizosphere soil"
"BS102","Bacillus niacini","Firmicutes","Bacilli","Bacillales","Bacillaceae","Bacillus","ActIA",NA,"BS","Bintje","Rhizosphere soil"
"BS103","Pusillimonas noertemannii","Proteobacteria","Gammaproteobacteria","Burkholderiales","Alcaligenaceae",NA,"ActIA",NA,"BS","Bintje","Rhizosphere soil"
"BS104","Bacillus niacini","Firmicutes","Bacilli","Bacillales","Bacillaceae","Bacillus","ActIA",NA,"BS","Bintje","Rhizosphere soil"
"BS105","Sporosarcina sp.","Firmicutes","Bacilli","Bacillales","Planococcaceae","Paenisporosarcina","ActIA",NA,"BS","Bintje","Rhizosphere soil"
"BS106","Sporosarcina sp.","Firmicutes","Bacilli","Bacillales","Planococcaceae","Paenisporosarcina","ActIA",NA,"BS","Bintje","Rhizosphere soil"
"BS107","Promicromonospora xylanilytica","Actinobacteriota","Actinobacteria","Micrococcales","Promicromonosporaceae","Promicromonospora","ActIA",NA,"BS","Bintje","Rhizosphere soil"
"BS108","Bacillus aquimaris","Firmicutes","Bacilli","Bacillales","Bacillaceae","Bacillus","ActIA",NA,"BS","Bintje","Rhizosphere soil"
"BS109","Bacillus cereus","Firmicutes","Bacilli","Bacillales","Bacillaceae","Bacillus","ActIA",NA,"BS","Bintje","Rhizosphere soil"
"BS110","See Seq16","Actinobacteriota","Actinobacteria","Micrococcales","Microbacteriaceae","Microbacterium","ActIA",NA,"BS","Bintje","Rhizosphere soil"
"BS111","Bacillus drentensis","Firmicutes","Bacilli","Bacillales","Bacillaceae","Bacillus","ActIA",NA,"BS","Bintje","Rhizosphere soil"
"BS112","Streptomyces globisporus","Actinobacteriota","Actinobacteria","Streptomycetales","Streptomycetaceae","Streptomyces","ActIA",NA,"BS","Bintje","Rhizosphere soil"
"BS113","Bacillus idriensdis","Firmicutes","Bacilli","Bacillales","Bacillaceae","Bacillus","ActIA",NA,"BS","Bintje","Rhizosphere soil"
"BS114","Microbacterium sp.","Actinobacteriota","Actinobacteria","Micrococcales","Microbacteriaceae","Microbacterium","ActIA",NA,"BS","Bintje","Rhizosphere soil"
"BS115","Streptomyces brevispora strain T2Z1","Actinobacteriota","Actinobacteria","Streptomycetales","Streptomycetaceae","Streptomyces","ActIA",NA,"BS","Bintje","Rhizosphere soil"
"BS116","Bacillus niacini","Firmicutes","Bacilli","Bacillales","Bacillaceae","Bacillus","ActIA",NA,"BS","Bintje","Rhizosphere soil"
"BS117",NA,NA,NA,NA,NA,NA,"ActIA",NA,"BS","Bintje","Rhizosphere soil"
"BS118","Bacillus cereus","Firmicutes","Bacilli","Bacillales","Bacillaceae","Bacillus","ActIA",NA,"BS","Bintje","Rhizosphere soil"
"BS119","Pseudomonas sp.","Proteobacteria","Gammaproteobacteria","Pseudomonadales","Pseudomonadaceae","Pseudomonas","ActIA",NA,"BS","Bintje","Rhizosphere soil"
"BS120","Enterobacter cloacae","Proteobacteria","Gammaproteobacteria","Enterobacterales","Enterobacteriaceae","Enterobacter","ActIA",NA,"BS","Bintje","Rhizosphere soil"
"BS121",NA,NA,NA,NA,NA,NA,"ActIA",NA,"BS","Bintje","Rhizosphere soil"
"BS122","Bacillus licheniformis","Firmicutes","Bacilli","Bacillales","Bacillaceae","Bacillus","ActIA",NA,"BS","Bintje","Rhizosphere soil"
"BS123","Diaphrobacter sp.","Proteobacteria","Gammaproteobacteria","Burkholderiales","Comamonadaceae","Diaphorobacter","ActIA",NA,"BS","Bintje","Rhizosphere soil"
"BS124",NA,"Firmicutes","Bacilli","Bacillales","Planococcaceae","Psychrobacillus","ActIA",NA,"BS","Bintje","Rhizosphere soil"
"BS125","Bacillus niacini","Firmicutes","Bacilli","Bacillales","Bacillaceae","Bacillus","ActIA",NA,"BS","Bintje","Rhizosphere soil"
"BS126","See Seq8","Actinobacteriota","Actinobacteria","Streptomycetales","Streptomycetaceae","Streptomyces","ActIA",NA,"BS","Bintje","Rhizosphere soil"
"BS127",NA,NA,NA,NA,NA,NA,"ActIA",NA,"BS","Bintje","Rhizosphere soil"
"BS128","Streptomyces pratensis strain Kris8","Actinobacteriota","Actinobacteria","Streptomycetales","Streptomycetaceae","Streptomyces","ActIA",NA,"BS","Bintje","Rhizosphere soil"
"BS129a",NA,NA,NA,NA,NA,NA,"ActIA",NA,"BS","Bintje","Rhizosphere soil"
"BS129b","Streptomyces chartreusis","Actinobacteriota","Actinobacteria","Streptomycetales","Streptomycetaceae","Streptomyces","ActIA",NA,"BS","Bintje","Rhizosphere soil"
"BS130","Pseudomonas sp.","Proteobacteria","Gammaproteobacteria","Pseudomonadales","Pseudomonadaceae","Pseudomonas","ActIA",NA,"BS","Bintje","Rhizosphere soil"
"BS131","Bacillus thuringiensis","Firmicutes","Bacilli","Bacillales","Bacillaceae","Bacillus","ActIA",NA,"BS","Bintje","Rhizosphere soil"
"BS132","Bacillus sp.","Firmicutes","Bacilli","Bacillales","Bacillaceae","Bacillus","ActIA",NA,"BS","Bintje","Rhizosphere soil"
"BS133","Bacillus cereus","Firmicutes","Bacilli","Bacillales","Bacillaceae","Bacillus","ActIA",NA,"BS","Bintje","Rhizosphere soil"
"BS134","Bacillus cereus","Firmicutes","Bacilli","Bacillales","Bacillaceae","Bacillus","ActIA",NA,"BS","Bintje","Rhizosphere soil"
"BS135","Bacillus sp.","Firmicutes","Bacilli","Bacillales","Bacillaceae","Bacillus","ActIA",NA,"BS","Bintje","Rhizosphere soil"
"BS136","Streptomyces graminearus strain NM1","Actinobacteriota","Actinobacteria","Streptomycetales","Streptomycetaceae","Streptomyces","ActIA",NA,"BS","Bintje","Rhizosphere soil"
"BS137a","seq 19","Actinobacteriota","Actinobacteria","Streptomycetales","Streptomycetaceae","Streptomyces","ActIA",NA,"BS","Bintje","Rhizosphere soil"
"BS137b","Streptomyces sp.","Actinobacteriota","Actinobacteria","Streptomycetales","Streptomycetaceae","Streptomyces","ActIA",NA,"BS","Bintje","Rhizosphere soil"
"BS138","Ensifer adhaerens","Proteobacteria","Alphaproteobacteria","Rhizobiales","Rhizobiaceae","Ensifer","TSA",NA,"BS","Bintje","Rhizosphere soil"
"BS139","Bacillus subtilis","Firmicutes","Bacilli","Bacillales","Bacillaceae","Bacillus","TSA",NA,"BS","Bintje","Rhizosphere soil"
"BS140","Stenotrophomonas maltophilia","Proteobacteria","Gammaproteobacteria","Xanthomonadales","Xanthomonadaceae","Stenotrophomonas","TSA",NA,"BS","Bintje","Rhizosphere soil"
"BS140b","Streptomyces sp.","Actinobacteriota","Actinobacteria","Streptomycetales","Streptomycetaceae","Streptomyces","TSA",NA,"BS","Bintje","Rhizosphere soil"
"BS141","Mesorhizobium shangrilense","Proteobacteria","Alphaproteobacteria","Rhizobiales","Rhizobiaceae",NA,"TSA",NA,"BS","Bintje","Rhizosphere soil"
"BS142",NA,NA,NA,NA,NA,NA,"TSA",NA,"BS","Bintje","Rhizosphere soil"
"BS143","See Seq14","Actinobacteriota","Actinobacteria","Micrococcales","Microbacteriaceae","Microbacterium","TSA",NA,"BS","Bintje","Rhizosphere soil"
"BS144","See Seq16","Firmicutes","Bacilli","Bacillales","Planococcaceae","Paenisporosarcina","TSA",NA,"BS","Bintje","Rhizosphere soil"
"BS145","Streptomyces thermocarboxydus strain EGI124","Actinobacteriota","Actinobacteria","Streptomycetales","Streptomycetaceae","Streptomyces","TSA",NA,"BS","Bintje","Rhizosphere soil"
"BS146","Bacillus cereus","Firmicutes","Bacilli","Bacillales","Bacillaceae","Bacillus","TSA",NA,"BS","Bintje","Rhizosphere soil"
"BS147",NA,NA,NA,NA,NA,NA,"TSA",NA,"BS","Bintje","Rhizosphere soil"
"BS148","Streptomyces spororaveus strain QT180-10","Actinobacteriota","Actinobacteria","Streptomycetales","Streptomycetaceae","Streptomyces","TSA",NA,"BS","Bintje","Rhizosphere soil"
"BS149","Streptomyces pratensis strain Kris8","Actinobacteriota","Actinobacteria","Streptomycetales","Streptomycetaceae","Streptomyces","TSA",NA,"BS","Bintje","Rhizosphere soil"
"BS150","Bacillus subtilis","Firmicutes","Bacilli","Bacillales","Bacillaceae","Bacillus","TSA",NA,"BS","Bintje","Rhizosphere soil"
"BS151","See Seq14",NA,NA,NA,NA,NA,"TSA",NA,"BS","Bintje","Rhizosphere soil"
"BS152","Streptomyces pratensis strain Kris8","Actinobacteriota","Actinobacteria","Streptomycetales","Streptomycetaceae","Streptomyces","TSA",NA,"BS","Bintje","Rhizosphere soil"
"BS153","See Seq14","Proteobacteria","Alphaproteobacteria","Rhizobiales","Rhizobiaceae","Mesorhizobium","TSA",NA,"BS","Bintje","Rhizosphere soil"
"BS154",NA,NA,NA,NA,NA,NA,"TSA",NA,"BS","Bintje","Rhizosphere soil"
"BS155","Streptomyces sp.","Actinobacteriota","Actinobacteria","Streptomycetales","Streptomycetaceae","Streptomyces","TSA",NA,"BS","Bintje","Rhizosphere soil"
"BS156",NA,"Proteobacteria","Alphaproteobacteria","Rhizobiales","Rhizobiaceae","Mesorhizobium","TSA",NA,"BS","Bintje","Rhizosphere soil"
"BS157","Nocardioides albus","Actinobacteriota","Actinobacteria","Propionibacteriales","Nocardioidaceae","Nocardioides","TSA",NA,"BS","Bintje","Rhizosphere soil"
"BS158","Vivorax paradoxus","Proteobacteria","Gammaproteobacteria","Burkholderiales","Comamonadaceae","Variovorax","TSA",NA,"BS","Bintje","Rhizosphere soil"
"BS159","Streptomyces fulvissimus strain NA06532","Actinobacteriota","Actinobacteria","Streptomycetales","Streptomycetaceae","Streptomyces","TSA",NA,"BS","Bintje","Rhizosphere soil"
"BS160","Streptomyces fulvissimus strain NA06532","Actinobacteriota","Actinobacteria","Streptomycetales","Streptomycetaceae","Streptomyces","TSA",NA,"BS","Bintje","Rhizosphere soil"
"BS161","See Seq14","Actinobacteriota","Actinobacteria","Micrococcales","Microbacteriaceae","Microbacterium","TSA",NA,"BS","Bintje","Rhizosphere soil"
"BS162","Mesobacillus maritimus","Firmicutes","Bacilli","Bacillales","Bacillaceae","Bacillus","TSA",NA,"BS","Bintje","Rhizosphere soil"
"BS163","See Seq16","Actinobacteriota","Actinobacteria","Micrococcales","Microbacteriaceae","Microbacterium","TSA",NA,"BS","Bintje","Rhizosphere soil"
"BS164",NA,NA,NA,NA,NA,NA,"TSA",NA,"BS","Bintje","Rhizosphere soil"
"BS165a",NA,NA,NA,NA,NA,NA,"TSA",NA,"BS","Bintje","Rhizosphere soil"
"BS165b",NA,NA,NA,NA,NA,NA,"TSA",NA,"BS","Bintje","Rhizosphere soil"
"BS166","Streptomyces globisporus","Actinobacteriota","Actinobacteria","Streptomycetales","Streptomycetaceae","Streptomyces","TSA",NA,"BS","Bintje","Rhizosphere soil"
"BS167","Streptomyces globisporus","Actinobacteriota","Actinobacteria","Streptomycetales","Streptomycetaceae","Streptomyces","TSA",NA,"BS","Bintje","Rhizosphere soil"
"BS168",NA,NA,NA,NA,NA,NA,"TSA",NA,"BS","Bintje","Rhizosphere soil"
"BS169",NA,NA,NA,NA,NA,NA,"TSA",NA,"BS","Bintje","Rhizosphere soil"
"BS170","Arthrobacter rhombi","Actinobacteriota","Actinobacteria","Micrococcales","Micrococcaceae","Arthrobacter","TSA",NA,"BS","Bintje","Rhizosphere soil"
"BS171","See Seq16","Actinobacteriota","Actinobacteria","Micrococcales","Microbacteriaceae","Microbacterium","TSA",NA,"BS","Bintje","Rhizosphere soil"
"BS172","Aeromonas sp.","Proteobacteria","Gammaproteobacteria","Enterobacterales","Aeromonadaceae","Aeromonas","TSA",NA,"BS","Bintje","Rhizosphere soil"
"BS173",NA,NA,NA,NA,NA,NA,"TSA",NA,"BS","Bintje","Rhizosphere soil"
"BS174",NA,NA,NA,NA,NA,NA,"TSA",NA,"BS","Bintje","Rhizosphere soil"
"BS175",NA,NA,NA,NA,NA,NA,"TSA",NA,"BS","Bintje","Rhizosphere soil"
"BS176","Enterobacter cloacae","Proteobacteria","Gammaproteobacteria","Enterobacterales","Enterobacteriaceae","Enterobacter","TSA",NA,"BS","Bintje","Rhizosphere soil"
"BS177","Bacillus subtilis","Firmicutes","Bacilli","Bacillales","Bacillaceae","Bacillus","TSA",NA,"BS","Bintje","Rhizosphere soil"
"BS178","Enterobacter cloacae","Proteobacteria","Gammaproteobacteria","Enterobacterales","Enterobacteriaceae","Enterobacter","TSA",NA,"BS","Bintje","Rhizosphere soil"
"BS179","Paenisporosarcina macmurdoensis","Firmicutes","Bacilli","Bacillales","Planococcaceae","Paenisporosarcina","TSA",NA,"BS","Bintje","Rhizosphere soil"
"BS180","See Seq11","Firmicutes","Bacilli","Bacillales","Bacillaceae","Bacillus","TSA",NA,"BS","Bintje","Rhizosphere soil"
"BS181","Acidovorax sp.","Proteobacteria","Gammaproteobacteria","Burkholderiales","Comamonadaceae","Acidovorax","TSA",NA,"BS","Bintje","Rhizosphere soil"
"BS182",NA,NA,NA,NA,NA,NA,"TSA",NA,"BS","Bintje","Rhizosphere soil"
"BS183",NA,NA,NA,NA,NA,NA,"TSA",NA,"BS","Bintje","Rhizosphere soil"
"BS184","Streptomyces bellus","Actinobacteriota","Actinobacteria","Streptomycetales","Streptomycetaceae","Streptomyces","TSA",NA,"BS","Bintje","Rhizosphere soil"
"BS185","Streptomyces globisporus","Actinobacteriota","Actinobacteria","Streptomycetales","Streptomycetaceae","Streptomyces","TSA",NA,"BS","Bintje","Rhizosphere soil"
"BS186",NA,NA,NA,NA,NA,NA,"TSA",NA,"BS","Bintje","Rhizosphere soil"
"BS187","See Seq14","Firmicutes","Bacilli","Bacillales","Planococcaceae","Paenisporosarcina","TSA",NA,"BS","Bintje","Rhizosphere soil"
"BS188","Streptomyces globisporus","Actinobacteriota","Actinobacteria","Streptomycetales","Streptomycetaceae","Streptomyces","TSA",NA,"BS","Bintje","Rhizosphere soil"
"BS189","See Seq14","Actinobacteriota","Actinobacteria","Micrococcales","Microbacteriaceae","Microbacterium","TSA",NA,"BS","Bintje","Rhizosphere soil"
"BS190","Alcaligenes sp.","Proteobacteria","Gammaproteobacteria","Burkholderiales","Alcaligenaceae","Alcaligenes","TSA",NA,"BS","Bintje","Rhizosphere soil"
"BS191",NA,NA,NA,NA,NA,NA,"TSA",NA,"BS","Bintje","Rhizosphere soil"
"BS192","Acidovorax sp.","Proteobacteria","Gammaproteobacteria","Burkholderiales","Comamonadaceae","Acidovorax","TSA",NA,"BS","Bintje","Rhizosphere soil"
"BS193",NA,NA,NA,NA,NA,NA,"TSA",NA,"BS","Bintje","Rhizosphere soil"
"BS194",NA,NA,NA,NA,NA,NA,"TSA",NA,"BS","Bintje","Rhizosphere soil"
"BS195a","Streptomyces sp.","Actinobacteriota","Actinobacteria","Streptomycetales","Streptomycetaceae","Streptomyces","TSA",NA,"BS","Bintje","Rhizosphere soil"
"BS195b","Streptomyces globisporus","Actinobacteriota","Actinobacteria","Streptomycetales","Streptomycetaceae","Streptomyces","TSA",NA,"BS","Bintje","Rhizosphere soil"
"BS196","Bacillus simplex","Firmicutes","Bacilli","Bacillales","Bacillaceae","Bacillus","TSA",NA,"BS","Bintje","Rhizosphere soil"
"BS197a","Streptomyces phaeochromogenes","Actinobacteriota","Actinobacteria","Streptomycetales","Streptomycetaceae","Streptomyces","TSA",NA,"BS","Bintje","Rhizosphere soil"
"BS197b","Streptomyces globisporus","Actinobacteriota","Actinobacteria","Streptomycetales","Streptomycetaceae","Streptomyces","TSA",NA,"BS","Bintje","Rhizosphere soil"
"BS198","Streptomyces umbrinus","Actinobacteriota","Actinobacteria","Streptomycetales","Streptomycetaceae","Streptomyces","TSA",NA,"BS","Bintje","Rhizosphere soil"
"BS199","Bacillus subtilis","Firmicutes","Bacilli","Bacillales","Bacillaceae","Bacillus","TSA",NA,"BS","Bintje","Rhizosphere soil"
"BS200","Bacillus subtilis","Firmicutes","Bacilli","Bacillales","Bacillaceae","Bacillus","TSA",NA,"BS","Bintje","Rhizosphere soil"
"BS201","Paenibacillus castaneae","Firmicutes","Bacilli","Paenibacillales","Paenibacillaceae","Paenibacillus","TSA",NA,"BS","Bintje","Rhizosphere soil"
"BS202","See Seq12","Actinobacteriota","Actinobacteria","Streptomycetales","Streptomycetaceae","Streptomyces","TSA",NA,"BS","Bintje","Rhizosphere soil"
"BS203","See Seq14","Actinobacteriota","Actinobacteria","Micrococcales","Microbacteriaceae","Microbacterium","TSA",NA,"BS","Bintje","Rhizosphere soil"
"BS204","Streptomyces bellus","Actinobacteriota","Actinobacteria","Streptomycetales","Streptomycetaceae","Streptomyces","TSA",NA,"BS","Bintje","Rhizosphere soil"
"BS205","Streptomyces atroolivaceus strain Nt1-5","Actinobacteriota","Actinobacteria","Streptomycetales","Streptomycetaceae","Streptomyces","TSA",NA,"BS","Bintje","Rhizosphere soil"
"BS206",NA,NA,NA,NA,NA,NA,"TSA",NA,"BS","Bintje","Rhizosphere soil"
"BS207","Streptomyces fulvissimus strain NA06532","Actinobacteriota","Actinobacteria","Streptomycetales","Streptomycetaceae","Streptomyces","TSA",NA,"BS","Bintje","Rhizosphere soil"
"BS208",NA,NA,NA,NA,NA,NA,"ARE","Nys","BS","Bintje","Rhizosphere soil"
"BS209","Bacillus pumilus","Firmicutes","Bacilli","Bacillales","Bacillaceae","Bacillus","ARE","Nys","BS","Bintje","Rhizosphere soil"
"BS210","See Seq16","Proteobacteria","Alphaproteobacteria","Rhizobiales","Rhizobiaceae","Mesorhizobium","ARE","Nys","BS","Bintje","Rhizosphere soil"
"BS211","seq 18","Actinobacteriota","Actinobacteria","Streptomycetales","Streptomycetaceae","Streptomyces","ARE","Nys","BS","Bintje","Rhizosphere soil"
"BS212","Streptomyces globosus strain QT194-9","Actinobacteriota","Actinobacteria","Streptomycetales","Streptomycetaceae","Streptomyces","ARE","Nys","BS","Bintje","Rhizosphere soil"
"BS213","Streptomyces sp.","Actinobacteriota","Actinobacteria","Streptomycetales","Streptomycetaceae","Streptomyces","ARE","Nys","BS","Bintje","Rhizosphere soil"
"BS214","Streptomyces sp.","Actinobacteriota","Actinobacteria","Streptomycetales","Streptomycetaceae","Streptomyces","ARE","Nys","BS","Bintje","Rhizosphere soil"
"BS215a","Streptomyces sp.","Actinobacteriota","Actinobacteria","Streptomycetales","Streptomycetaceae","Streptomyces","ARE","Nys","BS","Bintje","Rhizosphere soil"
"BS215b","See Seq12",NA,NA,NA,NA,NA,"ARE","Nys","BS","Bintje","Rhizosphere soil"
"BS216a","Streptomyces phaeochromogenes","Actinobacteriota","Actinobacteria","Streptomycetales","Streptomycetaceae","Streptomyces","ARE","Nys","BS","Bintje","Rhizosphere soil"
"BS216b",NA,NA,NA,NA,NA,NA,"ARE","Nys","BS","Bintje","Rhizosphere soil"
"BS216c","Streptomyces phaeochromogenes","Actinobacteriota","Actinobacteria","Streptomycetales","Streptomycetaceae","Streptomyces","ARE","Nys","BS","Bintje","Rhizosphere soil"
"BS216d","Streptomyces spiroverticillatus","Actinobacteriota","Actinobacteria","Streptomycetales","Streptomycetaceae","Streptomyces","ARE","Nys","BS","Bintje","Rhizosphere soil"
"BS217","Streptomyces globisporus","Actinobacteriota","Actinobacteria","Streptomycetales","Streptomycetaceae","Streptomyces","ARE","Nys","BS","Bintje","Rhizosphere soil"
"BS218","seq 19","Actinobacteriota","Actinobacteria","Streptomycetales","Streptomycetaceae","Streptomyces","ARE","Nys","BS","Bintje","Rhizosphere soil"
"BS219a",NA,"Actinobacteriota","Actinobacteria","Streptomycetales","Streptomycetaceae","Streptomyces","ARE","Nys","BS","Bintje","Rhizosphere soil"
"BS219b","Streptomyces chartreusis","Actinobacteriota","Actinobacteria","Streptomycetales","Streptomycetaceae","Streptomyces","ARE","Nys","BS","Bintje","Rhizosphere soil"
"BS219c","Streptomyces sp.","Actinobacteriota","Actinobacteria","Streptomycetales","Streptomycetaceae","Streptomyces","ARE","Nys","BS","Bintje","Rhizosphere soil"
"BS220","Streptomyces globisporus","Actinobacteriota","Actinobacteria","Streptomycetales","Streptomycetaceae","Streptomyces","ARE","Nys","BS","Bintje","Rhizosphere soil"
"BS221",NA,NA,NA,NA,NA,NA,"ARE","Nys","BS","Bintje","Rhizosphere soil"
"BS222","Bacillus subtilis","Firmicutes","Bacilli","Bacillales","Bacillaceae","Bacillus","ARE","Nys","BS","Bintje","Rhizosphere soil"
"BS223",NA,NA,NA,NA,NA,NA,"ARE","Nys","BS","Bintje","Rhizosphere soil"
"BS224",NA,NA,NA,NA,NA,NA,"ARE","Nys","BS","Bintje","Rhizosphere soil"
"BS225","Enterobacter cloacae","Proteobacteria","Gammaproteobacteria","Enterobacterales","Enterobacteriaceae","Enterobacter","ARE","Nys","BS","Bintje","Rhizosphere soil"
"BS226","Streptomyces fulvissimus strain NA06532","Actinobacteriota","Actinobacteria","Streptomycetales","Streptomycetaceae","Streptomyces","ARE","Nys","BS","Bintje","Rhizosphere soil"
"BS227","Streptomyces sp.","Actinobacteriota","Actinobacteria","Streptomycetales","Streptomycetaceae","Streptomyces","ARE","Nys","BS","Bintje","Rhizosphere soil"
"BS228","Nocardia carnea","Actinobacteriota","Actinobacteria","Corynebacteriales","Nocardiaceae","Nocardia","ARE","Nys","BS","Bintje","Rhizosphere soil"
"BS229","Ochrobactrum anthropi","Proteobacteria","Alphaproteobacteria","Rhizobiales","Rhizobiaceae","Ochrobactrum","ARE","Nys","BS","Bintje","Rhizosphere soil"
"BS230","Athrobacter sp.","Actinobacteriota","Actinobacteria","Micrococcales","Micrococcaceae","Arthrobacter","ARE","Nys","BS","Bintje","Rhizosphere soil"
"BS231","Alcaligenes sp.","Proteobacteria","Gammaproteobacteria","Burkholderiales","Alcaligenaceae","Pusillimonas","ARE","Nys","BS","Bintje","Rhizosphere soil"
"BS232","Bacillus subtilis","Firmicutes","Bacilli","Bacillales","Bacillaceae","Bacillus","ARE","Nys","BS","Bintje","Rhizosphere soil"
"BS233","Nocardia carnea","Actinobacteriota","Actinobacteria","Corynebacteriales","Nocardiaceae","Nocardia","ARE","Nys","BS","Bintje","Rhizosphere soil"
"BS234","Streptomyces thermocarboxydus strain EGI124","Actinobacteriota","Actinobacteria","Streptomycetales","Streptomycetaceae","Streptomyces","ARE","Nys","BS","Bintje","Rhizosphere soil"
"BS235","Streptomyces sp.","Actinobacteriota","Actinobacteria","Streptomycetales","Streptomycetaceae","Streptomyces","ARE","Nys","BS","Bintje","Rhizosphere soil"
"BS236","Bacillus subtilis","Firmicutes","Bacilli","Bacillales","Bacillaceae","Bacillus","ARE","Nys","BS","Bintje","Rhizosphere soil"
"BS237","Kaistia granuli","Proteobacteria","Alphaproteobacteria","Rhizobiales","Kaistiaceae","Kaistia","ARE","Nys","BS","Bintje","Rhizosphere soil"
"BS238","Streptomyces fulvissimus strain NA06532","Actinobacteriota","Actinobacteria","Streptomycetales","Streptomycetaceae","Streptomyces","ARE","Nys","BS","Bintje","Rhizosphere soil"
"BS239","Stenotrophomonas maltophilia","Proteobacteria","Gammaproteobacteria","Xanthomonadales","Xanthomonadaceae","Stenotrophomonas","ARE","Nys","BS","Bintje","Rhizosphere soil"
"BS240","Variovorax paradoxus","Proteobacteria","Gammaproteobacteria","Burkholderiales","Comamonadaceae","Variovorax","ARE","Nys","BS","Bintje","Rhizosphere soil"
"BS241",NA,NA,NA,NA,NA,NA,"ARE","Nys","BS","Bintje","Rhizosphere soil"
"BS242","Pedobacter sp.","Bacteroidota","Bacteroidia","Sphingobacteriales","Sphingobacteriaceae","Pedobacter","ARE","Nys","BS","Bintje","Rhizosphere soil"
"BS243","Olivibacter soli","Bacteroidota","Bacteroidia","Sphingobacteriales","Sphingobacteriaceae","Olivibacter","ARE","Nys","BS","Bintje","Rhizosphere soil"
"BS244",NA,NA,NA,NA,NA,NA,"ARE","Nys","BS","Bintje","Rhizosphere soil"
"BS245",NA,"Proteobacteria","Alphaproteobacteria","Rhizobiales","Rhizobiaceae","Mesorhizobium","ARE","Nys","BS","Bintje","Rhizosphere soil"
"BS246","Pedobacter sp.","Bacteroidota","Bacteroidia","Sphingobacteriales","Sphingobacteriaceae","Pedobacter","ARE","Nys","BS","Bintje","Rhizosphere soil"
"BS247",NA,NA,NA,NA,NA,NA,"ARE","Nys","BS","Bintje","Rhizosphere soil"
"AR012b",NA,"Actinobacteriota","Actinobacteria","Streptomycetales","Streptomycetaceae","Streptomyces","TSA",NA,NA,"Innovator","Root"
"AR031a",NA,"Actinobacteriota","Actinobacteria","Streptomycetales","Streptomycetaceae","Streptomyces","TSA",NA,NA,"Innovator","Root"
"AR031b",NA,"Actinobacteriota","Actinobacteria","Streptomycetales","Streptomycetaceae","Streptomyces","TSA",NA,NA,"Innovator","Root"
"AR043a",NA,"Actinobacteriota","Actinobacteria","Streptomycetales","Streptomycetaceae","Streptomyces","TSA",NA,NA,"Innovator","Root"
"AR043b",NA,"Actinobacteriota","Actinobacteria","Streptomycetales","Streptomycetaceae","Streptomyces","TSA",NA,NA,"Innovator","Root"
"AR113a",NA,"Actinobacteriota","Actinobacteria","Streptomycetales","Streptomycetaceae","Streptomyces","ActIA",NA,NA,"Innovator","Root"
"AR113b",NA,"Actinobacteriota","Actinobacteria","Streptomycetales","Streptomycetaceae","Streptomyces","ActIA",NA,NA,"Innovator","Root"
"AS041a",NA,"Actinobacteriota","Actinobacteria","Streptomycetales","Streptomycetaceae","Streptomyces","TSA",NA,NA,"Innovator","Rhizosphere soil"
"AS041b",NA,"Actinobacteriota","Actinobacteria","Streptomycetales","Streptomycetaceae","Streptomyces","TSA",NA,NA,"Innovator","Rhizosphere soil"
"AS076a",NA,"Actinobacteriota","Actinobacteria","Streptomycetales","Streptomycetaceae","Streptomyces","ARE",NA,NA,"Innovator","Rhizosphere soil"
"AS076b",NA,"Actinobacteriota","Actinobacteria","Streptomycetales","Streptomycetaceae","Streptomyces","ARE",NA,NA,"Innovator","Rhizosphere soil"
"AS097a1",NA,"Actinobacteriota","Actinobacteria","Streptomycetales","Streptomycetaceae","Streptomyces","ActIA",NA,NA,"Innovator","Rhizosphere soil"
"AS097a2",NA,"Actinobacteriota","Actinobacteria","Streptomycetales","Streptomycetaceae","Streptomyces","ActIA",NA,NA,"Innovator","Rhizosphere soil"
"AS098",NA,"Actinobacteriota","Actinobacteria","Streptomycetales","Streptomycetaceae","Streptomyces","ActIA",NA,NA,"Innovator","Rhizosphere soil"
"AS104b",NA,"Actinobacteriota","Actinobacteria","Streptomycetales","Streptomycetaceae","Streptomyces","ActIA",NA,NA,"Innovator","Rhizosphere soil"
"BL038a",NA,"Actinobacteriota","Actinobacteria","Streptomycetales","Streptomycetaceae","Streptomyces","ActIA",NA,NA,"Bintje","Leaf"
"BL038b",NA,"Actinobacteriota","Actinobacteria","Streptomycetales","Streptomycetaceae","Streptomyces","ActIA",NA,NA,"Bintje","Leaf"
"BL038c",NA,"Actinobacteriota","Actinobacteria","Streptomycetales","Streptomycetaceae","Streptomyces","ActIA",NA,NA,"Bintje","Leaf"
"BL038d",NA,"Actinobacteriota","Actinobacteria","Corynebacteriales","Nocardiaceae","Nocardia","ActIA",NA,NA,"Bintje","Leaf"
"BL047b2",NA,"Actinobacteriota","Actinobacteria","Streptomycetales","Streptomycetaceae","Streptomyces","ActIA",NA,NA,"Bintje","Leaf"
"BL047b3",NA,"Actinobacteriota","Actinobacteria","Streptomycetales","Streptomycetaceae","Streptomyces","ActIA",NA,NA,"Bintje","Leaf"
"BL047b4",NA,"Actinobacteriota","Actinobacteria","Streptomycetales","Streptomycetaceae","Streptomyces","ActIA",NA,NA,"Bintje","Leaf"
"BR091a",NA,"Actinobacteriota","Actinobacteria","Streptomycetales","Streptomycetaceae","Streptomyces","TSA",NA,NA,"Bintje","Root"
"BR091b",NA,"Actinobacteriota","Actinobacteria","Streptomycetales","Streptomycetaceae","Streptomyces","TSA",NA,NA,"Bintje","Root"
"BR091c",NA,"Actinobacteriota","Actinobacteria","Streptomycetales","Streptomycetaceae","Streptomyces","TSA",NA,NA,"Bintje","Root"
"BR092c",NA,"Actinobacteriota","Actinobacteria","Streptomycetales","Streptomycetaceae","Streptomyces","TSA",NA,NA,"Bintje","Root"
"BR092d",NA,"Actinobacteriota","Actinobacteria","Streptomycetales","Streptomycetaceae","Streptomyces","TSA",NA,NA,"Bintje","Root"
"BR164a",NA,"Actinobacteriota","Actinobacteria","Streptomycetales","Streptomycetaceae","Streptomyces","ARE",NA,NA,"Bintje","Root"
"BS093a1",NA,"Actinobacteriota","Actinobacteria","Streptomycetales","Streptomycetaceae","Streptomyces","ActIA",NA,NA,"Bintje","Rhizosphere soil"
"BS093a2",NA,"Actinobacteriota","Actinobacteria","Streptomycetales","Streptomycetaceae","Streptomyces","ActIA",NA,NA,"Bintje","Rhizosphere soil"
"BS126a",NA,"Actinobacteriota","Actinobacteria","Streptomycetales","Streptomycetaceae","Streptomyces","ActIA",NA,NA,"Bintje","Rhizosphere soil"
"BS137",NA,"Actinobacteriota","Actinobacteria","Streptomycetales","Streptomycetaceae","Streptomyces","ActIA",NA,NA,"Bintje","Rhizosphere soil"
"BS152a",NA,"Actinobacteriota","Actinobacteria","Streptomycetales","Streptomycetaceae","Streptomyces","TSA",NA,NA,"Bintje","Rhizosphere soil"
"BS152b",NA,"Actinobacteriota","Actinobacteria","Streptomycetales","Streptomycetaceae","Streptomyces","TSA",NA,NA,"Bintje","Rhizosphere soil"
"BS195",NA,"Actinobacteriota","Actinobacteria","Streptomycetales","Streptomycetaceae","Streptomyces","TSA",NA,NA,"Bintje","Rhizosphere soil"
"BS204a",NA,"Actinobacteriota","Actinobacteria","Streptomycetales","Streptomycetaceae","Streptomyces","TSA",NA,NA,"Bintje","Rhizosphere soil"
"BS216",NA,"Actinobacteriota","Actinobacteria","Streptomycetales","Streptomycetaceae","Streptomyces","ARE",NA,NA,"Bintje","Rhizosphere soil"
"BS217a",NA,"Actinobacteriota","Actinobacteria","Streptomycetales","Streptomycetaceae","Streptomyces","ARE",NA,NA,"Bintje","Rhizosphere soil"
"BS217b",NA,"Actinobacteriota","Actinobacteria","Streptomycetales","Streptomycetaceae","Streptomyces","ARE",NA,NA,"Bintje","Rhizosphere soil"
"BS233a",NA,"Actinobacteriota","Actinobacteria","Corynebacteriales","Nocardiaceae","Nocardia","ARE",NA,NA,"Bintje","Rhizosphere soil"
"BS233b",NA,"Actinobacteriota","Actinobacteria","Streptomycetales","Streptomycetaceae","Streptomyces","ARE",NA,NA,"Bintje","Rhizosphere soil"
"AS097b",NA,"Actinobacteriota","Actinobacteria","Streptomycetales","Streptomycetaceae","Streptomyces","ActIA",NA,NA,"Innovator","Rhizosphere soil"
"AR012a",NA,"Actinobacteriota","Actinobacteria","Streptomycetales","Streptomycetaceae","Streptomyces","TSA",NA,NA,"Innovator","Root"
"BS022b",NA,"Actinobacteriota","Actinobacteria","Streptomycetales","Streptomycetaceae","Streptomyces","PDA",NA,NA,"Bintje","Rhizosphere soil"
