"strain","patho_factor","Phylum","Class","Order","Family","Genus","Medium","Cultivar","compartment","median","median_categ"
"BS237","Asol","Proteobacteria","Alphaproteobacteria","Rhizobiales","Kaistiaceae","Kaistia","ARE","Bintje","Rhizosphere soil",0,"Inactive"
"BS242","Asol","Bacteroidota","Bacteroidia","Sphingobacteriales","Sphingobacteriaceae","Pedobacter","ARE","Bintje","Rhizosphere soil",0,"Inactive"
"BR106","Asol","Actinobacteriota","Actinobacteria","Micrococcales","Microbacteriaceae","Microbacterium","TSA","Bintje","Root",0,"Inactive"
"AR126","Asol","Actinobacteriota","Actinobacteria","Corynebacteriales","Tsukamurellaceae","Tsukamurella","ActIA","Innovator","Root",0,"Inactive"
"AR178","Asol","Proteobacteria","Gammaproteobacteria","Burkholderiales","Comamonadaceae","Variovorax","ARE","Innovator","Root",0,"Inactive"
"AR206","Asol","Bacteroidota","Bacteroidia","Sphingobacteriales","Sphingobacteriaceae","Pedobacter","ARE","Innovator","Root",0,"Inactive"
"AS027","Asol","Proteobacteria","Gammaproteobacteria","Burkholderiales","Comamonadaceae","Variovorax","TSA","Innovator","Rhizosphere soil",0,"Inactive"
"BR076","Asol","Actinobacteriota","Actinobacteria","Micrococcales","Microbacteriaceae","Microbacterium","ActIA","Bintje","Root",0,"Inactive"
"BR116","Asol","Actinobacteriota","Actinobacteria","Micrococcales","Microbacteriaceae","Microbacterium","TSA","Bintje","Root",0,"Inactive"
"BR127","Asol","Firmicutes","Bacilli","Bacillales","Planococcaceae","Lysinibacillus","TSA","Bintje","Root",0,"Inactive"
"BS246","Asol","Bacteroidota","Bacteroidia","Sphingobacteriales","Sphingobacteriaceae","Pedobacter","ARE","Bintje","Rhizosphere soil",0,"Inactive"
"AS019","Asol","Actinobacteriota","Actinobacteria","Micrococcales","Microbacteriaceae","Microbacterium","TSA","Innovator","Rhizosphere soil",0,"Inactive"
"AR103","Asol","Actinobacteriota","Actinobacteria","Micrococcales","Microbacteriaceae","Microbacterium","ActIA","Innovator","Root",0,"Inactive"
"BS061","Asol","Proteobacteria","Gammaproteobacteria","Burkholderiales","Comamonadaceae","Variovorax","ARE","Bintje","Rhizosphere soil",0,"Inactive"
"BS068","Asol","Proteobacteria","Alphaproteobacteria","Rhizobiales","Rhizobiaceae","Ochrobactrum","ARE","Bintje","Rhizosphere soil",0,"Inactive"
"BR028","Asol","Bacteroidota","Bacteroidia","Sphingobacteriales","Sphingobacteriaceae","Pedobacter","ARE","Bintje","Root",0,"Inactive"
"BR038","Asol","Bacteroidota","Bacteroidia","Sphingobacteriales","Sphingobacteriaceae","Pedobacter","ARE","Bintje","Root",0,"Inactive"
"AL027","Asol","Actinobacteriota","Actinobacteria","Micrococcales","Microbacteriaceae","Microbacterium","TSA","Innovator","Leaf",0,"Inactive"
"AL061","Asol","Actinobacteriota","Actinobacteria","Micrococcales","Microbacteriaceae","Microbacterium","ARE","Innovator","Leaf",0,"Inactive"
"AL087","Asol","Actinobacteriota","Actinobacteria","Micrococcales","Microbacteriaceae","Curtobacterium","ActIA","Innovator","Leaf",0,"Inactive"
"AR009","Asol","Proteobacteria","Gammaproteobacteria","Burkholderiales","Comamonadaceae","Acidovorax","TSA","Innovator","Root",0,"Inactive"
"AS013","Asol","Firmicutes","Bacilli","Bacillales","Bacillaceae","Bacillus","TSA","Innovator","Rhizosphere soil",3,"High"
"AS026","Asol","Proteobacteria","Gammaproteobacteria","Burkholderiales","Comamonadaceae","Variovorax","TSA","Innovator","Rhizosphere soil",0,"Inactive"
"AS088","Asol","Actinobacteriota","Actinobacteria","Corynebacteriales","Nocardiaceae","Gordonia","ARE","Innovator","Rhizosphere soil",0,"Inactive"
"AS175b","Asol","Bacteroidota","Bacteroidia","Sphingobacteriales","Sphingobacteriaceae","Pedobacter","ARE","Innovator","Rhizosphere soil",0,"Inactive"
"AS182","Asol","Proteobacteria","Gammaproteobacteria","Burkholderiales","Comamonadaceae","Variovorax","ARE","Innovator","Rhizosphere soil",0,"Inactive"
"BR023","Asol","Proteobacteria","Gammaproteobacteria","Burkholderiales","Comamonadaceae","Variovorax","PDA","Bintje","Root",0,"Inactive"
"BR103","Asol","Actinobacteriota","Actinobacteria","Micrococcales","Microbacteriaceae","Microbacterium","TSA","Bintje","Root",0,"Inactive"
"BS171","Asol","Actinobacteriota","Actinobacteria","Micrococcales","Microbacteriaceae","Microbacterium","TSA","Bintje","Rhizosphere soil",0,"Inactive"
"AL094","Asol","Actinobacteriota","Actinobacteria","Micrococcales","Microbacteriaceae","Frigoribacteri.","ActIA","Innovator","Leaf",0,"Inactive"
"AR093","Asol","Proteobacteria","Gammaproteobacteria","Enterobacterales","Enterobacteriaceae","NA_Enterobacte.","ActIA","Innovator","Root",0,"Inactive"
"AS043","Asol","Bacteroidota","Bacteroidia","Sphingobacteriales","Sphingobacteriaceae","Pedobacter","TSA","Innovator","Rhizosphere soil",2,"Medium"
"AS176","Asol","Proteobacteria","Gammaproteobacteria","Pseudomonadales","Pseudomonadaceae","Pseudomonas","ARE","Innovator","Rhizosphere soil",2,"Medium"
"BL088","Asol","Actinobacteriota","Actinobacteria","Micrococcales","Microbacteriaceae","Curtobacterium","ARE","Bintje","Leaf",2,"Medium"
"BR010","Asol","Proteobacteria","Gammaproteobacteria","Burkholderiales","Comamonadaceae","Acidovorax","PDA","Bintje","Root",0,"Inactive"
"BR149","Asol","Proteobacteria","Gammaproteobacteria","Enterobacterales","Morganellaceae","Providencia","ARE","Bintje","Root",0,"Inactive"
"BS192","Asol","Proteobacteria","Gammaproteobacteria","Burkholderiales","Comamonadaceae","Acidovorax","TSA","Bintje","Rhizosphere soil",0,"Inactive"
"AR177","Asol","Proteobacteria","Alphaproteobacteria","Rhizobiales","Rhizobiaceae","Phyllobacterium","ARE","Innovator","Root",0,"Inactive"
"BS245","Asol","Proteobacteria","Alphaproteobacteria","Rhizobiales","Rhizobiaceae","Mesorhizobium","ARE","Bintje","Rhizosphere soil",0,"Inactive"
"AL017","Asol","Actinobacteriota","Actinobacteria","Micrococcales","Microbacteriaceae","Microbacterium","TSA","Innovator","Leaf",0,"Inactive"
"AR032","Asol","Proteobacteria","Gammaproteobacteria","Burkholderiales","Comamonadaceae","Variovorax","TSA","Innovator","Root",0,"Inactive"
"AR097","Asol","Proteobacteria","Gammaproteobacteria","Burkholderiales","Alcaligenaceae","Advenella","ActIA","Innovator","Root",0,"Inactive"
"AS180","Asol","Proteobacteria","Gammaproteobacteria","Burkholderiales","Comamonadaceae","Variovorax","ARE","Innovator","Rhizosphere soil",0,"Inactive"
"BR050","Asol","Proteobacteria","Gammaproteobacteria","Burkholderiales","Comamonadaceae","Diaphorobacter","ActIA","Bintje","Root",0,"Inactive"
"AS081","Asol","Actinobacteriota","Actinobacteria","Micrococcales","Microbacteriaceae","Microbacterium","ARE","Innovator","Rhizosphere soil",0,"Inactive"
"AS085","Asol","Proteobacteria","Gammaproteobacteria","Burkholderiales","Alcaligenaceae","Advenella","ARE","Innovator","Rhizosphere soil",0,"Inactive"
"BR021","Asol","Proteobacteria","Gammaproteobacteria","Burkholderiales","Comamonadaceae","NA_Comamonadac.","PDA","Bintje","Root",0,"Inactive"
"BR067","Asol","Actinobacteriota","Actinobacteria","Micrococcales","Microbacteriaceae","Microbacterium","ActIA","Bintje","Root",0,"Inactive"
"BR156","Asol","Proteobacteria","Gammaproteobacteria","Burkholderiales","Comamonadaceae","Diaphorobacter","ARE","Bintje","Root",0,"Inactive"
"AL095","Asol","Actinobacteriota","Actinobacteria","Micrococcales","Intrasporangiaceae","Janibacter","ActIA","Innovator","Leaf",0,"Inactive"
"BS119","Asol","Proteobacteria","Gammaproteobacteria","Pseudomonadales","Pseudomonadaceae","Pseudomonas","ActIA","Bintje","Rhizosphere soil",0,"Inactive"
"BS170","Asol","Actinobacteriota","Actinobacteria","Micrococcales","Micrococcaceae","Arthrobacter","TSA","Bintje","Rhizosphere soil",0,"Inactive"
"AL016","Asol","Actinobacteriota","Actinobacteria","Micrococcales","Microbacteriaceae","Microbacterium","TSA","Innovator","Leaf",0,"Inactive"
"AL019","Asol","Actinobacteriota","Actinobacteria","Corynebacteriales","Nocardiaceae","Rhodococcus","TSA","Innovator","Leaf",0,"Inactive"
"AL020","Asol","Actinobacteriota","Actinobacteria","Micrococcales","Microbacteriaceae","Frigoribacteri.","TSA","Innovator","Leaf",0,"Inactive"
"AL080","Asol","Actinobacteriota","Actinobacteria","Micrococcales","Microbacteriaceae","Frigoribacteri.","ActIA","Innovator","Leaf",0,"Inactive"
"AL097","Asol","Actinobacteriota","Actinobacteria","Micrococcales","Microbacteriaceae","Frigoribacteri.","ActIA","Innovator","Leaf",0,"Inactive"
"AR007","Asol","Actinobacteriota","Actinobacteria","Micrococcales","Microbacteriaceae","Microbacterium","TSA","Innovator","Root",0,"Inactive"
"AS110","Asol","Actinobacteriota","Actinobacteria","Micrococcales","Brevibacteriaceae","Brevibacterium","ActIA","Innovator","Rhizosphere soil",0,"Inactive"
"BS139","Asol","Firmicutes","Bacilli","Bacillales","Bacillaceae","Bacillus","TSA","Bintje","Rhizosphere soil",1,"Low"
"BS209","Asol","Firmicutes","Bacilli","Bacillales","Bacillaceae","Bacillus","ARE","Bintje","Rhizosphere soil",0,"Inactive"
"AL036","Asol","Actinobacteriota","Actinobacteria","Micrococcales","Microbacteriaceae","Frigoribacteri.","TSA","Innovator","Leaf",0,"Inactive"
"AL089","Asol","Actinobacteriota","Actinobacteria","Micrococcales","Microbacteriaceae","Frigoribacteri.","ActIA","Innovator","Leaf",0,"Inactive"
"AR106","Asol","Actinobacteriota","Actinobacteria","Micrococcales","Microbacteriaceae","Microbacterium","ActIA","Innovator","Root",0,"Inactive"
"BL095","Asol","Actinobacteriota","Actinobacteria","Micrococcales","Microbacteriaceae","Frigoribacteri.","ARE","Bintje","Leaf",0,"Inactive"
"AL075","Asol","Actinobacteriota","Actinobacteria","Micrococcales","Microbacteriaceae","Rathayibacter","ActIA","Innovator","Leaf",0,"Inactive"
"AR039","Asol","Firmicutes","Bacilli","Bacillales","Bacillaceae","Bacillus","TSA","Innovator","Root",1,"Low"
"AR051","Asol","Actinobacteriota","Actinobacteria","Propionibacteriales","Nocardioidaceae","Nocardioides","TSA","Innovator","Root",0,"Inactive"
"AS001","Asol","Firmicutes","Bacilli","Bacillales","Bacillaceae","Bacillus","TSA","Innovator","Rhizosphere soil",2,"Medium"
"AS181","Asol","Proteobacteria","Gammaproteobacteria","Burkholderiales","Comamonadaceae","Variovorax","ARE","Innovator","Rhizosphere soil",0,"Inactive"
"BS138","Asol","Proteobacteria","Alphaproteobacteria","Rhizobiales","Rhizobiaceae","Ensifer","TSA","Bintje","Rhizosphere soil",0,"Inactive"
"BR066","Asol","Firmicutes","Bacilli","Bacillales","Bacillaceae","Bacillus","ActIA","Bintje","Root",2,"Medium"
"AL021","Asol","Actinobacteriota","Actinobacteria","Micrococcales","Microbacteriaceae","Microbacterium","TSA","Innovator","Leaf",0,"Inactive"
"AL042","Asol","Actinobacteriota","Actinobacteria","Micrococcales","Microbacteriaceae","Frigoribacteri.","ARE","Innovator","Leaf",0,"Inactive"
"AR046","Asol","Actinobacteriota","Actinobacteria","Propionibacteriales","Nocardioidaceae","Nocardioides","TSA","Innovator","Root",0,"Inactive"
"AR001","Asol","Firmicutes","Bacilli","Bacillales","Bacillaceae","Bacillus","TSA","Innovator","Root",0,"Inactive"
"AR021","Asol","Actinobacteriota","Actinobacteria","Micrococcales","Microbacteriaceae","Agromyces","TSA","Innovator","Root",0,"Inactive"
"AR076","Asol","Proteobacteria","Gammaproteobacteria","Burkholderiales","Comamonadaceae","Variovorax","ARE","Innovator","Root",0,"Inactive"
"AR143","Asol","Proteobacteria","Gammaproteobacteria","Burkholderiales","Comamonadaceae","Variovorax","PDA","Innovator","Root",0,"Inactive"
"AR144","Asol","Proteobacteria","Gammaproteobacteria","Burkholderiales","Comamonadaceae","Variovorax","PDA","Innovator","Root",0,"Inactive"
"AS080","Asol","Proteobacteria","Gammaproteobacteria","Burkholderiales","Comamonadaceae","Variovorax","ARE","Innovator","Rhizosphere soil",0,"Inactive"
"AS093","Asol","Proteobacteria","Gammaproteobacteria","Burkholderiales","Comamonadaceae","Variovorax","ARE","Innovator","Rhizosphere soil",0,"Inactive"
"AS119","Asol","Firmicutes","Bacilli","Bacillales","Bacillaceae","Bacillus","ActIA","Innovator","Rhizosphere soil",0,"Inactive"
"BL097","Asol","Actinobacteriota","Actinobacteria","Micrococcales","Microbacteriaceae","Frigoribacteri.","ARE","Bintje","Leaf",0,"Inactive"
"BS037","Asol","Proteobacteria","Gammaproteobacteria","Burkholderiales","Comamonadaceae","Variovorax","PDA","Bintje","Rhizosphere soil",0,"Inactive"
"AL007","Asol","Firmicutes","Bacilli","Bacillales","Bacillaceae","Bacillus","TSA","Innovator","Leaf",0,"Inactive"
"AL049","Asol","Bacteroidota","Bacteroidia","Cytophagales","Cytophagaceae","Siphonobacter","ARE","Innovator","Leaf",0,"Inactive"
"AL098","Asol","Actinobacteriota","Actinobacteria","Micrococcales","Microbacteriaceae","Frigoribacteri.","ActIA","Innovator","Leaf",0,"Inactive"
"AR132","Asol","Proteobacteria","Gammaproteobacteria","Burkholderiales","Comamonadaceae","NA_Comamonadac.","PDA","Innovator","Root",0,"Inactive"
"AR190","Asol","Proteobacteria","Gammaproteobacteria","Burkholderiales","Comamonadaceae","Variovorax","ARE","Innovator","Root",0,"Inactive"
"AS086","Asol","Actinobacteriota","Actinobacteria","Micrococcales","Microbacteriaceae","Microbacterium","ARE","Innovator","Rhizosphere soil",0,"Inactive"
"BS203","Asol","Actinobacteriota","Actinobacteria","Micrococcales","Microbacteriaceae","Microbacterium","TSA","Bintje","Rhizosphere soil",0,"Inactive"
"BS240","Asol","Proteobacteria","Gammaproteobacteria","Burkholderiales","Comamonadaceae","Variovorax","ARE","Bintje","Rhizosphere soil",0,"Inactive"
"AS022","Asol","Firmicutes","Bacilli","Bacillales","Bacillaceae","Bacillus","TSA","Innovator","Rhizosphere soil",0,"Inactive"
"AR176","Asol","Proteobacteria","Gammaproteobacteria","Burkholderiales","Comamonadaceae","Variovorax","ARE","Innovator","Root",0,"Inactive"
"AS031","Asol","Proteobacteria","Alphaproteobacteria","Rhizobiales","Rhizobiaceae","Aminobacter","TSA","Innovator","Rhizosphere soil",0,"Inactive"
"BR034","Asol","Proteobacteria","Gammaproteobacteria","Burkholderiales","Comamonadaceae","Variovorax","ARE","Bintje","Root",0,"Inactive"
"BS158","Asol","Proteobacteria","Gammaproteobacteria","Burkholderiales","Comamonadaceae","Variovorax","TSA","Bintje","Rhizosphere soil",0,"Inactive"
"AR114","Asol","Proteobacteria","Gammaproteobacteria","Pseudomonadales","Pseudomonadaceae","Pseudomonas","ActIA","Innovator","Root",1,"Low"
"BS039","Asol","Actinobacteriota","Actinobacteria","Micrococcales","Microbacteriaceae","Microbacterium","PDA","Bintje","Rhizosphere soil",0,"Inactive"
"BS161","Asol","Actinobacteriota","Actinobacteria","Micrococcales","Microbacteriaceae","Microbacterium","TSA","Bintje","Rhizosphere soil",0,"Inactive"
"AL002","Asol","Actinobacteriota","Actinobacteria","Micrococcales","Microbacteriaceae","Microbacterium","TSA","Innovator","Leaf",0,"Inactive"
"AL003","Asol","Actinobacteriota","Actinobacteria","Corynebacteriales","Nocardiaceae","Rhodococcus","TSA","Innovator","Leaf",0,"Inactive"
"AL044","Asol","Proteobacteria","Alphaproteobacteria","Sphingomonadales","Sphingomonadaceae","Sphingomonas","ARE","Innovator","Leaf",0,"Inactive"
"AL084","Asol","Actinobacteriota","Actinobacteria","Micrococcales","Microbacteriaceae","Microbacterium","ActIA","Innovator","Leaf",0,"Inactive"
"AS095","Asol","Actinobacteriota","Actinobacteria","Micrococcales","Microbacteriaceae","Microbacterium","ActIA","Innovator","Rhizosphere soil",0,"Inactive"
"BR080","Asol","Actinobacteriota","Actinobacteria","Micrococcales","Microbacteriaceae","Microbacterium","ActIA","Bintje","Root",0,"Inactive"
"BS189","Asol","Actinobacteriota","Actinobacteria","Micrococcales","Microbacteriaceae","Microbacterium","TSA","Bintje","Rhizosphere soil",0,"Inactive"
"AS122","Asol","Actinobacteriota","Actinobacteria","Micrococcales","Microbacteriaceae","Microbacterium","ActIA","Innovator","Rhizosphere soil",0,"Inactive"
"AS038","Asol","Actinobacteriota","Actinobacteria","Micrococcales","Microbacteriaceae","Microbacterium","TSA","Innovator","Rhizosphere soil",0,"Inactive"
"AS134","Asol","Actinobacteriota","Actinobacteria","Corynebacteriales","Tsukamurellaceae","Tsukamurella","ActIA","Innovator","Rhizosphere soil",0,"Inactive"
"AR058","Asol","Actinobacteriota","Actinobacteria","Micrococcales","Microbacteriaceae","Microbacterium","TSA","Innovator","Root",0,"Inactive"
"AR105","Asol","Actinobacteriota","Actinobacteria","Micrococcales","Microbacteriaceae","Microbacterium","ActIA","Innovator","Root",0,"Inactive"
"BR015","Asol","Proteobacteria","Alphaproteobacteria","Rhizobiales","Rhizobiaceae","Phyllobacterium","PDA","Bintje","Root",0,"Inactive"
"AL092","Asol","Proteobacteria","Alphaproteobacteria","Sphingomonadales","Sphingomonadaceae","Sphingomonas","ActIA","Innovator","Leaf",0,"Inactive"
"AL100","Asol","Proteobacteria","Alphaproteobacteria","Acetobacterales","Acetobacteraceae","Roseomonas","ActIA","Innovator","Leaf",0,"Inactive"
"AR195","Asol","Bacteroidota","Bacteroidia","Sphingobacteriales","Sphingobacteriaceae","Pedobacter","ARE","Innovator","Root",0,"Inactive"
"AS015","Asol","Actinobacteriota","Actinobacteria","Micrococcales","Microbacteriaceae","Microbacterium","TSA","Innovator","Rhizosphere soil",0,"Inactive"
"AS050","Asol","Proteobacteria","Gammaproteobacteria","Burkholderiales","Alcaligenaceae","Advenella","ARE","Innovator","Rhizosphere soil",0,"Inactive"
"AS051","Asol","Actinobacteriota","Actinobacteria","Micrococcales","Microbacteriaceae","Microbacterium","ARE","Innovator","Rhizosphere soil",0,"Inactive"
"AS179","Asol","Bacteroidota","Bacteroidia","Sphingobacteriales","Sphingobacteriaceae","Pedobacter","ARE","Innovator","Rhizosphere soil",0,"Inactive"
"BL089","Asol","Proteobacteria","Alphaproteobacteria","Sphingomonadales","Sphingomonadaceae","Sphingomonas","ARE","Bintje","Leaf",0,"Inactive"
"BR073","Asol","Actinobacteriota","Actinobacteria","Micrococcales","Microbacteriaceae","Microbacterium","ActIA","Bintje","Root",0,"Inactive"
"BR089","Asol","Actinobacteriota","Actinobacteria","Micrococcales","Microbacteriaceae","Microbacterium","TSA","Bintje","Root",0,"Inactive"
"BR157","Asol","Proteobacteria","Gammaproteobacteria","Burkholderiales","Alcaligenaceae","Advenella","ARE","Bintje","Root",0,"Inactive"
"BS091","Asol","Actinobacteriota","Actinobacteria","Micrococcales","Brevibacteriaceae","Brevibacterium","ActIA","Bintje","Rhizosphere soil",0,"Inactive"
"AR066","Asol","Actinobacteriota","Actinobacteria","Micrococcales","Micrococcaceae","Paenarthrobact.","ARE","Innovator","Root",0,"Inactive"
"AS052","Asol","Actinobacteriota","Actinobacteria","Micrococcales","Micrococcaceae","NA_Micrococcac.","ARE","Innovator","Rhizosphere soil",0,"Inactive"
"BS094","Asol","Actinobacteriota","Actinobacteria","Micrococcales","Brevibacteriaceae","Brevibacterium","ActIA","Bintje","Rhizosphere soil",0,"Inactive"
"BS135","Asol","Firmicutes","Bacilli","Bacillales","Bacillaceae","Bacillus","ActIA","Bintje","Rhizosphere soil",0,"Inactive"
"AR070","Asol","Actinobacteriota","Actinobacteria","Micrococcales","Micrococcaceae","Paenarthrobact.","ARE","Innovator","Root",0,"Inactive"
"AR049","Asol","Actinobacteriota","Actinobacteria","Micrococcales","Microbacteriaceae","Microbacterium","TSA","Innovator","Root",0,"Inactive"
"AR071","Asol","Proteobacteria","Gammaproteobacteria","Pseudomonadales","Pseudomonadaceae","Pseudomonas","ARE","Innovator","Root",0,"Inactive"
"AR077","Asol","Proteobacteria","Alphaproteobacteria","Rhizobiales","Rhizobiaceae","Allorhizobium-.","ARE","Innovator","Root",0,"Inactive"
"AR088","Asol","Proteobacteria","Gammaproteobacteria","Pseudomonadales","Pseudomonadaceae","Pseudomonas","ARE","Innovator","Root",0,"Inactive"
"AR118","Asol","Proteobacteria","Gammaproteobacteria","Burkholderiales","Comamonadaceae","Diaphorobacter","ActIA","Innovator","Root",0,"Inactive"
"AR168","Asol","Proteobacteria","Gammaproteobacteria","Pseudomonadales","Pseudomonadaceae","Pseudomonas","ActIA","Innovator","Root",0,"Inactive"
"AS054","Asol","Proteobacteria","Alphaproteobacteria","Rhizobiales","Rhizobiaceae","Allorhizobium-.","ARE","Innovator","Rhizosphere soil",0,"Inactive"
"BL067","Asol","Proteobacteria","Alphaproteobacteria","Rhizobiales","Rhizobiaceae","Allorhizobium-.","TSA","Bintje","Leaf",0,"Inactive"
"BR039","Asol","Proteobacteria","Alphaproteobacteria","Sphingomonadales","Sphingomonadaceae","Sphingomonas","ARE","Bintje","Root",0,"Inactive"
"BR126","Asol","Proteobacteria","Alphaproteobacteria","Rhizobiales","Rhizobiaceae","Allorhizobium-.","TSA","Bintje","Root",0,"Inactive"
"BR134","Asol","Firmicutes","Bacilli","Bacillales","Bacillaceae","Bacillus","TSA","Bintje","Root",0,"Inactive"
"AR060","Asol","Proteobacteria","Gammaproteobacteria","Pseudomonadales","Pseudomonadaceae","Pseudomonas","ARE","Innovator","Root",1,"Low"
"AR083","Asol","Proteobacteria","Alphaproteobacteria","Rhizobiales","Rhizobiaceae","Allorhizobium-.","ARE","Innovator","Root",0,"Inactive"
"AS062","Asol","Proteobacteria","Gammaproteobacteria","Pseudomonadales","Pseudomonadaceae","Pseudomonas","ARE","Innovator","Rhizosphere soil",2,"Medium"
"AS071","Asol","Proteobacteria","Gammaproteobacteria","Pseudomonadales","Pseudomonadaceae","Pseudomonas","ARE","Innovator","Rhizosphere soil",0,"Inactive"
"AS091","Asol","Actinobacteriota","Actinobacteria","Corynebacteriales","Tsukamurellaceae","Tsukamurella","ARE","Innovator","Rhizosphere soil",0,"Inactive"
"AS109","Asol","Actinobacteriota","Actinobacteria","Corynebacteriales","Nocardiaceae","Rhodococcus","ActIA","Innovator","Rhizosphere soil",0,"Inactive"
"BL045","Asol","Proteobacteria","Alphaproteobacteria","Rhizobiales","Rhizobiaceae","Allorhizobium-.","ActIA","Bintje","Leaf",0,"Inactive"
"BR058","Asol","Proteobacteria","Gammaproteobacteria","Pseudomonadales","Pseudomonadaceae","Pseudomonas","ActIA","Bintje","Root",0,"Inactive"
"BR093","Asol","Proteobacteria","Gammaproteobacteria","Pseudomonadales","Pseudomonadaceae","Pseudomonas","TSA","Bintje","Root",0,"Inactive"
"BR128","Asol","Actinobacteriota","Actinobacteria","Micrococcales","Microbacteriaceae","Microbacterium","TSA","Bintje","Root",0,"Inactive"
"BL050","Asol","Actinobacteriota","Actinobacteria","Corynebacteriales","Nocardiaceae","Rhodococcus","TSA","Bintje","Leaf",0,"Inactive"
"BS150","Asol","Firmicutes","Bacilli","Bacillales","Bacillaceae","Bacillus","TSA","Bintje","Rhizosphere soil",1,"Low"
"BR135","Asol","Proteobacteria","Gammaproteobacteria","Pseudomonadales","Pseudomonadaceae","Pseudomonas","TSA","Bintje","Root",0,"Inactive"
"BR138","Asol","Proteobacteria","Gammaproteobacteria","Pseudomonadales","Pseudomonadaceae","Pseudomonas","ARE","Bintje","Root",0,"Inactive"
"BR148","Asol","Proteobacteria","Gammaproteobacteria","Pseudomonadales","Pseudomonadaceae","Pseudomonas","ARE","Bintje","Root",0,"Inactive"
"BS131","Asol","Firmicutes","Bacilli","Bacillales","Bacillaceae","Bacillus","ActIA","Bintje","Rhizosphere soil",0,"Inactive"
"AR025","Asol","Firmicutes","Bacilli","Bacillales","Bacillaceae","Bacillus","TSA","Innovator","Root",0,"Inactive"
"AR122","Asol","Proteobacteria","Alphaproteobacteria","Rhizobiales","Rhizobiaceae","Ochrobactrum","ActIA","Innovator","Root",0,"Inactive"
"AR150","Asol","Proteobacteria","Gammaproteobacteria","Burkholderiales","Comamonadaceae","Acidovorax","PDA","Innovator","Root",0,"Inactive"
"AS089","Asol","Proteobacteria","Gammaproteobacteria","Pseudomonadales","Pseudomonadaceae","Pseudomonas","ARE","Innovator","Rhizosphere soil",0,"Inactive"
"AS101","Asol","Firmicutes","Bacilli","Bacillales","Bacillaceae","Bacillus","ActIA","Innovator","Rhizosphere soil",0,"Inactive"
"BR101","Asol","Proteobacteria","Gammaproteobacteria","Burkholderiales","Comamonadaceae","Acidovorax","TSA","Bintje","Root",0,"Inactive"
"BS079","Asol","Firmicutes","Bacilli","Bacillales","Planococcaceae","Paenisporosarc.","ActIA","Bintje","Rhizosphere soil",0,"Inactive"
"BS113","Asol","Firmicutes","Bacilli","Bacillales","Bacillaceae","Bacillus","ActIA","Bintje","Rhizosphere soil",0,"Inactive"
"AR095","Asol","Firmicutes","Bacilli","Bacillales","Planococcaceae","Paenisporosarc.","ActIA","Innovator","Root",0,"Inactive"
"BR071","Asol","Firmicutes","Bacilli","Bacillales","Planococcaceae","Psychrobacillus","ActIA","Bintje","Root",0,"Inactive"
"AR075","Asol","Proteobacteria","Gammaproteobacteria","Pseudomonadales","Pseudomonadaceae","Pseudomonas","ARE","Innovator","Root",0,"Inactive"
"AS060","Asol","Proteobacteria","Gammaproteobacteria","Burkholderiales","Alcaligenaceae","Achromobacter","ARE","Innovator","Rhizosphere soil",0,"Inactive"
"AS087","Asol","Proteobacteria","Gammaproteobacteria","Burkholderiales","Alcaligenaceae","NA_Alcaligenac.","ARE","Innovator","Rhizosphere soil",0,"Inactive"
"BS232","Asol","Firmicutes","Bacilli","Bacillales","Bacillaceae","Bacillus","ARE","Bintje","Rhizosphere soil",1,"Low"
"BS130","Asol","Proteobacteria","Gammaproteobacteria","Pseudomonadales","Pseudomonadaceae","Pseudomonas","ActIA","Bintje","Rhizosphere soil",0,"Inactive"
"AS175","Asol","Bacteroidota","Bacteroidia","Sphingobacteriales","Sphingobacteriaceae","Pedobacter","ARE","Innovator","Rhizosphere soil",0,"Inactive"
"AS178","Asol","Proteobacteria","Alphaproteobacteria","Rhizobiales","Rhizobiaceae","Phyllobacterium","ARE","Innovator","Rhizosphere soil",0,"Inactive"
"AR074","Asol","Actinobacteriota","Actinobacteria","Corynebacteriales","Nocardiaceae","Rhodococcus","ARE","Innovator","Root",0,"Inactive"
"AL029","Asol","Actinobacteriota","Actinobacteria","Corynebacteriales","Nocardiaceae","Rhodococcus","TSA","Innovator","Leaf",0,"Inactive"
"AL041","Asol","Actinobacteriota","Actinobacteria","Corynebacteriales","Nocardiaceae","Rhodococcus","ARE","Innovator","Leaf",0,"Inactive"
"AL093","Asol","Actinobacteriota","Actinobacteria","Corynebacteriales","Nocardiaceae","Rhodococcus","ActIA","Innovator","Leaf",0,"Inactive"
"AS017","Asol","Actinobacteriota","Actinobacteria","Corynebacteriales","Nocardiaceae","Rhodococcus","TSA","Innovator","Rhizosphere soil",0,"Inactive"
"AR057","Asol","Firmicutes","Bacilli","Bacillales","Bacillaceae","Bacillus","TSA","Innovator","Root",0,"Inactive"
"AL064","Asol","Proteobacteria","Alphaproteobacteria","Rhizobiales","Rhizobiaceae","Allorhizobium-.","ARE","Innovator","Leaf",0,"Inactive"
"AR042","Asol","Firmicutes","Bacilli","Bacillales","Bacillaceae","Bacillus","TSA","Innovator","Root",0,"Inactive"
"AR061","Asol","Proteobacteria","Alphaproteobacteria","Rhizobiales","Rhizobiaceae","Allorhizobium-.","ARE","Innovator","Root",0,"Inactive"
"AR081","Asol","Proteobacteria","Alphaproteobacteria","Rhizobiales","Rhizobiaceae","Allorhizobium-.","ARE","Innovator","Root",0,"Inactive"
"AR116","Asol","Proteobacteria","Alphaproteobacteria","Rhizobiales","Rhizobiaceae","Allorhizobium-.","ActIA","Innovator","Root",0,"Inactive"
"AS064","Asol","Proteobacteria","Alphaproteobacteria","Rhizobiales","Rhizobiaceae","Allorhizobium-.","ARE","Innovator","Rhizosphere soil",0,"Inactive"
"BL069","Asol","Actinobacteriota","Actinobacteria","Micrococcales","Microbacteriaceae","Frigoribacteri.","TSA","Bintje","Leaf",0,"Inactive"
"BL071","Asol","Proteobacteria","Alphaproteobacteria","Rhizobiales","Rhizobiaceae","Allorhizobium-.","ARE","Bintje","Leaf",0,"Inactive"
"BR107","Asol","Firmicutes","Bacilli","Bacillales","Bacillaceae","Bacillus","TSA","Bintje","Root",0,"Inactive"
"AR169","Asol","Actinobacteriota","Actinobacteria","Micrococcales","Brevibacteriaceae","Brevibacterium","ActIA","Innovator","Root",0,"Inactive"
"BS196","Asol","Firmicutes","Bacilli","Bacillales","Bacillaceae","Bacillus","TSA","Bintje","Rhizosphere soil",0,"Inactive"
"BS236","Asol","Firmicutes","Bacilli","Bacillales","Bacillaceae","Bacillus","ARE","Bintje","Rhizosphere soil",1,"Low"
"BS230","Asol","Actinobacteriota","Actinobacteria","Micrococcales","Micrococcaceae","Arthrobacter","ARE","Bintje","Rhizosphere soil",0,"Inactive"
"AL062","Asol","Actinobacteriota","Actinobacteria","Corynebacteriales","Nocardiaceae","Rhodococcus","ARE","Innovator","Leaf",0,"Inactive"
"AS044","Asol","Proteobacteria","Gammaproteobacteria","Pseudomonadales","Pseudomonadaceae","Pseudomonas","TSA","Innovator","Rhizosphere soil",0,"Inactive"
"AS058","Asol","Proteobacteria","Alphaproteobacteria","Rhizobiales","Rhizobiaceae","Allorhizobium-.","ARE","Innovator","Rhizosphere soil",0,"Inactive"
"AL004","Asol","Firmicutes","Bacilli","Bacillales","Bacillaceae","Bacillus","TSA","Innovator","Leaf",0,"Inactive"
"AL005","Asol","Proteobacteria","Gammaproteobacteria","Burkholderiales","Comamonadaceae","Acidovorax","TSA","Innovator","Leaf",0,"Inactive"
"AL006","Asol","Actinobacteriota","Actinobacteria","Micrococcales","Microbacteriaceae","Microbacterium","TSA","Innovator","Leaf",0,"Inactive"
"AL063","Asol","Proteobacteria","Alphaproteobacteria","Sphingomonadales","Sphingomonadaceae","Sphingomonas","ARE","Innovator","Leaf",0,"Inactive"
"AR048","Asol","Actinobacteriota","Actinobacteria","Micrococcales","Microbacteriaceae","Microbacterium","TSA","Innovator","Root",0,"Inactive"
"AR056","Asol","Proteobacteria","Alphaproteobacteria","Rhizobiales","Rhizobiaceae","Ochrobactrum","TSA","Innovator","Root",0,"Inactive"
"BL096","Asol","Firmicutes","Bacilli","Bacillales","Bacillaceae","Bacillus","ARE","Bintje","Leaf",1,"Low"
"BR013","Asol","Proteobacteria","Gammaproteobacteria","Burkholderiales","Comamonadaceae","Acidovorax","PDA","Bintje","Root",0,"Inactive"
"BR125","Asol","Actinobacteriota","Actinobacteria","Micrococcales","Microbacteriaceae","Microbacterium","TSA","Bintje","Root",0,"Inactive"
"BR154","Asol","Proteobacteria","Gammaproteobacteria","Pseudomonadales","Pseudomonadaceae","Pseudomonas","ARE","Bintje","Root",0,"Inactive"
"AL001","Asol","Actinobacteriota","Actinobacteria","Micrococcales","Microbacteriaceae","Curtobacterium","TSA","Innovator","Leaf",0,"Inactive"
"AL099","Asol","Actinobacteriota","Actinobacteria","Micrococcales","Microbacteriaceae","Curtobacterium","ActIA","Innovator","Leaf",0,"Inactive"
"AR067","Asol","Actinobacteriota","Actinobacteria","Micrococcales","Microbacteriaceae","Microbacterium","ARE","Innovator","Root",0,"Inactive"
"AR138","Asol","Actinobacteriota","Actinobacteria","Corynebacteriales","Tsukamurellaceae","Tsukamurella","PDA","Innovator","Root",0,"Inactive"
"AR179","Asol","Proteobacteria","Alphaproteobacteria","Rhizobiales","Rhizobiaceae","Phyllobacterium","ARE","Innovator","Root",0,"Inactive"
"AS063","Asol","Proteobacteria","Gammaproteobacteria","Pseudomonadales","Pseudomonadaceae","Pseudomonas","ARE","Innovator","Rhizosphere soil",1,"Low"
"AS090","Asol","Proteobacteria","Gammaproteobacteria","Pseudomonadales","Pseudomonadaceae","Pseudomonas","ARE","Innovator","Rhizosphere soil",0,"Inactive"
"BR122","Asol","Proteobacteria","Gammaproteobacteria","Burkholderiales","Comamonadaceae","Acidovorax","TSA","Bintje","Root",0,"Inactive"
"BS122","Asol","Firmicutes","Bacilli","Bacillales","Bacillaceae","Bacillus","ActIA","Bintje","Rhizosphere soil",0,"Inactive"
"AS035","Asol","Firmicutes","Bacilli","Bacillales","Bacillaceae","Bacillus","TSA","Innovator","Rhizosphere soil",1,"Low"
"BL056","Asol","Actinobacteriota","Actinobacteria","Micrococcales","Microbacteriaceae","Plantibacter","TSA","Bintje","Leaf",0,"Inactive"
"BS177","Asol","Firmicutes","Bacilli","Bacillales","Bacillaceae","Bacillus","TSA","Bintje","Rhizosphere soil",1,"Low"
"BS199","Asol","Firmicutes","Bacilli","Bacillales","Bacillaceae","Bacillus","TSA","Bintje","Rhizosphere soil",1,"Low"
"BR161","Asol","Proteobacteria","Gammaproteobacteria","Burkholderiales","Comamonadaceae","Xenophilus","ARE","Bintje","Root",0,"Inactive"
"BS071","Asol","Proteobacteria","Alphaproteobacteria","Rhizobiales","Rhizobiaceae","Phyllobacterium","ARE","Bintje","Rhizosphere soil",0,"Inactive"
"AL085","Asol","Actinobacteriota","Actinobacteria","Micrococcales","Micrococcaceae","Micrococcus","ActIA","Innovator","Leaf",0,"Inactive"
"AL086","Asol","Actinobacteriota","Actinobacteria","Corynebacteriales","Nocardiaceae","Rhodococcus","ActIA","Innovator","Leaf",0,"Inactive"
"AL088","Asol","Actinobacteriota","Actinobacteria","Micrococcales","Intrasporangiaceae","NA_Intrasporan.","ActIA","Innovator","Leaf",0,"Inactive"
"AL030","Asol","Actinobacteriota","Actinobacteria","Corynebacteriales","Nocardiaceae","Rhodococcus","TSA","Innovator","Leaf",0,"Inactive"
"AL068","Asol","Actinobacteriota","Actinobacteria","Micrococcales","Microbacteriaceae","Frigoribacteri.","ARE","Innovator","Leaf",0,"Inactive"
"AL072","Asol","Actinobacteriota","Actinobacteria","Micrococcales","Microbacteriaceae","Frigoribacteri.","ActIA","Innovator","Leaf",0,"Inactive"
"AL078","Asol","Actinobacteriota","Actinobacteria","Micrococcales","Microbacteriaceae","Frigoribacteri.","ActIA","Innovator","Leaf",0,"Inactive"
"AR002","Asol","Firmicutes","Bacilli","Bacillales","Bacillaceae","Bacillus","TSA","Innovator","Root",0,"Inactive"
"AS074","Asol","Actinobacteriota","Actinobacteria","Corynebacteriales","Nocardiaceae","Rhodococcus","ARE","Innovator","Rhizosphere soil",0,"Inactive"
"AL022","Asol","Actinobacteriota","Actinobacteria","Micrococcales","Microbacteriaceae","Microbacterium","TSA","Innovator","Leaf",0,"Inactive"
"AL096","Asol","Actinobacteriota","Actinobacteria","Micrococcales","Microbacteriaceae","Frigoribacteri.","ActIA","Innovator","Leaf",0,"Inactive"
"AS042","Asol","Actinobacteriota","Actinobacteria","Micrococcales","Microbacteriaceae","Microbacterium","TSA","Innovator","Rhizosphere soil",0,"Inactive"
"BL076","Asol","Actinobacteriota","Actinobacteria","Corynebacteriales","Nocardiaceae","Rhodococcus","ARE","Bintje","Leaf",0,"Inactive"
"BL079","Asol","Actinobacteriota","Actinobacteria","Micrococcales","Microbacteriaceae","Frigoribacteri.","ARE","Bintje","Leaf",0,"Inactive"
"BR150","Asol","Proteobacteria","Alphaproteobacteria","Rhizobiales","Rhizobiaceae","Allorhizobium-.","ARE","Bintje","Root",0,"Inactive"
"AL047","Asol","Actinobacteriota","Actinobacteria","Micrococcales","Microbacteriaceae","Frigoribacteri.","ARE","Innovator","Leaf",0,"Inactive"
"AL048","Asol","Actinobacteriota","Actinobacteria","Micrococcales","Microbacteriaceae","Microbacterium","ARE","Innovator","Leaf",0,"Inactive"
"AL076","Asol","Firmicutes","Bacilli","Bacillales","Planococcaceae","Paenisporosarc.","ActIA","Innovator","Leaf",0,"Inactive"
"AR084","Asol","Actinobacteriota","Actinobacteria","Micrococcales","Microbacteriaceae","Microbacterium","ARE","Innovator","Root",0,"Inactive"
"AS029","Asol","Firmicutes","Bacilli","Bacillales","Bacillaceae","Bacillus","TSA","Innovator","Rhizosphere soil",0,"Inactive"
"AS070","Asol","Proteobacteria","Alphaproteobacteria","Rhizobiales","Rhizobiaceae","Allorhizobium-.","ARE","Innovator","Rhizosphere soil",0,"Inactive"
"BL073","Asol","Actinobacteriota","Actinobacteria","Micrococcales","Microbacteriaceae","Frigoribacteri.","ARE","Bintje","Leaf",0,"Inactive"
"BR036","Asol","Proteobacteria","Gammaproteobacteria","Burkholderiales","Comamonadaceae","Variovorax","ARE","Bintje","Root",0,"Inactive"
"BR098","Asol","Firmicutes","Bacilli","Bacillales","Bacillaceae","Bacillus","TSA","Bintje","Root",0,"Inactive"
"BR137","Asol","Proteobacteria","Gammaproteobacteria","Pseudomonadales","Pseudomonadaceae","Pseudomonas","ARE","Bintje","Root",0,"Inactive"
"BR153","Asol","Proteobacteria","Alphaproteobacteria","Rhizobiales","Rhizobiaceae","Allorhizobium-.","ARE","Bintje","Root",0,"Inactive"
"BS098","Asol","Actinobacteriota","Actinobacteria","Micrococcales","Microbacteriaceae","Microbacterium","ActIA","Bintje","Rhizosphere soil",0,"Inactive"
"AL011","Asol","Actinobacteriota","Actinobacteria","Micrococcales","Intrasporangiaceae","Janibacter","TSA","Innovator","Leaf",0,"Inactive"
"AL039","Asol","Proteobacteria","Alphaproteobacteria","Rhizobiales","Rhizobiaceae","Allorhizobium-.","ARE","Innovator","Leaf",0,"Inactive"
"BL037","Asol","Proteobacteria","Alphaproteobacteria","Caulobacterales","Caulobacteraceae","Caulobacter","ActIA","Bintje","Leaf",0,"Inactive"
"AL027","Rsol","Actinobacteriota","Actinobacteria","Micrococcales","Microbacteriaceae","Microbacterium","TSA","Innovator","Leaf",0,"Inactive"
"AL061","Rsol","Actinobacteriota","Actinobacteria","Micrococcales","Microbacteriaceae","Microbacterium","ARE","Innovator","Leaf",0,"Inactive"
"AL087","Rsol","Actinobacteriota","Actinobacteria","Micrococcales","Microbacteriaceae","Curtobacterium","ActIA","Innovator","Leaf",0,"Inactive"
"AR009","Rsol","Proteobacteria","Gammaproteobacteria","Burkholderiales","Comamonadaceae","Acidovorax","TSA","Innovator","Root",0,"Inactive"
"AS013","Rsol","Firmicutes","Bacilli","Bacillales","Bacillaceae","Bacillus","TSA","Innovator","Rhizosphere soil",2,"Medium"
"AS026","Rsol","Proteobacteria","Gammaproteobacteria","Burkholderiales","Comamonadaceae","Variovorax","TSA","Innovator","Rhizosphere soil",0,"Inactive"
"AS088","Rsol","Actinobacteriota","Actinobacteria","Corynebacteriales","Nocardiaceae","Gordonia","ARE","Innovator","Rhizosphere soil",0,"Inactive"
"AS175b","Rsol","Bacteroidota","Bacteroidia","Sphingobacteriales","Sphingobacteriaceae","Pedobacter","ARE","Innovator","Rhizosphere soil",0,"Inactive"
"AS182","Rsol","Proteobacteria","Gammaproteobacteria","Burkholderiales","Comamonadaceae","Variovorax","ARE","Innovator","Rhizosphere soil",0,"Inactive"
"BR023","Rsol","Proteobacteria","Gammaproteobacteria","Burkholderiales","Comamonadaceae","Variovorax","PDA","Bintje","Root",0,"Inactive"
"BR103","Rsol","Actinobacteriota","Actinobacteria","Micrococcales","Microbacteriaceae","Microbacterium","TSA","Bintje","Root",0,"Inactive"
"BS171","Rsol","Actinobacteriota","Actinobacteria","Micrococcales","Microbacteriaceae","Microbacterium","TSA","Bintje","Rhizosphere soil",0,"Inactive"
"AL094","Rsol","Actinobacteriota","Actinobacteria","Micrococcales","Microbacteriaceae","Frigoribacteri.","ActIA","Innovator","Leaf",0,"Inactive"
"AR093","Rsol","Proteobacteria","Gammaproteobacteria","Enterobacterales","Enterobacteriaceae","NA_Enterobacte.","ActIA","Innovator","Root",0,"Inactive"
"AS043","Rsol","Bacteroidota","Bacteroidia","Sphingobacteriales","Sphingobacteriaceae","Pedobacter","TSA","Innovator","Rhizosphere soil",2,"Medium"
"AS176","Rsol","Proteobacteria","Gammaproteobacteria","Pseudomonadales","Pseudomonadaceae","Pseudomonas","ARE","Innovator","Rhizosphere soil",2,"Medium"
"BL088","Rsol","Actinobacteriota","Actinobacteria","Micrococcales","Microbacteriaceae","Curtobacterium","ARE","Bintje","Leaf",2,"Medium"
"BR010","Rsol","Proteobacteria","Gammaproteobacteria","Burkholderiales","Comamonadaceae","Acidovorax","PDA","Bintje","Root",0,"Inactive"
"BR149","Rsol","Proteobacteria","Gammaproteobacteria","Enterobacterales","Morganellaceae","Providencia","ARE","Bintje","Root",0,"Inactive"
"BS192","Rsol","Proteobacteria","Gammaproteobacteria","Burkholderiales","Comamonadaceae","Acidovorax","TSA","Bintje","Rhizosphere soil",0,"Inactive"
"AR177","Rsol","Proteobacteria","Alphaproteobacteria","Rhizobiales","Rhizobiaceae","Phyllobacterium","ARE","Innovator","Root",0,"Inactive"
"BS245","Rsol","Proteobacteria","Alphaproteobacteria","Rhizobiales","Rhizobiaceae","Mesorhizobium","ARE","Bintje","Rhizosphere soil",0,"Inactive"
"AL017","Rsol","Actinobacteriota","Actinobacteria","Micrococcales","Microbacteriaceae","Microbacterium","TSA","Innovator","Leaf",0,"Inactive"
"AR032","Rsol","Proteobacteria","Gammaproteobacteria","Burkholderiales","Comamonadaceae","Variovorax","TSA","Innovator","Root",0,"Inactive"
"AR097","Rsol","Proteobacteria","Gammaproteobacteria","Burkholderiales","Alcaligenaceae","Advenella","ActIA","Innovator","Root",0,"Inactive"
"AS180","Rsol","Proteobacteria","Gammaproteobacteria","Burkholderiales","Comamonadaceae","Variovorax","ARE","Innovator","Rhizosphere soil",0,"Inactive"
"BR050","Rsol","Proteobacteria","Gammaproteobacteria","Burkholderiales","Comamonadaceae","Diaphorobacter","ActIA","Bintje","Root",0,"Inactive"
"AS081","Rsol","Actinobacteriota","Actinobacteria","Micrococcales","Microbacteriaceae","Microbacterium","ARE","Innovator","Rhizosphere soil",0,"Inactive"
"AS085","Rsol","Proteobacteria","Gammaproteobacteria","Burkholderiales","Alcaligenaceae","Advenella","ARE","Innovator","Rhizosphere soil",0,"Inactive"
"BR021","Rsol","Proteobacteria","Gammaproteobacteria","Burkholderiales","Comamonadaceae","NA_Comamonadac.","PDA","Bintje","Root",0,"Inactive"
"BR067","Rsol","Actinobacteriota","Actinobacteria","Micrococcales","Microbacteriaceae","Microbacterium","ActIA","Bintje","Root",0,"Inactive"
"BR156","Rsol","Proteobacteria","Gammaproteobacteria","Burkholderiales","Comamonadaceae","Diaphorobacter","ARE","Bintje","Root",0,"Inactive"
"AL095","Rsol","Actinobacteriota","Actinobacteria","Micrococcales","Intrasporangiaceae","Janibacter","ActIA","Innovator","Leaf",0,"Inactive"
"BS119","Rsol","Proteobacteria","Gammaproteobacteria","Pseudomonadales","Pseudomonadaceae","Pseudomonas","ActIA","Bintje","Rhizosphere soil",0,"Inactive"
"BS170","Rsol","Actinobacteriota","Actinobacteria","Micrococcales","Micrococcaceae","Arthrobacter","TSA","Bintje","Rhizosphere soil",0,"Inactive"
"AL016","Rsol","Actinobacteriota","Actinobacteria","Micrococcales","Microbacteriaceae","Microbacterium","TSA","Innovator","Leaf",0,"Inactive"
"AL019","Rsol","Actinobacteriota","Actinobacteria","Corynebacteriales","Nocardiaceae","Rhodococcus","TSA","Innovator","Leaf",0,"Inactive"
"AL020","Rsol","Actinobacteriota","Actinobacteria","Micrococcales","Microbacteriaceae","Frigoribacteri.","TSA","Innovator","Leaf",0,"Inactive"
"AL080","Rsol","Actinobacteriota","Actinobacteria","Micrococcales","Microbacteriaceae","Frigoribacteri.","ActIA","Innovator","Leaf",0,"Inactive"
"AL097","Rsol","Actinobacteriota","Actinobacteria","Micrococcales","Microbacteriaceae","Frigoribacteri.","ActIA","Innovator","Leaf",0,"Inactive"
"AR007","Rsol","Actinobacteriota","Actinobacteria","Micrococcales","Microbacteriaceae","Microbacterium","TSA","Innovator","Root",0,"Inactive"
"AS110","Rsol","Actinobacteriota","Actinobacteria","Micrococcales","Brevibacteriaceae","Brevibacterium","ActIA","Innovator","Rhizosphere soil",0,"Inactive"
"BS139","Rsol","Firmicutes","Bacilli","Bacillales","Bacillaceae","Bacillus","TSA","Bintje","Rhizosphere soil",0,"Inactive"
"BS209","Rsol","Firmicutes","Bacilli","Bacillales","Bacillaceae","Bacillus","ARE","Bintje","Rhizosphere soil",1,"Low"
"AL036","Rsol","Actinobacteriota","Actinobacteria","Micrococcales","Microbacteriaceae","Frigoribacteri.","TSA","Innovator","Leaf",0,"Inactive"
"AL089","Rsol","Actinobacteriota","Actinobacteria","Micrococcales","Microbacteriaceae","Frigoribacteri.","ActIA","Innovator","Leaf",0,"Inactive"
"AR106","Rsol","Actinobacteriota","Actinobacteria","Micrococcales","Microbacteriaceae","Microbacterium","ActIA","Innovator","Root",0,"Inactive"
"BL095","Rsol","Actinobacteriota","Actinobacteria","Micrococcales","Microbacteriaceae","Frigoribacteri.","ARE","Bintje","Leaf",0,"Inactive"
"BR121","Rsol","Actinobacteriota","Actinobacteria","Micrococcales","Microbacteriaceae","Agromyces","TSA","Bintje","Root",0,"Inactive"
"BR145","Rsol","Actinobacteriota","Actinobacteria","Micrococcales","Microbacteriaceae","Microbacterium","ARE","Bintje","Root",0,"Inactive"
"AL075","Rsol","Actinobacteriota","Actinobacteria","Micrococcales","Microbacteriaceae","Rathayibacter","ActIA","Innovator","Leaf",0,"Inactive"
"AR039","Rsol","Firmicutes","Bacilli","Bacillales","Bacillaceae","Bacillus","TSA","Innovator","Root",0,"Inactive"
"AR051","Rsol","Actinobacteriota","Actinobacteria","Propionibacteriales","Nocardioidaceae","Nocardioides","TSA","Innovator","Root",0,"Inactive"
"AS001","Rsol","Firmicutes","Bacilli","Bacillales","Bacillaceae","Bacillus","TSA","Innovator","Rhizosphere soil",1,"Low"
"AS181","Rsol","Proteobacteria","Gammaproteobacteria","Burkholderiales","Comamonadaceae","Variovorax","ARE","Innovator","Rhizosphere soil",0,"Inactive"
"BS138","Rsol","Proteobacteria","Alphaproteobacteria","Rhizobiales","Rhizobiaceae","Ensifer","TSA","Bintje","Rhizosphere soil",0,"Inactive"
"BR066","Rsol","Firmicutes","Bacilli","Bacillales","Bacillaceae","Bacillus","ActIA","Bintje","Root",1,"Low"
"AL021","Rsol","Actinobacteriota","Actinobacteria","Micrococcales","Microbacteriaceae","Microbacterium","TSA","Innovator","Leaf",0,"Inactive"
"AL042","Rsol","Actinobacteriota","Actinobacteria","Micrococcales","Microbacteriaceae","Frigoribacteri.","ARE","Innovator","Leaf",0,"Inactive"
"AR046","Rsol","Actinobacteriota","Actinobacteria","Propionibacteriales","Nocardioidaceae","Nocardioides","TSA","Innovator","Root",0,"Inactive"
"AR001","Rsol","Firmicutes","Bacilli","Bacillales","Bacillaceae","Bacillus","TSA","Innovator","Root",0,"Inactive"
"AR021","Rsol","Actinobacteriota","Actinobacteria","Micrococcales","Microbacteriaceae","Agromyces","TSA","Innovator","Root",0,"Inactive"
"AR076","Rsol","Proteobacteria","Gammaproteobacteria","Burkholderiales","Comamonadaceae","Variovorax","ARE","Innovator","Root",0,"Inactive"
"AR143","Rsol","Proteobacteria","Gammaproteobacteria","Burkholderiales","Comamonadaceae","Variovorax","PDA","Innovator","Root",0,"Inactive"
"AR144","Rsol","Proteobacteria","Gammaproteobacteria","Burkholderiales","Comamonadaceae","Variovorax","PDA","Innovator","Root",0,"Inactive"
"AS080","Rsol","Proteobacteria","Gammaproteobacteria","Burkholderiales","Comamonadaceae","Variovorax","ARE","Innovator","Rhizosphere soil",0,"Inactive"
"AS093","Rsol","Proteobacteria","Gammaproteobacteria","Burkholderiales","Comamonadaceae","Variovorax","ARE","Innovator","Rhizosphere soil",0,"Inactive"
"AS119","Rsol","Firmicutes","Bacilli","Bacillales","Bacillaceae","Bacillus","ActIA","Innovator","Rhizosphere soil",0,"Inactive"
"BL097","Rsol","Actinobacteriota","Actinobacteria","Micrococcales","Microbacteriaceae","Frigoribacteri.","ARE","Bintje","Leaf",0,"Inactive"
"BS037","Rsol","Proteobacteria","Gammaproteobacteria","Burkholderiales","Comamonadaceae","Variovorax","PDA","Bintje","Rhizosphere soil",0,"Inactive"
"AL007","Rsol","Firmicutes","Bacilli","Bacillales","Bacillaceae","Bacillus","TSA","Innovator","Leaf",0,"Inactive"
"AL049","Rsol","Bacteroidota","Bacteroidia","Cytophagales","Cytophagaceae","Siphonobacter","ARE","Innovator","Leaf",0,"Inactive"
"AL098","Rsol","Actinobacteriota","Actinobacteria","Micrococcales","Microbacteriaceae","Frigoribacteri.","ActIA","Innovator","Leaf",0,"Inactive"
"AR132","Rsol","Proteobacteria","Gammaproteobacteria","Burkholderiales","Comamonadaceae","NA_Comamonadac.","PDA","Innovator","Root",0,"Inactive"
"AR190","Rsol","Proteobacteria","Gammaproteobacteria","Burkholderiales","Comamonadaceae","Variovorax","ARE","Innovator","Root",0,"Inactive"
"AS086","Rsol","Actinobacteriota","Actinobacteria","Micrococcales","Microbacteriaceae","Microbacterium","ARE","Innovator","Rhizosphere soil",0,"Inactive"
"BS203","Rsol","Actinobacteriota","Actinobacteria","Micrococcales","Microbacteriaceae","Microbacterium","TSA","Bintje","Rhizosphere soil",0,"Inactive"
"BS240","Rsol","Proteobacteria","Gammaproteobacteria","Burkholderiales","Comamonadaceae","Variovorax","ARE","Bintje","Rhizosphere soil",0,"Inactive"
"AS022","Rsol","Firmicutes","Bacilli","Bacillales","Bacillaceae","Bacillus","TSA","Innovator","Rhizosphere soil",0,"Inactive"
"AR176","Rsol","Proteobacteria","Gammaproteobacteria","Burkholderiales","Comamonadaceae","Variovorax","ARE","Innovator","Root",0,"Inactive"
"AS031","Rsol","Proteobacteria","Alphaproteobacteria","Rhizobiales","Rhizobiaceae","Aminobacter","TSA","Innovator","Rhizosphere soil",0,"Inactive"
"BR034","Rsol","Proteobacteria","Gammaproteobacteria","Burkholderiales","Comamonadaceae","Variovorax","ARE","Bintje","Root",0,"Inactive"
"BS158","Rsol","Proteobacteria","Gammaproteobacteria","Burkholderiales","Comamonadaceae","Variovorax","TSA","Bintje","Rhizosphere soil",0,"Inactive"
"BS091","Rsol","Actinobacteriota","Actinobacteria","Micrococcales","Brevibacteriaceae","Brevibacterium","ActIA","Bintje","Rhizosphere soil",0,"Inactive"
"AR066","Rsol","Actinobacteriota","Actinobacteria","Micrococcales","Micrococcaceae","Paenarthrobact.","ARE","Innovator","Root",0,"Inactive"
"AS052","Rsol","Actinobacteriota","Actinobacteria","Micrococcales","Micrococcaceae","NA_Micrococcac.","ARE","Innovator","Rhizosphere soil",0,"Inactive"
"BS094","Rsol","Actinobacteriota","Actinobacteria","Micrococcales","Brevibacteriaceae","Brevibacterium","ActIA","Bintje","Rhizosphere soil",0,"Inactive"
"BS135","Rsol","Firmicutes","Bacilli","Bacillales","Bacillaceae","Bacillus","ActIA","Bintje","Rhizosphere soil",0,"Inactive"
"AR070","Rsol","Actinobacteriota","Actinobacteria","Micrococcales","Micrococcaceae","Paenarthrobact.","ARE","Innovator","Root",0,"Inactive"
"AR049","Rsol","Actinobacteriota","Actinobacteria","Micrococcales","Microbacteriaceae","Microbacterium","TSA","Innovator","Root",0,"Inactive"
"AR071","Rsol","Proteobacteria","Gammaproteobacteria","Pseudomonadales","Pseudomonadaceae","Pseudomonas","ARE","Innovator","Root",0,"Inactive"
"AR077","Rsol","Proteobacteria","Alphaproteobacteria","Rhizobiales","Rhizobiaceae","Allorhizobium-.","ARE","Innovator","Root",0,"Inactive"
"AR088","Rsol","Proteobacteria","Gammaproteobacteria","Pseudomonadales","Pseudomonadaceae","Pseudomonas","ARE","Innovator","Root",0,"Inactive"
"AR118","Rsol","Proteobacteria","Gammaproteobacteria","Burkholderiales","Comamonadaceae","Diaphorobacter","ActIA","Innovator","Root",1,"Low"
"AR168","Rsol","Proteobacteria","Gammaproteobacteria","Pseudomonadales","Pseudomonadaceae","Pseudomonas","ActIA","Innovator","Root",0,"Inactive"
"AS054","Rsol","Proteobacteria","Alphaproteobacteria","Rhizobiales","Rhizobiaceae","Allorhizobium-.","ARE","Innovator","Rhizosphere soil",0,"Inactive"
"BL067","Rsol","Proteobacteria","Alphaproteobacteria","Rhizobiales","Rhizobiaceae","Allorhizobium-.","TSA","Bintje","Leaf",0,"Inactive"
"BR039","Rsol","Proteobacteria","Alphaproteobacteria","Sphingomonadales","Sphingomonadaceae","Sphingomonas","ARE","Bintje","Root",0,"Inactive"
"BR055","Rsol","Actinobacteriota","Actinobacteria","Micrococcales","Microbacteriaceae","Microbacterium","ActIA","Bintje","Root",0,"Inactive"
"BR126","Rsol","Proteobacteria","Alphaproteobacteria","Rhizobiales","Rhizobiaceae","Allorhizobium-.","TSA","Bintje","Root",0,"Inactive"
"BR134","Rsol","Firmicutes","Bacilli","Bacillales","Bacillaceae","Bacillus","TSA","Bintje","Root",0,"Inactive"
"AR060","Rsol","Proteobacteria","Gammaproteobacteria","Pseudomonadales","Pseudomonadaceae","Pseudomonas","ARE","Innovator","Root",0,"Inactive"
"AR083","Rsol","Proteobacteria","Alphaproteobacteria","Rhizobiales","Rhizobiaceae","Allorhizobium-.","ARE","Innovator","Root",0,"Inactive"
"AS062","Rsol","Proteobacteria","Gammaproteobacteria","Pseudomonadales","Pseudomonadaceae","Pseudomonas","ARE","Innovator","Rhizosphere soil",2,"Medium"
"AS071","Rsol","Proteobacteria","Gammaproteobacteria","Pseudomonadales","Pseudomonadaceae","Pseudomonas","ARE","Innovator","Rhizosphere soil",0,"Inactive"
"AS091","Rsol","Actinobacteriota","Actinobacteria","Corynebacteriales","Tsukamurellaceae","Tsukamurella","ARE","Innovator","Rhizosphere soil",0,"Inactive"
"AS109","Rsol","Actinobacteriota","Actinobacteria","Corynebacteriales","Nocardiaceae","Rhodococcus","ActIA","Innovator","Rhizosphere soil",0,"Inactive"
"BL045","Rsol","Proteobacteria","Alphaproteobacteria","Rhizobiales","Rhizobiaceae","Allorhizobium-.","ActIA","Bintje","Leaf",0,"Inactive"
"BR058","Rsol","Proteobacteria","Gammaproteobacteria","Pseudomonadales","Pseudomonadaceae","Pseudomonas","ActIA","Bintje","Root",0,"Inactive"
"BR093","Rsol","Proteobacteria","Gammaproteobacteria","Pseudomonadales","Pseudomonadaceae","Pseudomonas","TSA","Bintje","Root",0,"Inactive"
"BR128","Rsol","Actinobacteriota","Actinobacteria","Micrococcales","Microbacteriaceae","Microbacterium","TSA","Bintje","Root",0,"Inactive"
"BL050","Rsol","Actinobacteriota","Actinobacteria","Corynebacteriales","Nocardiaceae","Rhodococcus","TSA","Bintje","Leaf",0,"Inactive"
"BS150","Rsol","Firmicutes","Bacilli","Bacillales","Bacillaceae","Bacillus","TSA","Bintje","Rhizosphere soil",2,"Medium"
"BR135","Rsol","Proteobacteria","Gammaproteobacteria","Pseudomonadales","Pseudomonadaceae","Pseudomonas","TSA","Bintje","Root",0,"Inactive"
"BR138","Rsol","Proteobacteria","Gammaproteobacteria","Pseudomonadales","Pseudomonadaceae","Pseudomonas","ARE","Bintje","Root",0,"Inactive"
"BR148","Rsol","Proteobacteria","Gammaproteobacteria","Pseudomonadales","Pseudomonadaceae","Pseudomonas","ARE","Bintje","Root",0,"Inactive"
"BS131","Rsol","Firmicutes","Bacilli","Bacillales","Bacillaceae","Bacillus","ActIA","Bintje","Rhizosphere soil",0,"Inactive"
"AR025","Rsol","Firmicutes","Bacilli","Bacillales","Bacillaceae","Bacillus","TSA","Innovator","Root",0,"Inactive"
"AR122","Rsol","Proteobacteria","Alphaproteobacteria","Rhizobiales","Rhizobiaceae","Ochrobactrum","ActIA","Innovator","Root",0,"Inactive"
"AR150","Rsol","Proteobacteria","Gammaproteobacteria","Burkholderiales","Comamonadaceae","Acidovorax","PDA","Innovator","Root",0,"Inactive"
"AS089","Rsol","Proteobacteria","Gammaproteobacteria","Pseudomonadales","Pseudomonadaceae","Pseudomonas","ARE","Innovator","Rhizosphere soil",0,"Inactive"
"AS101","Rsol","Firmicutes","Bacilli","Bacillales","Bacillaceae","Bacillus","ActIA","Innovator","Rhizosphere soil",0,"Inactive"
"AS135","Rsol","Actinobacteriota","Actinobacteria","Micrococcales","Microbacteriaceae","Microbacterium","ActIA","Innovator","Rhizosphere soil",0,"Inactive"
"BR101","Rsol","Proteobacteria","Gammaproteobacteria","Burkholderiales","Comamonadaceae","Acidovorax","TSA","Bintje","Root",0,"Inactive"
"BS079","Rsol","Firmicutes","Bacilli","Bacillales","Planococcaceae","Paenisporosarc.","ActIA","Bintje","Rhizosphere soil",0,"Inactive"
"BS113","Rsol","Firmicutes","Bacilli","Bacillales","Bacillaceae","Bacillus","ActIA","Bintje","Rhizosphere soil",0,"Inactive"
"AR095","Rsol","Firmicutes","Bacilli","Bacillales","Planococcaceae","Paenisporosarc.","ActIA","Innovator","Root",0,"Inactive"
"BR071","Rsol","Firmicutes","Bacilli","Bacillales","Planococcaceae","Psychrobacillus","ActIA","Bintje","Root",0,"Inactive"
"AR075","Rsol","Proteobacteria","Gammaproteobacteria","Pseudomonadales","Pseudomonadaceae","Pseudomonas","ARE","Innovator","Root",0,"Inactive"
"AS060","Rsol","Proteobacteria","Gammaproteobacteria","Burkholderiales","Alcaligenaceae","Achromobacter","ARE","Innovator","Rhizosphere soil",0,"Inactive"
"AS087","Rsol","Proteobacteria","Gammaproteobacteria","Burkholderiales","Alcaligenaceae","NA_Alcaligenac.","ARE","Innovator","Rhizosphere soil",0,"Inactive"
"BS232","Rsol","Firmicutes","Bacilli","Bacillales","Bacillaceae","Bacillus","ARE","Bintje","Rhizosphere soil",2,"Medium"
"BS130","Rsol","Proteobacteria","Gammaproteobacteria","Pseudomonadales","Pseudomonadaceae","Pseudomonas","ActIA","Bintje","Rhizosphere soil",0,"Inactive"
"AS175","Rsol","Bacteroidota","Bacteroidia","Sphingobacteriales","Sphingobacteriaceae","Pedobacter","ARE","Innovator","Rhizosphere soil",0,"Inactive"
"AS178","Rsol","Proteobacteria","Alphaproteobacteria","Rhizobiales","Rhizobiaceae","Phyllobacterium","ARE","Innovator","Rhizosphere soil",0,"Inactive"
"AR074","Rsol","Actinobacteriota","Actinobacteria","Corynebacteriales","Nocardiaceae","Rhodococcus","ARE","Innovator","Root",0,"Inactive"
"AL029","Rsol","Actinobacteriota","Actinobacteria","Corynebacteriales","Nocardiaceae","Rhodococcus","TSA","Innovator","Leaf",0,"Inactive"
"AL041","Rsol","Actinobacteriota","Actinobacteria","Corynebacteriales","Nocardiaceae","Rhodococcus","ARE","Innovator","Leaf",0,"Inactive"
"AL093","Rsol","Actinobacteriota","Actinobacteria","Corynebacteriales","Nocardiaceae","Rhodococcus","ActIA","Innovator","Leaf",0,"Inactive"
"AS017","Rsol","Actinobacteriota","Actinobacteria","Corynebacteriales","Nocardiaceae","Rhodococcus","TSA","Innovator","Rhizosphere soil",0,"Inactive"
"AR057","Rsol","Firmicutes","Bacilli","Bacillales","Bacillaceae","Bacillus","TSA","Innovator","Root",0,"Inactive"
"AL064","Rsol","Proteobacteria","Alphaproteobacteria","Rhizobiales","Rhizobiaceae","Allorhizobium-.","ARE","Innovator","Leaf",0,"Inactive"
"AR042","Rsol","Firmicutes","Bacilli","Bacillales","Bacillaceae","Bacillus","TSA","Innovator","Root",0,"Inactive"
"AR061","Rsol","Proteobacteria","Alphaproteobacteria","Rhizobiales","Rhizobiaceae","Allorhizobium-.","ARE","Innovator","Root",0,"Inactive"
"AR081","Rsol","Proteobacteria","Alphaproteobacteria","Rhizobiales","Rhizobiaceae","Allorhizobium-.","ARE","Innovator","Root",0,"Inactive"
"AR116","Rsol","Proteobacteria","Alphaproteobacteria","Rhizobiales","Rhizobiaceae","Allorhizobium-.","ActIA","Innovator","Root",0,"Inactive"
"AS064","Rsol","Proteobacteria","Alphaproteobacteria","Rhizobiales","Rhizobiaceae","Allorhizobium-.","ARE","Innovator","Rhizosphere soil",0,"Inactive"
"BL069","Rsol","Actinobacteriota","Actinobacteria","Micrococcales","Microbacteriaceae","Frigoribacteri.","TSA","Bintje","Leaf",0,"Inactive"
"BL071","Rsol","Proteobacteria","Alphaproteobacteria","Rhizobiales","Rhizobiaceae","Allorhizobium-.","ARE","Bintje","Leaf",0,"Inactive"
"BR107","Rsol","Firmicutes","Bacilli","Bacillales","Bacillaceae","Bacillus","TSA","Bintje","Root",0,"Inactive"
"BR120","Rsol","Actinobacteriota","Actinobacteria","Micrococcales","Microbacteriaceae","Microbacterium","TSA","Bintje","Root",0,"Inactive"
"AR169","Rsol","Actinobacteriota","Actinobacteria","Micrococcales","Brevibacteriaceae","Brevibacterium","ActIA","Innovator","Root",0,"Inactive"
"BS196","Rsol","Firmicutes","Bacilli","Bacillales","Bacillaceae","Bacillus","TSA","Bintje","Rhizosphere soil",0,"Inactive"
"BS200","Rsol","Firmicutes","Bacilli","Bacillales","Bacillaceae","Bacillus","TSA","Bintje","Rhizosphere soil",1,"Low"
"BS236","Rsol","Firmicutes","Bacilli","Bacillales","Bacillaceae","Bacillus","ARE","Bintje","Rhizosphere soil",2,"Medium"
"BS230","Rsol","Actinobacteriota","Actinobacteria","Micrococcales","Micrococcaceae","Arthrobacter","ARE","Bintje","Rhizosphere soil",0,"Inactive"
"AL062","Rsol","Actinobacteriota","Actinobacteria","Corynebacteriales","Nocardiaceae","Rhodococcus","ARE","Innovator","Leaf",0,"Inactive"
"AS044","Rsol","Proteobacteria","Gammaproteobacteria","Pseudomonadales","Pseudomonadaceae","Pseudomonas","TSA","Innovator","Rhizosphere soil",0,"Inactive"
"AS058","Rsol","Proteobacteria","Alphaproteobacteria","Rhizobiales","Rhizobiaceae","Allorhizobium-.","ARE","Innovator","Rhizosphere soil",0,"Inactive"
"AL004","Rsol","Firmicutes","Bacilli","Bacillales","Bacillaceae","Bacillus","TSA","Innovator","Leaf",0,"Inactive"
"AL005","Rsol","Proteobacteria","Gammaproteobacteria","Burkholderiales","Comamonadaceae","Acidovorax","TSA","Innovator","Leaf",0,"Inactive"
"AL006","Rsol","Actinobacteriota","Actinobacteria","Micrococcales","Microbacteriaceae","Microbacterium","TSA","Innovator","Leaf",0,"Inactive"
"AL063","Rsol","Proteobacteria","Alphaproteobacteria","Sphingomonadales","Sphingomonadaceae","Sphingomonas","ARE","Innovator","Leaf",0,"Inactive"
"AR048","Rsol","Actinobacteriota","Actinobacteria","Micrococcales","Microbacteriaceae","Microbacterium","TSA","Innovator","Root",0,"Inactive"
"AR056","Rsol","Proteobacteria","Alphaproteobacteria","Rhizobiales","Rhizobiaceae","Ochrobactrum","TSA","Innovator","Root",0,"Inactive"
"BL096","Rsol","Firmicutes","Bacilli","Bacillales","Bacillaceae","Bacillus","ARE","Bintje","Leaf",2,"Medium"
"BR013","Rsol","Proteobacteria","Gammaproteobacteria","Burkholderiales","Comamonadaceae","Acidovorax","PDA","Bintje","Root",0,"Inactive"
"BR087","Rsol","Proteobacteria","Gammaproteobacteria","Pseudomonadales","Pseudomonadaceae","Pseudomonas","ActIA","Bintje","Root",0,"Inactive"
"BR125","Rsol","Actinobacteriota","Actinobacteria","Micrococcales","Microbacteriaceae","Microbacterium","TSA","Bintje","Root",0,"Inactive"
"BR154","Rsol","Proteobacteria","Gammaproteobacteria","Pseudomonadales","Pseudomonadaceae","Pseudomonas","ARE","Bintje","Root",0,"Inactive"
"BS143","Rsol","Actinobacteriota","Actinobacteria","Micrococcales","Microbacteriaceae","Microbacterium","TSA","Bintje","Rhizosphere soil",0,"Inactive"
"AL001","Rsol","Actinobacteriota","Actinobacteria","Micrococcales","Microbacteriaceae","Curtobacterium","TSA","Innovator","Leaf",0,"Inactive"
"AL099","Rsol","Actinobacteriota","Actinobacteria","Micrococcales","Microbacteriaceae","Curtobacterium","ActIA","Innovator","Leaf",0,"Inactive"
"AR067","Rsol","Actinobacteriota","Actinobacteria","Micrococcales","Microbacteriaceae","Microbacterium","ARE","Innovator","Root",0,"Inactive"
"AR138","Rsol","Actinobacteriota","Actinobacteria","Corynebacteriales","Tsukamurellaceae","Tsukamurella","PDA","Innovator","Root",0,"Inactive"
"AR179","Rsol","Proteobacteria","Alphaproteobacteria","Rhizobiales","Rhizobiaceae","Phyllobacterium","ARE","Innovator","Root",0,"Inactive"
"AS063","Rsol","Proteobacteria","Gammaproteobacteria","Pseudomonadales","Pseudomonadaceae","Pseudomonas","ARE","Innovator","Rhizosphere soil",0,"Inactive"
"AS090","Rsol","Proteobacteria","Gammaproteobacteria","Pseudomonadales","Pseudomonadaceae","Pseudomonas","ARE","Innovator","Rhizosphere soil",0,"Inactive"
"BR155","Rsol","Actinobacteriota","Actinobacteria","Micrococcales","Microbacteriaceae","Microbacterium","ARE","Bintje","Root",0,"Inactive"
"BR122","Rsol","Proteobacteria","Gammaproteobacteria","Burkholderiales","Comamonadaceae","Acidovorax","TSA","Bintje","Root",0,"Inactive"
"BS122","Rsol","Firmicutes","Bacilli","Bacillales","Bacillaceae","Bacillus","ActIA","Bintje","Rhizosphere soil",0,"Inactive"
"AS035","Rsol","Firmicutes","Bacilli","Bacillales","Bacillaceae","Bacillus","TSA","Innovator","Rhizosphere soil",1,"Low"
"BL056","Rsol","Actinobacteriota","Actinobacteria","Micrococcales","Microbacteriaceae","Plantibacter","TSA","Bintje","Leaf",0,"Inactive"
"BS177","Rsol","Firmicutes","Bacilli","Bacillales","Bacillaceae","Bacillus","TSA","Bintje","Rhizosphere soil",2,"Medium"
"BS199","Rsol","Firmicutes","Bacilli","Bacillales","Bacillaceae","Bacillus","TSA","Bintje","Rhizosphere soil",2,"Medium"
"AR194","Rsol","Actinobacteriota","Actinobacteria","Corynebacteriales","Tsukamurellaceae","Tsukamurella","ARE","Innovator","Root",0,"Inactive"
"BS071","Rsol","Proteobacteria","Alphaproteobacteria","Rhizobiales","Rhizobiaceae","Phyllobacterium","ARE","Bintje","Rhizosphere soil",0,"Inactive"
"AL085","Rsol","Actinobacteriota","Actinobacteria","Micrococcales","Micrococcaceae","Micrococcus","ActIA","Innovator","Leaf",0,"Inactive"
"AL086","Rsol","Actinobacteriota","Actinobacteria","Corynebacteriales","Nocardiaceae","Rhodococcus","ActIA","Innovator","Leaf",0,"Inactive"
"AL088","Rsol","Actinobacteriota","Actinobacteria","Micrococcales","Intrasporangiaceae","NA_Intrasporan.","ActIA","Innovator","Leaf",0,"Inactive"
"AL030","Rsol","Actinobacteriota","Actinobacteria","Corynebacteriales","Nocardiaceae","Rhodococcus","TSA","Innovator","Leaf",0,"Inactive"
"AL068","Rsol","Actinobacteriota","Actinobacteria","Micrococcales","Microbacteriaceae","Frigoribacteri.","ARE","Innovator","Leaf",0,"Inactive"
"AL072","Rsol","Actinobacteriota","Actinobacteria","Micrococcales","Microbacteriaceae","Frigoribacteri.","ActIA","Innovator","Leaf",0,"Inactive"
"AL078","Rsol","Actinobacteriota","Actinobacteria","Micrococcales","Microbacteriaceae","Frigoribacteri.","ActIA","Innovator","Leaf",0,"Inactive"
"AR002","Rsol","Firmicutes","Bacilli","Bacillales","Bacillaceae","Bacillus","TSA","Innovator","Root",0,"Inactive"
"AS074","Rsol","Actinobacteriota","Actinobacteria","Corynebacteriales","Nocardiaceae","Rhodococcus","ARE","Innovator","Rhizosphere soil",0,"Inactive"
"AL022","Rsol","Actinobacteriota","Actinobacteria","Micrococcales","Microbacteriaceae","Microbacterium","TSA","Innovator","Leaf",0,"Inactive"
"AL096","Rsol","Actinobacteriota","Actinobacteria","Micrococcales","Microbacteriaceae","Frigoribacteri.","ActIA","Innovator","Leaf",0,"Inactive"
"AS042","Rsol","Actinobacteriota","Actinobacteria","Micrococcales","Microbacteriaceae","Microbacterium","TSA","Innovator","Rhizosphere soil",0,"Inactive"
"BL076","Rsol","Actinobacteriota","Actinobacteria","Corynebacteriales","Nocardiaceae","Rhodococcus","ARE","Bintje","Leaf",0,"Inactive"
"BL079","Rsol","Actinobacteriota","Actinobacteria","Micrococcales","Microbacteriaceae","Frigoribacteri.","ARE","Bintje","Leaf",0,"Inactive"
"BR150","Rsol","Proteobacteria","Alphaproteobacteria","Rhizobiales","Rhizobiaceae","Allorhizobium-.","ARE","Bintje","Root",0,"Inactive"
"AL047","Rsol","Actinobacteriota","Actinobacteria","Micrococcales","Microbacteriaceae","Frigoribacteri.","ARE","Innovator","Leaf",0,"Inactive"
"AL048","Rsol","Actinobacteriota","Actinobacteria","Micrococcales","Microbacteriaceae","Microbacterium","ARE","Innovator","Leaf",0,"Inactive"
"AL076","Rsol","Firmicutes","Bacilli","Bacillales","Planococcaceae","Paenisporosarc.","ActIA","Innovator","Leaf",0,"Inactive"
"AR084","Rsol","Actinobacteriota","Actinobacteria","Micrococcales","Microbacteriaceae","Microbacterium","ARE","Innovator","Root",0,"Inactive"
"AS029","Rsol","Firmicutes","Bacilli","Bacillales","Bacillaceae","Bacillus","TSA","Innovator","Rhizosphere soil",0,"Inactive"
"AS070","Rsol","Proteobacteria","Alphaproteobacteria","Rhizobiales","Rhizobiaceae","Allorhizobium-.","ARE","Innovator","Rhizosphere soil",0,"Inactive"
"BL073","Rsol","Actinobacteriota","Actinobacteria","Micrococcales","Microbacteriaceae","Frigoribacteri.","ARE","Bintje","Leaf",0,"Inactive"
"BR036","Rsol","Proteobacteria","Gammaproteobacteria","Burkholderiales","Comamonadaceae","Variovorax","ARE","Bintje","Root",0,"Inactive"
"BR098","Rsol","Firmicutes","Bacilli","Bacillales","Bacillaceae","Bacillus","TSA","Bintje","Root",0,"Inactive"
"BR137","Rsol","Proteobacteria","Gammaproteobacteria","Pseudomonadales","Pseudomonadaceae","Pseudomonas","ARE","Bintje","Root",0,"Inactive"
"BR153","Rsol","Proteobacteria","Alphaproteobacteria","Rhizobiales","Rhizobiaceae","Allorhizobium-.","ARE","Bintje","Root",0,"Inactive"
"BS098","Rsol","Actinobacteriota","Actinobacteria","Micrococcales","Microbacteriaceae","Microbacterium","ActIA","Bintje","Rhizosphere soil",0,"Inactive"
"AL011","Rsol","Actinobacteriota","Actinobacteria","Micrococcales","Intrasporangiaceae","Janibacter","TSA","Innovator","Leaf",0,"Inactive"
"AL039","Rsol","Proteobacteria","Alphaproteobacteria","Rhizobiales","Rhizobiaceae","Allorhizobium-.","ARE","Innovator","Leaf",0,"Inactive"
"BL037","Rsol","Proteobacteria","Alphaproteobacteria","Caulobacterales","Caulobacteraceae","Caulobacter","ActIA","Bintje","Leaf",0,"Inactive"
"BS110","Rsol","Actinobacteriota","Actinobacteria","Micrococcales","Microbacteriaceae","Microbacterium","ActIA","Bintje","Rhizosphere soil",0,"Inactive"
"BS144","Rsol","Firmicutes","Bacilli","Bacillales","Planococcaceae","Paenisporosarc.","TSA","Bintje","Rhizosphere soil",0,"Inactive"
"BS091","Dsol","Actinobacteriota","Actinobacteria","Micrococcales","Brevibacteriaceae","Brevibacterium","ActIA","Bintje","Rhizosphere soil",0,"Inactive"
"AR066","Dsol","Actinobacteriota","Actinobacteria","Micrococcales","Micrococcaceae","Paenarthrobact.","ARE","Innovator","Root",0,"Inactive"
"AS052","Dsol","Actinobacteriota","Actinobacteria","Micrococcales","Micrococcaceae","NA_Micrococcac.","ARE","Innovator","Rhizosphere soil",0,"Inactive"
"BS135","Dsol","Firmicutes","Bacilli","Bacillales","Bacillaceae","Bacillus","ActIA","Bintje","Rhizosphere soil",0,"Inactive"
"AR070","Dsol","Actinobacteriota","Actinobacteria","Micrococcales","Micrococcaceae","Paenarthrobact.","ARE","Innovator","Root",0,"Inactive"
"AR049","Dsol","Actinobacteriota","Actinobacteria","Micrococcales","Microbacteriaceae","Microbacterium","TSA","Innovator","Root",0,"Inactive"
"AR071","Dsol","Proteobacteria","Gammaproteobacteria","Pseudomonadales","Pseudomonadaceae","Pseudomonas","ARE","Innovator","Root",0,"Inactive"
"AR077","Dsol","Proteobacteria","Alphaproteobacteria","Rhizobiales","Rhizobiaceae","Allorhizobium-.","ARE","Innovator","Root",0,"Inactive"
"AR088","Dsol","Proteobacteria","Gammaproteobacteria","Pseudomonadales","Pseudomonadaceae","Pseudomonas","ARE","Innovator","Root",0,"Inactive"
"AR118","Dsol","Proteobacteria","Gammaproteobacteria","Burkholderiales","Comamonadaceae","Diaphorobacter","ActIA","Innovator","Root",0,"Inactive"
"AR168","Dsol","Proteobacteria","Gammaproteobacteria","Pseudomonadales","Pseudomonadaceae","Pseudomonas","ActIA","Innovator","Root",0,"Inactive"
"AS054","Dsol","Proteobacteria","Alphaproteobacteria","Rhizobiales","Rhizobiaceae","Allorhizobium-.","ARE","Innovator","Rhizosphere soil",0,"Inactive"
"BL067","Dsol","Proteobacteria","Alphaproteobacteria","Rhizobiales","Rhizobiaceae","Allorhizobium-.","TSA","Bintje","Leaf",0,"Inactive"
"BR039","Dsol","Proteobacteria","Alphaproteobacteria","Sphingomonadales","Sphingomonadaceae","Sphingomonas","ARE","Bintje","Root",0,"Inactive"
"BR055","Dsol","Actinobacteriota","Actinobacteria","Micrococcales","Microbacteriaceae","Microbacterium","ActIA","Bintje","Root",0,"Inactive"
"BR126","Dsol","Proteobacteria","Alphaproteobacteria","Rhizobiales","Rhizobiaceae","Allorhizobium-.","TSA","Bintje","Root",0,"Inactive"
"BR134","Dsol","Firmicutes","Bacilli","Bacillales","Bacillaceae","Bacillus","TSA","Bintje","Root",0,"Inactive"
"AR060","Dsol","Proteobacteria","Gammaproteobacteria","Pseudomonadales","Pseudomonadaceae","Pseudomonas","ARE","Innovator","Root",0,"Inactive"
"AR083","Dsol","Proteobacteria","Alphaproteobacteria","Rhizobiales","Rhizobiaceae","Allorhizobium-.","ARE","Innovator","Root",0,"Inactive"
"AS062","Dsol","Proteobacteria","Gammaproteobacteria","Pseudomonadales","Pseudomonadaceae","Pseudomonas","ARE","Innovator","Rhizosphere soil",0,"Inactive"
"AS071","Dsol","Proteobacteria","Gammaproteobacteria","Pseudomonadales","Pseudomonadaceae","Pseudomonas","ARE","Innovator","Rhizosphere soil",0,"Inactive"
"AS091","Dsol","Actinobacteriota","Actinobacteria","Corynebacteriales","Tsukamurellaceae","Tsukamurella","ARE","Innovator","Rhizosphere soil",0,"Inactive"
"AS109","Dsol","Actinobacteriota","Actinobacteria","Corynebacteriales","Nocardiaceae","Rhodococcus","ActIA","Innovator","Rhizosphere soil",0,"Inactive"
"BL045","Dsol","Proteobacteria","Alphaproteobacteria","Rhizobiales","Rhizobiaceae","Allorhizobium-.","ActIA","Bintje","Leaf",0,"Inactive"
"BR058","Dsol","Proteobacteria","Gammaproteobacteria","Pseudomonadales","Pseudomonadaceae","Pseudomonas","ActIA","Bintje","Root",0,"Inactive"
"BR093","Dsol","Proteobacteria","Gammaproteobacteria","Pseudomonadales","Pseudomonadaceae","Pseudomonas","TSA","Bintje","Root",0,"Inactive"
"BR128","Dsol","Actinobacteriota","Actinobacteria","Micrococcales","Microbacteriaceae","Microbacterium","TSA","Bintje","Root",0,"Inactive"
"BL050","Dsol","Actinobacteriota","Actinobacteria","Corynebacteriales","Nocardiaceae","Rhodococcus","TSA","Bintje","Leaf",0,"Inactive"
"BS150","Dsol","Firmicutes","Bacilli","Bacillales","Bacillaceae","Bacillus","TSA","Bintje","Rhizosphere soil",0,"Inactive"
"BR135","Dsol","Proteobacteria","Gammaproteobacteria","Pseudomonadales","Pseudomonadaceae","Pseudomonas","TSA","Bintje","Root",0,"Inactive"
"BR138","Dsol","Proteobacteria","Gammaproteobacteria","Pseudomonadales","Pseudomonadaceae","Pseudomonas","ARE","Bintje","Root",0,"Inactive"
"BR148","Dsol","Proteobacteria","Gammaproteobacteria","Pseudomonadales","Pseudomonadaceae","Pseudomonas","ARE","Bintje","Root",0,"Inactive"
"BS131","Dsol","Firmicutes","Bacilli","Bacillales","Bacillaceae","Bacillus","ActIA","Bintje","Rhizosphere soil",0,"Inactive"
"AR025","Dsol","Firmicutes","Bacilli","Bacillales","Bacillaceae","Bacillus","TSA","Innovator","Root",0,"Inactive"
"AR122","Dsol","Proteobacteria","Alphaproteobacteria","Rhizobiales","Rhizobiaceae","Ochrobactrum","ActIA","Innovator","Root",0,"Inactive"
"AR150","Dsol","Proteobacteria","Gammaproteobacteria","Burkholderiales","Comamonadaceae","Acidovorax","PDA","Innovator","Root",0,"Inactive"
"AS089","Dsol","Proteobacteria","Gammaproteobacteria","Pseudomonadales","Pseudomonadaceae","Pseudomonas","ARE","Innovator","Rhizosphere soil",0,"Inactive"
"AS101","Dsol","Firmicutes","Bacilli","Bacillales","Bacillaceae","Bacillus","ActIA","Innovator","Rhizosphere soil",0,"Inactive"
"AS135","Dsol","Actinobacteriota","Actinobacteria","Micrococcales","Microbacteriaceae","Microbacterium","ActIA","Innovator","Rhizosphere soil",0,"Inactive"
"BS079","Dsol","Firmicutes","Bacilli","Bacillales","Planococcaceae","Paenisporosarc.","ActIA","Bintje","Rhizosphere soil",0,"Inactive"
"BS113","Dsol","Firmicutes","Bacilli","Bacillales","Bacillaceae","Bacillus","ActIA","Bintje","Rhizosphere soil",0,"Inactive"
"AR095","Dsol","Firmicutes","Bacilli","Bacillales","Planococcaceae","Paenisporosarc.","ActIA","Innovator","Root",0,"Inactive"
"BR071","Dsol","Firmicutes","Bacilli","Bacillales","Planococcaceae","Psychrobacillus","ActIA","Bintje","Root",0,"Inactive"
"AR075","Dsol","Proteobacteria","Gammaproteobacteria","Pseudomonadales","Pseudomonadaceae","Pseudomonas","ARE","Innovator","Root",0,"Inactive"
"AS060","Dsol","Proteobacteria","Gammaproteobacteria","Burkholderiales","Alcaligenaceae","Achromobacter","ARE","Innovator","Rhizosphere soil",0,"Inactive"
"AS087","Dsol","Proteobacteria","Gammaproteobacteria","Burkholderiales","Alcaligenaceae","NA_Alcaligenac.","ARE","Innovator","Rhizosphere soil",0,"Inactive"
"BS232","Dsol","Firmicutes","Bacilli","Bacillales","Bacillaceae","Bacillus","ARE","Bintje","Rhizosphere soil",0,"Inactive"
"BS130","Dsol","Proteobacteria","Gammaproteobacteria","Pseudomonadales","Pseudomonadaceae","Pseudomonas","ActIA","Bintje","Rhizosphere soil",0,"Inactive"
"AS175","Dsol","Bacteroidota","Bacteroidia","Sphingobacteriales","Sphingobacteriaceae","Pedobacter","ARE","Innovator","Rhizosphere soil",0,"Inactive"
"AS178","Dsol","Proteobacteria","Alphaproteobacteria","Rhizobiales","Rhizobiaceae","Phyllobacterium","ARE","Innovator","Rhizosphere soil",0,"Inactive"
"AR074","Dsol","Actinobacteriota","Actinobacteria","Corynebacteriales","Nocardiaceae","Rhodococcus","ARE","Innovator","Root",0,"Inactive"
"AL029","Dsol","Actinobacteriota","Actinobacteria","Corynebacteriales","Nocardiaceae","Rhodococcus","TSA","Innovator","Leaf",0,"Inactive"
"AL041","Dsol","Actinobacteriota","Actinobacteria","Corynebacteriales","Nocardiaceae","Rhodococcus","ARE","Innovator","Leaf",0,"Inactive"
"AL093","Dsol","Actinobacteriota","Actinobacteria","Corynebacteriales","Nocardiaceae","Rhodococcus","ActIA","Innovator","Leaf",0,"Inactive"
"AS017","Dsol","Actinobacteriota","Actinobacteria","Corynebacteriales","Nocardiaceae","Rhodococcus","TSA","Innovator","Rhizosphere soil",0,"Inactive"
"AR057","Dsol","Firmicutes","Bacilli","Bacillales","Bacillaceae","Bacillus","TSA","Innovator","Root",0,"Inactive"
"AL064","Dsol","Proteobacteria","Alphaproteobacteria","Rhizobiales","Rhizobiaceae","Allorhizobium-.","ARE","Innovator","Leaf",0,"Inactive"
"AR042","Dsol","Firmicutes","Bacilli","Bacillales","Bacillaceae","Bacillus","TSA","Innovator","Root",0,"Inactive"
"AR061","Dsol","Proteobacteria","Alphaproteobacteria","Rhizobiales","Rhizobiaceae","Allorhizobium-.","ARE","Innovator","Root",0,"Inactive"
"AR081","Dsol","Proteobacteria","Alphaproteobacteria","Rhizobiales","Rhizobiaceae","Allorhizobium-.","ARE","Innovator","Root",0,"Inactive"
"AR116","Dsol","Proteobacteria","Alphaproteobacteria","Rhizobiales","Rhizobiaceae","Allorhizobium-.","ActIA","Innovator","Root",0,"Inactive"
"AS064","Dsol","Proteobacteria","Alphaproteobacteria","Rhizobiales","Rhizobiaceae","Allorhizobium-.","ARE","Innovator","Rhizosphere soil",0,"Inactive"
"BL069","Dsol","Actinobacteriota","Actinobacteria","Micrococcales","Microbacteriaceae","Frigoribacteri.","TSA","Bintje","Leaf",0,"Inactive"
"BL071","Dsol","Proteobacteria","Alphaproteobacteria","Rhizobiales","Rhizobiaceae","Allorhizobium-.","ARE","Bintje","Leaf",0,"Inactive"
"BR107","Dsol","Firmicutes","Bacilli","Bacillales","Bacillaceae","Bacillus","TSA","Bintje","Root",0,"Inactive"
"BR120","Dsol","Actinobacteriota","Actinobacteria","Micrococcales","Microbacteriaceae","Microbacterium","TSA","Bintje","Root",0,"Inactive"
"AR169","Dsol","Actinobacteriota","Actinobacteria","Micrococcales","Brevibacteriaceae","Brevibacterium","ActIA","Innovator","Root",0,"Inactive"
"BS236","Dsol","Firmicutes","Bacilli","Bacillales","Bacillaceae","Bacillus","ARE","Bintje","Rhizosphere soil",0,"Inactive"
"BS230","Dsol","Actinobacteriota","Actinobacteria","Micrococcales","Micrococcaceae","Arthrobacter","ARE","Bintje","Rhizosphere soil",0,"Inactive"
"AS044","Dsol","Proteobacteria","Gammaproteobacteria","Pseudomonadales","Pseudomonadaceae","Pseudomonas","TSA","Innovator","Rhizosphere soil",0,"Inactive"
"AS058","Dsol","Proteobacteria","Alphaproteobacteria","Rhizobiales","Rhizobiaceae","Allorhizobium-.","ARE","Innovator","Rhizosphere soil",0,"Inactive"
"AL004","Dsol","Firmicutes","Bacilli","Bacillales","Bacillaceae","Bacillus","TSA","Innovator","Leaf",0,"Inactive"
"AL005","Dsol","Proteobacteria","Gammaproteobacteria","Burkholderiales","Comamonadaceae","Acidovorax","TSA","Innovator","Leaf",0,"Inactive"
"AL006","Dsol","Actinobacteriota","Actinobacteria","Micrococcales","Microbacteriaceae","Microbacterium","TSA","Innovator","Leaf",0,"Inactive"
"AL063","Dsol","Proteobacteria","Alphaproteobacteria","Sphingomonadales","Sphingomonadaceae","Sphingomonas","ARE","Innovator","Leaf",0,"Inactive"
"AR048","Dsol","Actinobacteriota","Actinobacteria","Micrococcales","Microbacteriaceae","Microbacterium","TSA","Innovator","Root",0,"Inactive"
"AR056","Dsol","Proteobacteria","Alphaproteobacteria","Rhizobiales","Rhizobiaceae","Ochrobactrum","TSA","Innovator","Root",0,"Inactive"
"BL096","Dsol","Firmicutes","Bacilli","Bacillales","Bacillaceae","Bacillus","ARE","Bintje","Leaf",0,"Inactive"
"BR013","Dsol","Proteobacteria","Gammaproteobacteria","Burkholderiales","Comamonadaceae","Acidovorax","PDA","Bintje","Root",0,"Inactive"
"BR087","Dsol","Proteobacteria","Gammaproteobacteria","Pseudomonadales","Pseudomonadaceae","Pseudomonas","ActIA","Bintje","Root",0,"Inactive"
"BR125","Dsol","Actinobacteriota","Actinobacteria","Micrococcales","Microbacteriaceae","Microbacterium","TSA","Bintje","Root",0,"Inactive"
"BR154","Dsol","Proteobacteria","Gammaproteobacteria","Pseudomonadales","Pseudomonadaceae","Pseudomonas","ARE","Bintje","Root",0,"Inactive"
"BS143","Dsol","Actinobacteriota","Actinobacteria","Micrococcales","Microbacteriaceae","Microbacterium","TSA","Bintje","Rhizosphere soil",0,"Inactive"
"AL001","Dsol","Actinobacteriota","Actinobacteria","Micrococcales","Microbacteriaceae","Curtobacterium","TSA","Innovator","Leaf",0,"Inactive"
"AR067","Dsol","Actinobacteriota","Actinobacteria","Micrococcales","Microbacteriaceae","Microbacterium","ARE","Innovator","Root",0,"Inactive"
"AR138","Dsol","Actinobacteriota","Actinobacteria","Corynebacteriales","Tsukamurellaceae","Tsukamurella","PDA","Innovator","Root",0,"Inactive"
"AR179","Dsol","Proteobacteria","Alphaproteobacteria","Rhizobiales","Rhizobiaceae","Phyllobacterium","ARE","Innovator","Root",0,"Inactive"
"AS063","Dsol","Proteobacteria","Gammaproteobacteria","Pseudomonadales","Pseudomonadaceae","Pseudomonas","ARE","Innovator","Rhizosphere soil",0,"Inactive"
"AS090","Dsol","Proteobacteria","Gammaproteobacteria","Pseudomonadales","Pseudomonadaceae","Pseudomonas","ARE","Innovator","Rhizosphere soil",0,"Inactive"
"BR155","Dsol","Actinobacteriota","Actinobacteria","Micrococcales","Microbacteriaceae","Microbacterium","ARE","Bintje","Root",0,"Inactive"
"BR122","Dsol","Proteobacteria","Gammaproteobacteria","Burkholderiales","Comamonadaceae","Acidovorax","TSA","Bintje","Root",0,"Inactive"
"AS035","Dsol","Firmicutes","Bacilli","Bacillales","Bacillaceae","Bacillus","TSA","Innovator","Rhizosphere soil",0,"Inactive"
"BL056","Dsol","Actinobacteriota","Actinobacteria","Micrococcales","Microbacteriaceae","Plantibacter","TSA","Bintje","Leaf",0,"Inactive"
"BS177","Dsol","Firmicutes","Bacilli","Bacillales","Bacillaceae","Bacillus","TSA","Bintje","Rhizosphere soil",2,"Medium"
"BS199","Dsol","Firmicutes","Bacilli","Bacillales","Bacillaceae","Bacillus","TSA","Bintje","Rhizosphere soil",2,"Medium"
"BS071","Dsol","Proteobacteria","Alphaproteobacteria","Rhizobiales","Rhizobiaceae","Phyllobacterium","ARE","Bintje","Rhizosphere soil",0,"Inactive"
"AL085","Dsol","Actinobacteriota","Actinobacteria","Micrococcales","Micrococcaceae","Micrococcus","ActIA","Innovator","Leaf",0,"Inactive"
"AL086","Dsol","Actinobacteriota","Actinobacteria","Corynebacteriales","Nocardiaceae","Rhodococcus","ActIA","Innovator","Leaf",0,"Inactive"
"AL088","Dsol","Actinobacteriota","Actinobacteria","Micrococcales","Intrasporangiaceae","NA_Intrasporan.","ActIA","Innovator","Leaf",0,"Inactive"
"AL030","Dsol","Actinobacteriota","Actinobacteria","Corynebacteriales","Nocardiaceae","Rhodococcus","TSA","Innovator","Leaf",0,"Inactive"
"AL068","Dsol","Actinobacteriota","Actinobacteria","Micrococcales","Microbacteriaceae","Frigoribacteri.","ARE","Innovator","Leaf",0,"Inactive"
"AL072","Dsol","Actinobacteriota","Actinobacteria","Micrococcales","Microbacteriaceae","Frigoribacteri.","ActIA","Innovator","Leaf",0,"Inactive"
"AL078","Dsol","Actinobacteriota","Actinobacteria","Micrococcales","Microbacteriaceae","Frigoribacteri.","ActIA","Innovator","Leaf",0,"Inactive"
"AR002","Dsol","Firmicutes","Bacilli","Bacillales","Bacillaceae","Bacillus","TSA","Innovator","Root",0,"Inactive"
"AS074","Dsol","Actinobacteriota","Actinobacteria","Corynebacteriales","Nocardiaceae","Rhodococcus","ARE","Innovator","Rhizosphere soil",0,"Inactive"
"BL086","Dsol","Firmicutes","Bacilli","Bacillales","Bacillaceae","Bacillus","ARE","Bintje","Leaf",0,"Inactive"
"AL022","Dsol","Actinobacteriota","Actinobacteria","Micrococcales","Microbacteriaceae","Microbacterium","TSA","Innovator","Leaf",0,"Inactive"
"AL096","Dsol","Actinobacteriota","Actinobacteria","Micrococcales","Microbacteriaceae","Frigoribacteri.","ActIA","Innovator","Leaf",0,"Inactive"
"AS042","Dsol","Actinobacteriota","Actinobacteria","Micrococcales","Microbacteriaceae","Microbacterium","TSA","Innovator","Rhizosphere soil",0,"Inactive"
"BL076","Dsol","Actinobacteriota","Actinobacteria","Corynebacteriales","Nocardiaceae","Rhodococcus","ARE","Bintje","Leaf",0,"Inactive"
"BL079","Dsol","Actinobacteriota","Actinobacteria","Micrococcales","Microbacteriaceae","Frigoribacteri.","ARE","Bintje","Leaf",0,"Inactive"
"BR150","Dsol","Proteobacteria","Alphaproteobacteria","Rhizobiales","Rhizobiaceae","Allorhizobium-.","ARE","Bintje","Root",0,"Inactive"
"AL047","Dsol","Actinobacteriota","Actinobacteria","Micrococcales","Microbacteriaceae","Frigoribacteri.","ARE","Innovator","Leaf",0,"Inactive"
"AL048","Dsol","Actinobacteriota","Actinobacteria","Micrococcales","Microbacteriaceae","Microbacterium","ARE","Innovator","Leaf",0,"Inactive"
"AL076","Dsol","Firmicutes","Bacilli","Bacillales","Planococcaceae","Paenisporosarc.","ActIA","Innovator","Leaf",0,"Inactive"
"AS029","Dsol","Firmicutes","Bacilli","Bacillales","Bacillaceae","Bacillus","TSA","Innovator","Rhizosphere soil",0,"Inactive"
"AS070","Dsol","Proteobacteria","Alphaproteobacteria","Rhizobiales","Rhizobiaceae","Allorhizobium-.","ARE","Innovator","Rhizosphere soil",0,"Inactive"
"BL073","Dsol","Actinobacteriota","Actinobacteria","Micrococcales","Microbacteriaceae","Frigoribacteri.","ARE","Bintje","Leaf",0,"Inactive"
"BR036","Dsol","Proteobacteria","Gammaproteobacteria","Burkholderiales","Comamonadaceae","Variovorax","ARE","Bintje","Root",0,"Inactive"
"BR098","Dsol","Firmicutes","Bacilli","Bacillales","Bacillaceae","Bacillus","TSA","Bintje","Root",0,"Inactive"
"BR137","Dsol","Proteobacteria","Gammaproteobacteria","Pseudomonadales","Pseudomonadaceae","Pseudomonas","ARE","Bintje","Root",0,"Inactive"
"BR153","Dsol","Proteobacteria","Alphaproteobacteria","Rhizobiales","Rhizobiaceae","Allorhizobium-.","ARE","Bintje","Root",0,"Inactive"
"BS098","Dsol","Actinobacteriota","Actinobacteria","Micrococcales","Microbacteriaceae","Microbacterium","ActIA","Bintje","Rhizosphere soil",0,"Inactive"
"AL011","Dsol","Actinobacteriota","Actinobacteria","Micrococcales","Intrasporangiaceae","Janibacter","TSA","Innovator","Leaf",0,"Inactive"
"AL039","Dsol","Proteobacteria","Alphaproteobacteria","Rhizobiales","Rhizobiaceae","Allorhizobium-.","ARE","Innovator","Leaf",0,"Inactive"
"BL037","Dsol","Proteobacteria","Alphaproteobacteria","Caulobacterales","Caulobacteraceae","Caulobacter","ActIA","Bintje","Leaf",0,"Inactive"
"BL049","Dsol","Firmicutes","Bacilli","Bacillales","Bacillaceae","Bacillus","TSA","Bintje","Leaf",0,"Inactive"
"AL027","Dsol","Actinobacteriota","Actinobacteria","Micrococcales","Microbacteriaceae","Microbacterium","TSA","Innovator","Leaf",0,"Inactive"
"AL061","Dsol","Actinobacteriota","Actinobacteria","Micrococcales","Microbacteriaceae","Microbacterium","ARE","Innovator","Leaf",0,"Inactive"
"AL087","Dsol","Actinobacteriota","Actinobacteria","Micrococcales","Microbacteriaceae","Curtobacterium","ActIA","Innovator","Leaf",0,"Inactive"
"AR009","Dsol","Proteobacteria","Gammaproteobacteria","Burkholderiales","Comamonadaceae","Acidovorax","TSA","Innovator","Root",0,"Inactive"
"AS013","Dsol","Firmicutes","Bacilli","Bacillales","Bacillaceae","Bacillus","TSA","Innovator","Rhizosphere soil",0,"Inactive"
"AS026","Dsol","Proteobacteria","Gammaproteobacteria","Burkholderiales","Comamonadaceae","Variovorax","TSA","Innovator","Rhizosphere soil",0,"Inactive"
"AS088","Dsol","Actinobacteriota","Actinobacteria","Corynebacteriales","Nocardiaceae","Gordonia","ARE","Innovator","Rhizosphere soil",0,"Inactive"
"AS175b","Dsol","Bacteroidota","Bacteroidia","Sphingobacteriales","Sphingobacteriaceae","Pedobacter","ARE","Innovator","Rhizosphere soil",0,"Inactive"
"AS182","Dsol","Proteobacteria","Gammaproteobacteria","Burkholderiales","Comamonadaceae","Variovorax","ARE","Innovator","Rhizosphere soil",0,"Inactive"
"BR023","Dsol","Proteobacteria","Gammaproteobacteria","Burkholderiales","Comamonadaceae","Variovorax","PDA","Bintje","Root",0,"Inactive"
"BR103","Dsol","Actinobacteriota","Actinobacteria","Micrococcales","Microbacteriaceae","Microbacterium","TSA","Bintje","Root",0,"Inactive"
"BS171","Dsol","Actinobacteriota","Actinobacteria","Micrococcales","Microbacteriaceae","Microbacterium","TSA","Bintje","Rhizosphere soil",0,"Inactive"
"AL094","Dsol","Actinobacteriota","Actinobacteria","Micrococcales","Microbacteriaceae","Frigoribacteri.","ActIA","Innovator","Leaf",0,"Inactive"
"AR093","Dsol","Proteobacteria","Gammaproteobacteria","Enterobacterales","Enterobacteriaceae","NA_Enterobacte.","ActIA","Innovator","Root",0,"Inactive"
"AS043","Dsol","Bacteroidota","Bacteroidia","Sphingobacteriales","Sphingobacteriaceae","Pedobacter","TSA","Innovator","Rhizosphere soil",0,"Inactive"
"AS176","Dsol","Proteobacteria","Gammaproteobacteria","Pseudomonadales","Pseudomonadaceae","Pseudomonas","ARE","Innovator","Rhizosphere soil",0,"Inactive"
"BL088","Dsol","Actinobacteriota","Actinobacteria","Micrococcales","Microbacteriaceae","Curtobacterium","ARE","Bintje","Leaf",0,"Inactive"
"BR010","Dsol","Proteobacteria","Gammaproteobacteria","Burkholderiales","Comamonadaceae","Acidovorax","PDA","Bintje","Root",0,"Inactive"
"BR149","Dsol","Proteobacteria","Gammaproteobacteria","Enterobacterales","Morganellaceae","Providencia","ARE","Bintje","Root",0,"Inactive"
"BS192","Dsol","Proteobacteria","Gammaproteobacteria","Burkholderiales","Comamonadaceae","Acidovorax","TSA","Bintje","Rhizosphere soil",0,"Inactive"
"AR177","Dsol","Proteobacteria","Alphaproteobacteria","Rhizobiales","Rhizobiaceae","Phyllobacterium","ARE","Innovator","Root",0,"Inactive"
"AL017","Dsol","Actinobacteriota","Actinobacteria","Micrococcales","Microbacteriaceae","Microbacterium","TSA","Innovator","Leaf",0,"Inactive"
"AR032","Dsol","Proteobacteria","Gammaproteobacteria","Burkholderiales","Comamonadaceae","Variovorax","TSA","Innovator","Root",0,"Inactive"
"AR097","Dsol","Proteobacteria","Gammaproteobacteria","Burkholderiales","Alcaligenaceae","Advenella","ActIA","Innovator","Root",0,"Inactive"
"AS180","Dsol","Proteobacteria","Gammaproteobacteria","Burkholderiales","Comamonadaceae","Variovorax","ARE","Innovator","Rhizosphere soil",0,"Inactive"
"BR050","Dsol","Proteobacteria","Gammaproteobacteria","Burkholderiales","Comamonadaceae","Diaphorobacter","ActIA","Bintje","Root",0,"Inactive"
"AS081","Dsol","Actinobacteriota","Actinobacteria","Micrococcales","Microbacteriaceae","Microbacterium","ARE","Innovator","Rhizosphere soil",0,"Inactive"
"AS085","Dsol","Proteobacteria","Gammaproteobacteria","Burkholderiales","Alcaligenaceae","Advenella","ARE","Innovator","Rhizosphere soil",0,"Inactive"
"BR021","Dsol","Proteobacteria","Gammaproteobacteria","Burkholderiales","Comamonadaceae","NA_Comamonadac.","PDA","Bintje","Root",0,"Inactive"
"BR067","Dsol","Actinobacteriota","Actinobacteria","Micrococcales","Microbacteriaceae","Microbacterium","ActIA","Bintje","Root",0,"Inactive"
"BR156","Dsol","Proteobacteria","Gammaproteobacteria","Burkholderiales","Comamonadaceae","Diaphorobacter","ARE","Bintje","Root",0,"Inactive"
"BS091","Pcar","Actinobacteriota","Actinobacteria","Micrococcales","Brevibacteriaceae","Brevibacterium","ActIA","Bintje","Rhizosphere soil",0,"Inactive"
"AR066","Pcar","Actinobacteriota","Actinobacteria","Micrococcales","Micrococcaceae","Paenarthrobact.","ARE","Innovator","Root",0,"Inactive"
"AS052","Pcar","Actinobacteriota","Actinobacteria","Micrococcales","Micrococcaceae","NA_Micrococcac.","ARE","Innovator","Rhizosphere soil",0,"Inactive"
"BS094","Pcar","Actinobacteriota","Actinobacteria","Micrococcales","Brevibacteriaceae","Brevibacterium","ActIA","Bintje","Rhizosphere soil",0,"Inactive"
"BS135","Pcar","Firmicutes","Bacilli","Bacillales","Bacillaceae","Bacillus","ActIA","Bintje","Rhizosphere soil",0,"Inactive"
"AR070","Pcar","Actinobacteriota","Actinobacteria","Micrococcales","Micrococcaceae","Paenarthrobact.","ARE","Innovator","Root",0,"Inactive"
"AR049","Pcar","Actinobacteriota","Actinobacteria","Micrococcales","Microbacteriaceae","Microbacterium","TSA","Innovator","Root",0,"Inactive"
"AR071","Pcar","Proteobacteria","Gammaproteobacteria","Pseudomonadales","Pseudomonadaceae","Pseudomonas","ARE","Innovator","Root",0,"Inactive"
"AR077","Pcar","Proteobacteria","Alphaproteobacteria","Rhizobiales","Rhizobiaceae","Allorhizobium-.","ARE","Innovator","Root",0,"Inactive"
"AR088","Pcar","Proteobacteria","Gammaproteobacteria","Pseudomonadales","Pseudomonadaceae","Pseudomonas","ARE","Innovator","Root",0,"Inactive"
"AR118","Pcar","Proteobacteria","Gammaproteobacteria","Burkholderiales","Comamonadaceae","Diaphorobacter","ActIA","Innovator","Root",0,"Inactive"
"AR168","Pcar","Proteobacteria","Gammaproteobacteria","Pseudomonadales","Pseudomonadaceae","Pseudomonas","ActIA","Innovator","Root",0,"Inactive"
"AS054","Pcar","Proteobacteria","Alphaproteobacteria","Rhizobiales","Rhizobiaceae","Allorhizobium-.","ARE","Innovator","Rhizosphere soil",0,"Inactive"
"BL067","Pcar","Proteobacteria","Alphaproteobacteria","Rhizobiales","Rhizobiaceae","Allorhizobium-.","TSA","Bintje","Leaf",0,"Inactive"
"BR039","Pcar","Proteobacteria","Alphaproteobacteria","Sphingomonadales","Sphingomonadaceae","Sphingomonas","ARE","Bintje","Root",0,"Inactive"
"BR055","Pcar","Actinobacteriota","Actinobacteria","Micrococcales","Microbacteriaceae","Microbacterium","ActIA","Bintje","Root",0,"Inactive"
"BR126","Pcar","Proteobacteria","Alphaproteobacteria","Rhizobiales","Rhizobiaceae","Allorhizobium-.","TSA","Bintje","Root",0,"Inactive"
"BR134","Pcar","Firmicutes","Bacilli","Bacillales","Bacillaceae","Bacillus","TSA","Bintje","Root",0,"Inactive"
"AR060","Pcar","Proteobacteria","Gammaproteobacteria","Pseudomonadales","Pseudomonadaceae","Pseudomonas","ARE","Innovator","Root",0,"Inactive"
"AR083","Pcar","Proteobacteria","Alphaproteobacteria","Rhizobiales","Rhizobiaceae","Allorhizobium-.","ARE","Innovator","Root",0,"Inactive"
"AS062","Pcar","Proteobacteria","Gammaproteobacteria","Pseudomonadales","Pseudomonadaceae","Pseudomonas","ARE","Innovator","Rhizosphere soil",1,"Low"
"AS071","Pcar","Proteobacteria","Gammaproteobacteria","Pseudomonadales","Pseudomonadaceae","Pseudomonas","ARE","Innovator","Rhizosphere soil",0,"Inactive"
"AS091","Pcar","Actinobacteriota","Actinobacteria","Corynebacteriales","Tsukamurellaceae","Tsukamurella","ARE","Innovator","Rhizosphere soil",0,"Inactive"
"AS109","Pcar","Actinobacteriota","Actinobacteria","Corynebacteriales","Nocardiaceae","Rhodococcus","ActIA","Innovator","Rhizosphere soil",0,"Inactive"
"BL045","Pcar","Proteobacteria","Alphaproteobacteria","Rhizobiales","Rhizobiaceae","Allorhizobium-.","ActIA","Bintje","Leaf",0,"Inactive"
"BR058","Pcar","Proteobacteria","Gammaproteobacteria","Pseudomonadales","Pseudomonadaceae","Pseudomonas","ActIA","Bintje","Root",0,"Inactive"
"BR093","Pcar","Proteobacteria","Gammaproteobacteria","Pseudomonadales","Pseudomonadaceae","Pseudomonas","TSA","Bintje","Root",0,"Inactive"
"BR128","Pcar","Actinobacteriota","Actinobacteria","Micrococcales","Microbacteriaceae","Microbacterium","TSA","Bintje","Root",0,"Inactive"
"BL050","Pcar","Actinobacteriota","Actinobacteria","Corynebacteriales","Nocardiaceae","Rhodococcus","TSA","Bintje","Leaf",0,"Inactive"
"BS150","Pcar","Firmicutes","Bacilli","Bacillales","Bacillaceae","Bacillus","TSA","Bintje","Rhizosphere soil",0,"Inactive"
"BR135","Pcar","Proteobacteria","Gammaproteobacteria","Pseudomonadales","Pseudomonadaceae","Pseudomonas","TSA","Bintje","Root",0,"Inactive"
"BR138","Pcar","Proteobacteria","Gammaproteobacteria","Pseudomonadales","Pseudomonadaceae","Pseudomonas","ARE","Bintje","Root",0,"Inactive"
"BR148","Pcar","Proteobacteria","Gammaproteobacteria","Pseudomonadales","Pseudomonadaceae","Pseudomonas","ARE","Bintje","Root",0,"Inactive"
"BS131","Pcar","Firmicutes","Bacilli","Bacillales","Bacillaceae","Bacillus","ActIA","Bintje","Rhizosphere soil",0,"Inactive"
"AR025","Pcar","Firmicutes","Bacilli","Bacillales","Bacillaceae","Bacillus","TSA","Innovator","Root",0,"Inactive"
"AR122","Pcar","Proteobacteria","Alphaproteobacteria","Rhizobiales","Rhizobiaceae","Ochrobactrum","ActIA","Innovator","Root",0,"Inactive"
"AS089","Pcar","Proteobacteria","Gammaproteobacteria","Pseudomonadales","Pseudomonadaceae","Pseudomonas","ARE","Innovator","Rhizosphere soil",0,"Inactive"
"AS101","Pcar","Firmicutes","Bacilli","Bacillales","Bacillaceae","Bacillus","ActIA","Innovator","Rhizosphere soil",0,"Inactive"
"AS135","Pcar","Actinobacteriota","Actinobacteria","Micrococcales","Microbacteriaceae","Microbacterium","ActIA","Innovator","Rhizosphere soil",0,"Inactive"
"BR101","Pcar","Proteobacteria","Gammaproteobacteria","Burkholderiales","Comamonadaceae","Acidovorax","TSA","Bintje","Root",0,"Inactive"
"BS079","Pcar","Firmicutes","Bacilli","Bacillales","Planococcaceae","Paenisporosarc.","ActIA","Bintje","Rhizosphere soil",0,"Inactive"
"BS113","Pcar","Firmicutes","Bacilli","Bacillales","Bacillaceae","Bacillus","ActIA","Bintje","Rhizosphere soil",0,"Inactive"
"AR095","Pcar","Firmicutes","Bacilli","Bacillales","Planococcaceae","Paenisporosarc.","ActIA","Innovator","Root",0,"Inactive"
"BR071","Pcar","Firmicutes","Bacilli","Bacillales","Planococcaceae","Psychrobacillus","ActIA","Bintje","Root",0,"Inactive"
"AR075","Pcar","Proteobacteria","Gammaproteobacteria","Pseudomonadales","Pseudomonadaceae","Pseudomonas","ARE","Innovator","Root",0,"Inactive"
"AS060","Pcar","Proteobacteria","Gammaproteobacteria","Burkholderiales","Alcaligenaceae","Achromobacter","ARE","Innovator","Rhizosphere soil",0,"Inactive"
"AS087","Pcar","Proteobacteria","Gammaproteobacteria","Burkholderiales","Alcaligenaceae","NA_Alcaligenac.","ARE","Innovator","Rhizosphere soil",0,"Inactive"
"BS232","Pcar","Firmicutes","Bacilli","Bacillales","Bacillaceae","Bacillus","ARE","Bintje","Rhizosphere soil",0,"Inactive"
"BS130","Pcar","Proteobacteria","Gammaproteobacteria","Pseudomonadales","Pseudomonadaceae","Pseudomonas","ActIA","Bintje","Rhizosphere soil",0,"Inactive"
"AS175","Pcar","Bacteroidota","Bacteroidia","Sphingobacteriales","Sphingobacteriaceae","Pedobacter","ARE","Innovator","Rhizosphere soil",0,"Inactive"
"AS178","Pcar","Proteobacteria","Alphaproteobacteria","Rhizobiales","Rhizobiaceae","Phyllobacterium","ARE","Innovator","Rhizosphere soil",0,"Inactive"
"AR074","Pcar","Actinobacteriota","Actinobacteria","Corynebacteriales","Nocardiaceae","Rhodococcus","ARE","Innovator","Root",0,"Inactive"
"AL029","Pcar","Actinobacteriota","Actinobacteria","Corynebacteriales","Nocardiaceae","Rhodococcus","TSA","Innovator","Leaf",0,"Inactive"
"AL041","Pcar","Actinobacteriota","Actinobacteria","Corynebacteriales","Nocardiaceae","Rhodococcus","ARE","Innovator","Leaf",0,"Inactive"
"AL093","Pcar","Actinobacteriota","Actinobacteria","Corynebacteriales","Nocardiaceae","Rhodococcus","ActIA","Innovator","Leaf",0,"Inactive"
"AS017","Pcar","Actinobacteriota","Actinobacteria","Corynebacteriales","Nocardiaceae","Rhodococcus","TSA","Innovator","Rhizosphere soil",0,"Inactive"
"AR057","Pcar","Firmicutes","Bacilli","Bacillales","Bacillaceae","Bacillus","TSA","Innovator","Root",0,"Inactive"
"AL064","Pcar","Proteobacteria","Alphaproteobacteria","Rhizobiales","Rhizobiaceae","Allorhizobium-.","ARE","Innovator","Leaf",0,"Inactive"
"AR042","Pcar","Firmicutes","Bacilli","Bacillales","Bacillaceae","Bacillus","TSA","Innovator","Root",0,"Inactive"
"AR061","Pcar","Proteobacteria","Alphaproteobacteria","Rhizobiales","Rhizobiaceae","Allorhizobium-.","ARE","Innovator","Root",0,"Inactive"
"AR081","Pcar","Proteobacteria","Alphaproteobacteria","Rhizobiales","Rhizobiaceae","Allorhizobium-.","ARE","Innovator","Root",0,"Inactive"
"AR116","Pcar","Proteobacteria","Alphaproteobacteria","Rhizobiales","Rhizobiaceae","Allorhizobium-.","ActIA","Innovator","Root",0,"Inactive"
"AS064","Pcar","Proteobacteria","Alphaproteobacteria","Rhizobiales","Rhizobiaceae","Allorhizobium-.","ARE","Innovator","Rhizosphere soil",0,"Inactive"
"BL069","Pcar","Actinobacteriota","Actinobacteria","Micrococcales","Microbacteriaceae","Frigoribacteri.","TSA","Bintje","Leaf",0,"Inactive"
"BL071","Pcar","Proteobacteria","Alphaproteobacteria","Rhizobiales","Rhizobiaceae","Allorhizobium-.","ARE","Bintje","Leaf",0,"Inactive"
"BR107","Pcar","Firmicutes","Bacilli","Bacillales","Bacillaceae","Bacillus","TSA","Bintje","Root",0,"Inactive"
"BR120","Pcar","Actinobacteriota","Actinobacteria","Micrococcales","Microbacteriaceae","Microbacterium","TSA","Bintje","Root",0,"Inactive"
"BS196","Pcar","Firmicutes","Bacilli","Bacillales","Bacillaceae","Bacillus","TSA","Bintje","Rhizosphere soil",0,"Inactive"
"BS236","Pcar","Firmicutes","Bacilli","Bacillales","Bacillaceae","Bacillus","ARE","Bintje","Rhizosphere soil",0,"Inactive"
"AS044","Pcar","Proteobacteria","Gammaproteobacteria","Pseudomonadales","Pseudomonadaceae","Pseudomonas","TSA","Innovator","Rhizosphere soil",0,"Inactive"
"AS058","Pcar","Proteobacteria","Alphaproteobacteria","Rhizobiales","Rhizobiaceae","Allorhizobium-.","ARE","Innovator","Rhizosphere soil",0,"Inactive"
"AL004","Pcar","Firmicutes","Bacilli","Bacillales","Bacillaceae","Bacillus","TSA","Innovator","Leaf",0,"Inactive"
"AL005","Pcar","Proteobacteria","Gammaproteobacteria","Burkholderiales","Comamonadaceae","Acidovorax","TSA","Innovator","Leaf",0,"Inactive"
"AL006","Pcar","Actinobacteriota","Actinobacteria","Micrococcales","Microbacteriaceae","Microbacterium","TSA","Innovator","Leaf",0,"Inactive"
"AL063","Pcar","Proteobacteria","Alphaproteobacteria","Sphingomonadales","Sphingomonadaceae","Sphingomonas","ARE","Innovator","Leaf",0,"Inactive"
"AR048","Pcar","Actinobacteriota","Actinobacteria","Micrococcales","Microbacteriaceae","Microbacterium","TSA","Innovator","Root",0,"Inactive"
"AR056","Pcar","Proteobacteria","Alphaproteobacteria","Rhizobiales","Rhizobiaceae","Ochrobactrum","TSA","Innovator","Root",0,"Inactive"
"BL096","Pcar","Firmicutes","Bacilli","Bacillales","Bacillaceae","Bacillus","ARE","Bintje","Leaf",0,"Inactive"
"BR087","Pcar","Proteobacteria","Gammaproteobacteria","Pseudomonadales","Pseudomonadaceae","Pseudomonas","ActIA","Bintje","Root",0,"Inactive"
"BR125","Pcar","Actinobacteriota","Actinobacteria","Micrococcales","Microbacteriaceae","Microbacterium","TSA","Bintje","Root",0,"Inactive"
"BR154","Pcar","Proteobacteria","Gammaproteobacteria","Pseudomonadales","Pseudomonadaceae","Pseudomonas","ARE","Bintje","Root",0,"Inactive"
"BS143","Pcar","Actinobacteriota","Actinobacteria","Micrococcales","Microbacteriaceae","Microbacterium","TSA","Bintje","Rhizosphere soil",0,"Inactive"
"AL001","Pcar","Actinobacteriota","Actinobacteria","Micrococcales","Microbacteriaceae","Curtobacterium","TSA","Innovator","Leaf",0,"Inactive"
"AL099","Pcar","Actinobacteriota","Actinobacteria","Micrococcales","Microbacteriaceae","Curtobacterium","ActIA","Innovator","Leaf",0,"Inactive"
"AR067","Pcar","Actinobacteriota","Actinobacteria","Micrococcales","Microbacteriaceae","Microbacterium","ARE","Innovator","Root",0,"Inactive"
"AR138","Pcar","Actinobacteriota","Actinobacteria","Corynebacteriales","Tsukamurellaceae","Tsukamurella","PDA","Innovator","Root",0,"Inactive"
"AR179","Pcar","Proteobacteria","Alphaproteobacteria","Rhizobiales","Rhizobiaceae","Phyllobacterium","ARE","Innovator","Root",0,"Inactive"
"AS063","Pcar","Proteobacteria","Gammaproteobacteria","Pseudomonadales","Pseudomonadaceae","Pseudomonas","ARE","Innovator","Rhizosphere soil",0,"Inactive"
"BR155","Pcar","Actinobacteriota","Actinobacteria","Micrococcales","Microbacteriaceae","Microbacterium","ARE","Bintje","Root",0,"Inactive"
"BR122","Pcar","Proteobacteria","Gammaproteobacteria","Burkholderiales","Comamonadaceae","Acidovorax","TSA","Bintje","Root",0,"Inactive"
"AS035","Pcar","Firmicutes","Bacilli","Bacillales","Bacillaceae","Bacillus","TSA","Innovator","Rhizosphere soil",0,"Inactive"
"BL056","Pcar","Actinobacteriota","Actinobacteria","Micrococcales","Microbacteriaceae","Plantibacter","TSA","Bintje","Leaf",0,"Inactive"
"BS177","Pcar","Firmicutes","Bacilli","Bacillales","Bacillaceae","Bacillus","TSA","Bintje","Rhizosphere soil",2,"Medium"
"BS199","Pcar","Firmicutes","Bacilli","Bacillales","Bacillaceae","Bacillus","TSA","Bintje","Rhizosphere soil",2,"Medium"
"AR194","Pcar","Actinobacteriota","Actinobacteria","Corynebacteriales","Tsukamurellaceae","Tsukamurella","ARE","Innovator","Root",0,"Inactive"
"BS071","Pcar","Proteobacteria","Alphaproteobacteria","Rhizobiales","Rhizobiaceae","Phyllobacterium","ARE","Bintje","Rhizosphere soil",0,"Inactive"
"AL085","Pcar","Actinobacteriota","Actinobacteria","Micrococcales","Micrococcaceae","Micrococcus","ActIA","Innovator","Leaf",0,"Inactive"
"AL086","Pcar","Actinobacteriota","Actinobacteria","Corynebacteriales","Nocardiaceae","Rhodococcus","ActIA","Innovator","Leaf",0,"Inactive"
"AL088","Pcar","Actinobacteriota","Actinobacteria","Micrococcales","Intrasporangiaceae","NA_Intrasporan.","ActIA","Innovator","Leaf",0,"Inactive"
"AL030","Pcar","Actinobacteriota","Actinobacteria","Corynebacteriales","Nocardiaceae","Rhodococcus","TSA","Innovator","Leaf",0,"Inactive"
"AL068","Pcar","Actinobacteriota","Actinobacteria","Micrococcales","Microbacteriaceae","Frigoribacteri.","ARE","Innovator","Leaf",0,"Inactive"
"AL072","Pcar","Actinobacteriota","Actinobacteria","Micrococcales","Microbacteriaceae","Frigoribacteri.","ActIA","Innovator","Leaf",0,"Inactive"
"AL078","Pcar","Actinobacteriota","Actinobacteria","Micrococcales","Microbacteriaceae","Frigoribacteri.","ActIA","Innovator","Leaf",0,"Inactive"
"AR002","Pcar","Firmicutes","Bacilli","Bacillales","Bacillaceae","Bacillus","TSA","Innovator","Root",0,"Inactive"
"AS074","Pcar","Actinobacteriota","Actinobacteria","Corynebacteriales","Nocardiaceae","Rhodococcus","ARE","Innovator","Rhizosphere soil",0,"Inactive"
"BL086","Pcar","Firmicutes","Bacilli","Bacillales","Bacillaceae","Bacillus","ARE","Bintje","Leaf",0,"Inactive"
"AL022","Pcar","Actinobacteriota","Actinobacteria","Micrococcales","Microbacteriaceae","Microbacterium","TSA","Innovator","Leaf",0,"Inactive"
"AL096","Pcar","Actinobacteriota","Actinobacteria","Micrococcales","Microbacteriaceae","Frigoribacteri.","ActIA","Innovator","Leaf",0,"Inactive"
"AS042","Pcar","Actinobacteriota","Actinobacteria","Micrococcales","Microbacteriaceae","Microbacterium","TSA","Innovator","Rhizosphere soil",0,"Inactive"
"BL076","Pcar","Actinobacteriota","Actinobacteria","Corynebacteriales","Nocardiaceae","Rhodococcus","ARE","Bintje","Leaf",0,"Inactive"
"BL079","Pcar","Actinobacteriota","Actinobacteria","Micrococcales","Microbacteriaceae","Frigoribacteri.","ARE","Bintje","Leaf",0,"Inactive"
"BR150","Pcar","Proteobacteria","Alphaproteobacteria","Rhizobiales","Rhizobiaceae","Allorhizobium-.","ARE","Bintje","Root",0,"Inactive"
"AL047","Pcar","Actinobacteriota","Actinobacteria","Micrococcales","Microbacteriaceae","Frigoribacteri.","ARE","Innovator","Leaf",0,"Inactive"
"AL048","Pcar","Actinobacteriota","Actinobacteria","Micrococcales","Microbacteriaceae","Microbacterium","ARE","Innovator","Leaf",0,"Inactive"
"AL076","Pcar","Firmicutes","Bacilli","Bacillales","Planococcaceae","Paenisporosarc.","ActIA","Innovator","Leaf",0,"Inactive"
"AS029","Pcar","Firmicutes","Bacilli","Bacillales","Bacillaceae","Bacillus","TSA","Innovator","Rhizosphere soil",0,"Inactive"
"AS070","Pcar","Proteobacteria","Alphaproteobacteria","Rhizobiales","Rhizobiaceae","Allorhizobium-.","ARE","Innovator","Rhizosphere soil",0,"Inactive"
"BL073","Pcar","Actinobacteriota","Actinobacteria","Micrococcales","Microbacteriaceae","Frigoribacteri.","ARE","Bintje","Leaf",0,"Inactive"
"BR036","Pcar","Proteobacteria","Gammaproteobacteria","Burkholderiales","Comamonadaceae","Variovorax","ARE","Bintje","Root",0,"Inactive"
"BR098","Pcar","Firmicutes","Bacilli","Bacillales","Bacillaceae","Bacillus","TSA","Bintje","Root",0,"Inactive"
"BR137","Pcar","Proteobacteria","Gammaproteobacteria","Pseudomonadales","Pseudomonadaceae","Pseudomonas","ARE","Bintje","Root",0,"Inactive"
"BR153","Pcar","Proteobacteria","Alphaproteobacteria","Rhizobiales","Rhizobiaceae","Allorhizobium-.","ARE","Bintje","Root",0,"Inactive"
"BS098","Pcar","Actinobacteriota","Actinobacteria","Micrococcales","Microbacteriaceae","Microbacterium","ActIA","Bintje","Rhizosphere soil",0,"Inactive"
"AL011","Pcar","Actinobacteriota","Actinobacteria","Micrococcales","Intrasporangiaceae","Janibacter","TSA","Innovator","Leaf",0,"Inactive"
"AL039","Pcar","Proteobacteria","Alphaproteobacteria","Rhizobiales","Rhizobiaceae","Allorhizobium-.","ARE","Innovator","Leaf",0,"Inactive"
"BL037","Pcar","Proteobacteria","Alphaproteobacteria","Caulobacterales","Caulobacteraceae","Caulobacter","ActIA","Bintje","Leaf",0,"Inactive"
"BL049","Pcar","Firmicutes","Bacilli","Bacillales","Bacillaceae","Bacillus","TSA","Bintje","Leaf",0,"Inactive"
"BS110","Pcar","Actinobacteriota","Actinobacteria","Micrococcales","Microbacteriaceae","Microbacterium","ActIA","Bintje","Rhizosphere soil",0,"Inactive"
"AL027","Pcar","Actinobacteriota","Actinobacteria","Micrococcales","Microbacteriaceae","Microbacterium","TSA","Innovator","Leaf",0,"Inactive"
"AL061","Pcar","Actinobacteriota","Actinobacteria","Micrococcales","Microbacteriaceae","Microbacterium","ARE","Innovator","Leaf",0,"Inactive"
"AL087","Pcar","Actinobacteriota","Actinobacteria","Micrococcales","Microbacteriaceae","Curtobacterium","ActIA","Innovator","Leaf",0,"Inactive"
"AR009","Pcar","Proteobacteria","Gammaproteobacteria","Burkholderiales","Comamonadaceae","Acidovorax","TSA","Innovator","Root",0,"Inactive"
"AS013","Pcar","Firmicutes","Bacilli","Bacillales","Bacillaceae","Bacillus","TSA","Innovator","Rhizosphere soil",0,"Inactive"
"AS026","Pcar","Proteobacteria","Gammaproteobacteria","Burkholderiales","Comamonadaceae","Variovorax","TSA","Innovator","Rhizosphere soil",0,"Inactive"
"AS088","Pcar","Actinobacteriota","Actinobacteria","Corynebacteriales","Nocardiaceae","Gordonia","ARE","Innovator","Rhizosphere soil",0,"Inactive"
"AS175b","Pcar","Bacteroidota","Bacteroidia","Sphingobacteriales","Sphingobacteriaceae","Pedobacter","ARE","Innovator","Rhizosphere soil",0,"Inactive"
"AS182","Pcar","Proteobacteria","Gammaproteobacteria","Burkholderiales","Comamonadaceae","Variovorax","ARE","Innovator","Rhizosphere soil",0,"Inactive"
"BR023","Pcar","Proteobacteria","Gammaproteobacteria","Burkholderiales","Comamonadaceae","Variovorax","PDA","Bintje","Root",0,"Inactive"
"BR103","Pcar","Actinobacteriota","Actinobacteria","Micrococcales","Microbacteriaceae","Microbacterium","TSA","Bintje","Root",0,"Inactive"
"BS171","Pcar","Actinobacteriota","Actinobacteria","Micrococcales","Microbacteriaceae","Microbacterium","TSA","Bintje","Rhizosphere soil",0,"Inactive"
"AL094","Pcar","Actinobacteriota","Actinobacteria","Micrococcales","Microbacteriaceae","Frigoribacteri.","ActIA","Innovator","Leaf",0,"Inactive"
"AR093","Pcar","Proteobacteria","Gammaproteobacteria","Enterobacterales","Enterobacteriaceae","NA_Enterobacte.","ActIA","Innovator","Root",0,"Inactive"
"AS043","Pcar","Bacteroidota","Bacteroidia","Sphingobacteriales","Sphingobacteriaceae","Pedobacter","TSA","Innovator","Rhizosphere soil",0,"Inactive"
"AS176","Pcar","Proteobacteria","Gammaproteobacteria","Pseudomonadales","Pseudomonadaceae","Pseudomonas","ARE","Innovator","Rhizosphere soil",0,"Inactive"
"BL088","Pcar","Actinobacteriota","Actinobacteria","Micrococcales","Microbacteriaceae","Curtobacterium","ARE","Bintje","Leaf",0,"Inactive"
"BR010","Pcar","Proteobacteria","Gammaproteobacteria","Burkholderiales","Comamonadaceae","Acidovorax","PDA","Bintje","Root",0,"Inactive"
"BR149","Pcar","Proteobacteria","Gammaproteobacteria","Enterobacterales","Morganellaceae","Providencia","ARE","Bintje","Root",0,"Inactive"
"BS192","Pcar","Proteobacteria","Gammaproteobacteria","Burkholderiales","Comamonadaceae","Acidovorax","TSA","Bintje","Rhizosphere soil",0,"Inactive"
"BS245","Pcar","Proteobacteria","Alphaproteobacteria","Rhizobiales","Rhizobiaceae","Mesorhizobium","ARE","Bintje","Rhizosphere soil",0,"Inactive"
"AL017","Pcar","Actinobacteriota","Actinobacteria","Micrococcales","Microbacteriaceae","Microbacterium","TSA","Innovator","Leaf",0,"Inactive"
"AR032","Pcar","Proteobacteria","Gammaproteobacteria","Burkholderiales","Comamonadaceae","Variovorax","TSA","Innovator","Root",0,"Inactive"
"AR097","Pcar","Proteobacteria","Gammaproteobacteria","Burkholderiales","Alcaligenaceae","Advenella","ActIA","Innovator","Root",0,"Inactive"
"AS180","Pcar","Proteobacteria","Gammaproteobacteria","Burkholderiales","Comamonadaceae","Variovorax","ARE","Innovator","Rhizosphere soil",0,"Inactive"
"BR050","Pcar","Proteobacteria","Gammaproteobacteria","Burkholderiales","Comamonadaceae","Diaphorobacter","ActIA","Bintje","Root",0,"Inactive"
"AS081","Pcar","Actinobacteriota","Actinobacteria","Micrococcales","Microbacteriaceae","Microbacterium","ARE","Innovator","Rhizosphere soil",0,"Inactive"
"AS085","Pcar","Proteobacteria","Gammaproteobacteria","Burkholderiales","Alcaligenaceae","Advenella","ARE","Innovator","Rhizosphere soil",0,"Inactive"
"BR021","Pcar","Proteobacteria","Gammaproteobacteria","Burkholderiales","Comamonadaceae","NA_Comamonadac.","PDA","Bintje","Root",0,"Inactive"
"BR067","Pcar","Actinobacteriota","Actinobacteria","Micrococcales","Microbacteriaceae","Microbacterium","ActIA","Bintje","Root",0,"Inactive"
"BR156","Pcar","Proteobacteria","Gammaproteobacteria","Burkholderiales","Comamonadaceae","Diaphorobacter","ARE","Bintje","Root",0,"Inactive"
"AL095","Pcar","Actinobacteriota","Actinobacteria","Micrococcales","Intrasporangiaceae","Janibacter","ActIA","Innovator","Leaf",0,"Inactive"
"BS119","Pcar","Proteobacteria","Gammaproteobacteria","Pseudomonadales","Pseudomonadaceae","Pseudomonas","ActIA","Bintje","Rhizosphere soil",0,"Inactive"
"BS170","Pcar","Actinobacteriota","Actinobacteria","Micrococcales","Micrococcaceae","Arthrobacter","TSA","Bintje","Rhizosphere soil",0,"Inactive"
"AL016","Pcar","Actinobacteriota","Actinobacteria","Micrococcales","Microbacteriaceae","Microbacterium","TSA","Innovator","Leaf",0,"Inactive"
"AL019","Pcar","Actinobacteriota","Actinobacteria","Corynebacteriales","Nocardiaceae","Rhodococcus","TSA","Innovator","Leaf",0,"Inactive"
"AL020","Pcar","Actinobacteriota","Actinobacteria","Micrococcales","Microbacteriaceae","Frigoribacteri.","TSA","Innovator","Leaf",0,"Inactive"
"AL080","Pcar","Actinobacteriota","Actinobacteria","Micrococcales","Microbacteriaceae","Frigoribacteri.","ActIA","Innovator","Leaf",0,"Inactive"
"AL097","Pcar","Actinobacteriota","Actinobacteria","Micrococcales","Microbacteriaceae","Frigoribacteri.","ActIA","Innovator","Leaf",0,"Inactive"
"AR007","Pcar","Actinobacteriota","Actinobacteria","Micrococcales","Microbacteriaceae","Microbacterium","TSA","Innovator","Root",0,"Inactive"
"AS110","Pcar","Actinobacteriota","Actinobacteria","Micrococcales","Brevibacteriaceae","Brevibacterium","ActIA","Innovator","Rhizosphere soil",0,"Inactive"
"BS139","Pcar","Firmicutes","Bacilli","Bacillales","Bacillaceae","Bacillus","TSA","Bintje","Rhizosphere soil",0,"Inactive"
"BS209","Pcar","Firmicutes","Bacilli","Bacillales","Bacillaceae","Bacillus","ARE","Bintje","Rhizosphere soil",0,"Inactive"
"AL036","Pcar","Actinobacteriota","Actinobacteria","Micrococcales","Microbacteriaceae","Frigoribacteri.","TSA","Innovator","Leaf",0,"Inactive"
"AL089","Pcar","Actinobacteriota","Actinobacteria","Micrococcales","Microbacteriaceae","Frigoribacteri.","ActIA","Innovator","Leaf",0,"Inactive"
"AR106","Pcar","Actinobacteriota","Actinobacteria","Micrococcales","Microbacteriaceae","Microbacterium","ActIA","Innovator","Root",0,"Inactive"
"BL095","Pcar","Actinobacteriota","Actinobacteria","Micrococcales","Microbacteriaceae","Frigoribacteri.","ARE","Bintje","Leaf",0,"Inactive"
"BR121","Pcar","Actinobacteriota","Actinobacteria","Micrococcales","Microbacteriaceae","Agromyces","TSA","Bintje","Root",0,"Inactive"
"BR145","Pcar","Actinobacteriota","Actinobacteria","Micrococcales","Microbacteriaceae","Microbacterium","ARE","Bintje","Root",0,"Inactive"
"AL075","Pcar","Actinobacteriota","Actinobacteria","Micrococcales","Microbacteriaceae","Rathayibacter","ActIA","Innovator","Leaf",0,"Inactive"
"AR039","Pcar","Firmicutes","Bacilli","Bacillales","Bacillaceae","Bacillus","TSA","Innovator","Root",0,"Inactive"
"AR051","Pcar","Actinobacteriota","Actinobacteria","Propionibacteriales","Nocardioidaceae","Nocardioides","TSA","Innovator","Root",0,"Inactive"
"AS001","Pcar","Firmicutes","Bacilli","Bacillales","Bacillaceae","Bacillus","TSA","Innovator","Rhizosphere soil",0,"Inactive"
"AS028","Pcar","Firmicutes","Bacilli","Brevibacillales","Brevibacillaceae","Brevibacillus","TSA","Innovator","Rhizosphere soil",0,"Inactive"
"AS181","Pcar","Proteobacteria","Gammaproteobacteria","Burkholderiales","Comamonadaceae","Variovorax","ARE","Innovator","Rhizosphere soil",0,"Inactive"
"BS138","Pcar","Proteobacteria","Alphaproteobacteria","Rhizobiales","Rhizobiaceae","Ensifer","TSA","Bintje","Rhizosphere soil",0,"Inactive"
"BR066","Pcar","Firmicutes","Bacilli","Bacillales","Bacillaceae","Bacillus","ActIA","Bintje","Root",0,"Inactive"
"AL021","Pcar","Actinobacteriota","Actinobacteria","Micrococcales","Microbacteriaceae","Microbacterium","TSA","Innovator","Leaf",0,"Inactive"
"AL042","Pcar","Actinobacteriota","Actinobacteria","Micrococcales","Microbacteriaceae","Frigoribacteri.","ARE","Innovator","Leaf",0,"Inactive"
"AR046","Pcar","Actinobacteriota","Actinobacteria","Propionibacteriales","Nocardioidaceae","Nocardioides","TSA","Innovator","Root",0,"Inactive"
"AR001","Pcar","Firmicutes","Bacilli","Bacillales","Bacillaceae","Bacillus","TSA","Innovator","Root",0,"Inactive"
"AR021","Pcar","Actinobacteriota","Actinobacteria","Micrococcales","Microbacteriaceae","Agromyces","TSA","Innovator","Root",0,"Inactive"
"AR076","Pcar","Proteobacteria","Gammaproteobacteria","Burkholderiales","Comamonadaceae","Variovorax","ARE","Innovator","Root",0,"Inactive"
"AR143","Pcar","Proteobacteria","Gammaproteobacteria","Burkholderiales","Comamonadaceae","Variovorax","PDA","Innovator","Root",0,"Inactive"
"AR144","Pcar","Proteobacteria","Gammaproteobacteria","Burkholderiales","Comamonadaceae","Variovorax","PDA","Innovator","Root",0,"Inactive"
"AS080","Pcar","Proteobacteria","Gammaproteobacteria","Burkholderiales","Comamonadaceae","Variovorax","ARE","Innovator","Rhizosphere soil",0,"Inactive"
"AS093","Pcar","Proteobacteria","Gammaproteobacteria","Burkholderiales","Comamonadaceae","Variovorax","ARE","Innovator","Rhizosphere soil",0,"Inactive"
"AS119","Pcar","Firmicutes","Bacilli","Bacillales","Bacillaceae","Bacillus","ActIA","Innovator","Rhizosphere soil",0,"Inactive"
"BL097","Pcar","Actinobacteriota","Actinobacteria","Micrococcales","Microbacteriaceae","Frigoribacteri.","ARE","Bintje","Leaf",0,"Inactive"
"BS037","Pcar","Proteobacteria","Gammaproteobacteria","Burkholderiales","Comamonadaceae","Variovorax","PDA","Bintje","Rhizosphere soil",0,"Inactive"
"AL007","Pcar","Firmicutes","Bacilli","Bacillales","Bacillaceae","Bacillus","TSA","Innovator","Leaf",0,"Inactive"
"AL049","Pcar","Bacteroidota","Bacteroidia","Cytophagales","Cytophagaceae","Siphonobacter","ARE","Innovator","Leaf",0,"Inactive"
"AL098","Pcar","Actinobacteriota","Actinobacteria","Micrococcales","Microbacteriaceae","Frigoribacteri.","ActIA","Innovator","Leaf",0,"Inactive"
"AR132","Pcar","Proteobacteria","Gammaproteobacteria","Burkholderiales","Comamonadaceae","NA_Comamonadac.","PDA","Innovator","Root",0,"Inactive"
"AR190","Pcar","Proteobacteria","Gammaproteobacteria","Burkholderiales","Comamonadaceae","Variovorax","ARE","Innovator","Root",0,"Inactive"
"AS086","Pcar","Actinobacteriota","Actinobacteria","Micrococcales","Microbacteriaceae","Microbacterium","ARE","Innovator","Rhizosphere soil",0,"Inactive"
"BS203","Pcar","Actinobacteriota","Actinobacteria","Micrococcales","Microbacteriaceae","Microbacterium","TSA","Bintje","Rhizosphere soil",0,"Inactive"
"BS240","Pcar","Proteobacteria","Gammaproteobacteria","Burkholderiales","Comamonadaceae","Variovorax","ARE","Bintje","Rhizosphere soil",0,"Inactive"
"AS022","Pcar","Firmicutes","Bacilli","Bacillales","Bacillaceae","Bacillus","TSA","Innovator","Rhizosphere soil",0,"Inactive"
"AR176","Pcar","Proteobacteria","Gammaproteobacteria","Burkholderiales","Comamonadaceae","Variovorax","ARE","Innovator","Root",0,"Inactive"
"AS031","Pcar","Proteobacteria","Alphaproteobacteria","Rhizobiales","Rhizobiaceae","Aminobacter","TSA","Innovator","Rhizosphere soil",0,"Inactive"
"BR034","Pcar","Proteobacteria","Gammaproteobacteria","Burkholderiales","Comamonadaceae","Variovorax","ARE","Bintje","Root",0,"Inactive"
"BS158","Pcar","Proteobacteria","Gammaproteobacteria","Burkholderiales","Comamonadaceae","Variovorax","TSA","Bintje","Rhizosphere soil",0,"Inactive"
"AL028","Pcar","Firmicutes","Bacilli","Bacillales","Bacillaceae","Bacillus","TSA","Innovator","Leaf",0,"Inactive"
"AR028","Pcar","Actinobacteriota","Actinobacteria","Micrococcales","Microbacteriaceae","Leifsonia","TSA","Innovator","Root",0,"Inactive"
"AR114","Pcar","Proteobacteria","Gammaproteobacteria","Pseudomonadales","Pseudomonadaceae","Pseudomonas","ActIA","Innovator","Root",0,"Inactive"
"AS030","Pcar","Actinobacteriota","Actinobacteria","Micrococcales","Microbacteriaceae","Microbacterium","TSA","Innovator","Rhizosphere soil",0,"Inactive"
"BS039","Pcar","Actinobacteriota","Actinobacteria","Micrococcales","Microbacteriaceae","Microbacterium","PDA","Bintje","Rhizosphere soil",0,"Inactive"
"BS161","Pcar","Actinobacteriota","Actinobacteria","Micrococcales","Microbacteriaceae","Microbacterium","TSA","Bintje","Rhizosphere soil",0,"Inactive"
"AL002","Pcar","Actinobacteriota","Actinobacteria","Micrococcales","Microbacteriaceae","Microbacterium","TSA","Innovator","Leaf",0,"Inactive"
"AL003","Pcar","Actinobacteriota","Actinobacteria","Corynebacteriales","Nocardiaceae","Rhodococcus","TSA","Innovator","Leaf",0,"Inactive"
"AL044","Pcar","Proteobacteria","Alphaproteobacteria","Sphingomonadales","Sphingomonadaceae","Sphingomonas","ARE","Innovator","Leaf",0,"Inactive"
"AL084","Pcar","Actinobacteriota","Actinobacteria","Micrococcales","Microbacteriaceae","Microbacterium","ActIA","Innovator","Leaf",0,"Inactive"
"AS095","Pcar","Actinobacteriota","Actinobacteria","Micrococcales","Microbacteriaceae","Microbacterium","ActIA","Innovator","Rhizosphere soil",0,"Inactive"
"BR080","Pcar","Actinobacteriota","Actinobacteria","Micrococcales","Microbacteriaceae","Microbacterium","ActIA","Bintje","Root",0,"Inactive"
"BS189","Pcar","Actinobacteriota","Actinobacteria","Micrococcales","Microbacteriaceae","Microbacterium","TSA","Bintje","Rhizosphere soil",0,"Inactive"
"AS038","Pcar","Actinobacteriota","Actinobacteria","Micrococcales","Microbacteriaceae","Microbacterium","TSA","Innovator","Rhizosphere soil",0,"Inactive"
"AS134","Pcar","Actinobacteriota","Actinobacteria","Corynebacteriales","Tsukamurellaceae","Tsukamurella","ActIA","Innovator","Rhizosphere soil",0,"Inactive"
"AR058","Pcar","Actinobacteriota","Actinobacteria","Micrococcales","Microbacteriaceae","Microbacterium","TSA","Innovator","Root",0,"Inactive"
"AR105","Pcar","Actinobacteriota","Actinobacteria","Micrococcales","Microbacteriaceae","Microbacterium","ActIA","Innovator","Root",0,"Inactive"
"BR015","Pcar","Proteobacteria","Alphaproteobacteria","Rhizobiales","Rhizobiaceae","Phyllobacterium","PDA","Bintje","Root",0,"Inactive"
"AL009","Pcar","Actinobacteriota","Actinobacteria","Micrococcales","Microbacteriaceae","Frigoribacteri.","TSA","Innovator","Leaf",0,"Inactive"
"AL092","Pcar","Proteobacteria","Alphaproteobacteria","Sphingomonadales","Sphingomonadaceae","Sphingomonas","ActIA","Innovator","Leaf",0,"Inactive"
"AL100","Pcar","Proteobacteria","Alphaproteobacteria","Acetobacterales","Acetobacteraceae","Roseomonas","ActIA","Innovator","Leaf",0,"Inactive"
"AR129","Pcar","Actinobacteriota","Actinobacteria","Micrococcales","Microbacteriaceae","Microbacterium","ActIA","Innovator","Root",0,"Inactive"
"AR195","Pcar","Bacteroidota","Bacteroidia","Sphingobacteriales","Sphingobacteriaceae","Pedobacter","ARE","Innovator","Root",0,"Inactive"
"AS015","Pcar","Actinobacteriota","Actinobacteria","Micrococcales","Microbacteriaceae","Microbacterium","TSA","Innovator","Rhizosphere soil",0,"Inactive"
"AS050","Pcar","Proteobacteria","Gammaproteobacteria","Burkholderiales","Alcaligenaceae","Advenella","ARE","Innovator","Rhizosphere soil",0,"Inactive"
"AS051","Pcar","Actinobacteriota","Actinobacteria","Micrococcales","Microbacteriaceae","Microbacterium","ARE","Innovator","Rhizosphere soil",0,"Inactive"
"AS179","Pcar","Bacteroidota","Bacteroidia","Sphingobacteriales","Sphingobacteriaceae","Pedobacter","ARE","Innovator","Rhizosphere soil",0,"Inactive"
"BL089","Pcar","Proteobacteria","Alphaproteobacteria","Sphingomonadales","Sphingomonadaceae","Sphingomonas","ARE","Bintje","Leaf",0,"Inactive"
"BR073","Pcar","Actinobacteriota","Actinobacteria","Micrococcales","Microbacteriaceae","Microbacterium","ActIA","Bintje","Root",0,"Inactive"
"BR089","Pcar","Actinobacteriota","Actinobacteria","Micrococcales","Microbacteriaceae","Microbacterium","TSA","Bintje","Root",0,"Inactive"
"BR119","Pcar","Actinobacteriota","Actinobacteria","Micrococcales","Microbacteriaceae","Microbacterium","TSA","Bintje","Root",0,"Inactive"
"BR129","Pcar","Actinobacteriota","Actinobacteria","Micrococcales","Microbacteriaceae","Microbacterium","TSA","Bintje","Root",0,"Inactive"
"BR157","Pcar","Proteobacteria","Gammaproteobacteria","Burkholderiales","Alcaligenaceae","Advenella","ARE","Bintje","Root",0,"Inactive"
"BS237","Pcar","Proteobacteria","Alphaproteobacteria","Rhizobiales","Kaistiaceae","Kaistia","ARE","Bintje","Rhizosphere soil",0,"Inactive"
"BS242","Pcar","Bacteroidota","Bacteroidia","Sphingobacteriales","Sphingobacteriaceae","Pedobacter","ARE","Bintje","Rhizosphere soil",0,"Inactive"
"BR106","Pcar","Actinobacteriota","Actinobacteria","Micrococcales","Microbacteriaceae","Microbacterium","TSA","Bintje","Root",0,"Inactive"
"AR126","Pcar","Actinobacteriota","Actinobacteria","Corynebacteriales","Tsukamurellaceae","Tsukamurella","ActIA","Innovator","Root",0,"Inactive"
"AR100","Pcar","Actinobacteriota","Actinobacteria","Micrococcales","Microbacteriaceae","Microbacterium","ActIA","Innovator","Root",0,"Inactive"
"AR178","Pcar","Proteobacteria","Gammaproteobacteria","Burkholderiales","Comamonadaceae","Variovorax","ARE","Innovator","Root",0,"Inactive"
"AR206","Pcar","Bacteroidota","Bacteroidia","Sphingobacteriales","Sphingobacteriaceae","Pedobacter","ARE","Innovator","Root",0,"Inactive"
"AS027","Pcar","Proteobacteria","Gammaproteobacteria","Burkholderiales","Comamonadaceae","Variovorax","TSA","Innovator","Rhizosphere soil",0,"Inactive"
"BR076","Pcar","Actinobacteriota","Actinobacteria","Micrococcales","Microbacteriaceae","Microbacterium","ActIA","Bintje","Root",0,"Inactive"
"BR100","Pcar","Actinobacteriota","Actinobacteria","Micrococcales","Microbacteriaceae","Microbacterium","TSA","Bintje","Root",0,"Inactive"
"BR116","Pcar","Actinobacteriota","Actinobacteria","Micrococcales","Microbacteriaceae","Microbacterium","TSA","Bintje","Root",0,"Inactive"
"BR127","Pcar","Firmicutes","Bacilli","Bacillales","Planococcaceae","Lysinibacillus","TSA","Bintje","Root",0,"Inactive"
"BS246","Pcar","Bacteroidota","Bacteroidia","Sphingobacteriales","Sphingobacteriaceae","Pedobacter","ARE","Bintje","Rhizosphere soil",0,"Inactive"
"AS019","Pcar","Actinobacteriota","Actinobacteria","Micrococcales","Microbacteriaceae","Microbacterium","TSA","Innovator","Rhizosphere soil",0,"Inactive"
"AR103","Pcar","Actinobacteriota","Actinobacteria","Micrococcales","Microbacteriaceae","Microbacterium","ActIA","Innovator","Root",0,"Inactive"
"BS061","Pcar","Proteobacteria","Gammaproteobacteria","Burkholderiales","Comamonadaceae","Variovorax","ARE","Bintje","Rhizosphere soil",0,"Inactive"
"BS068","Pcar","Proteobacteria","Alphaproteobacteria","Rhizobiales","Rhizobiaceae","Ochrobactrum","ARE","Bintje","Rhizosphere soil",0,"Inactive"
"BR028","Pcar","Bacteroidota","Bacteroidia","Sphingobacteriales","Sphingobacteriaceae","Pedobacter","ARE","Bintje","Root",0,"Inactive"
"BR038","Pcar","Bacteroidota","Bacteroidia","Sphingobacteriales","Sphingobacteriaceae","Pedobacter","ARE","Bintje","Root",0,"Inactive"
"AS080","Dsol","Proteobacteria","Gammaproteobacteria","Burkholderiales","Comamonadaceae","Variovorax","ARE","Innovator","Rhizosphere soil",0,"Inactive"
"AS093","Dsol","Proteobacteria","Gammaproteobacteria","Burkholderiales","Comamonadaceae","Variovorax","ARE","Innovator","Rhizosphere soil",0,"Inactive"
"AS119","Dsol","Firmicutes","Bacilli","Bacillales","Bacillaceae","Bacillus","ActIA","Innovator","Rhizosphere soil",0,"Inactive"
"BL097","Dsol","Actinobacteriota","Actinobacteria","Micrococcales","Microbacteriaceae","Frigoribacteri.","ARE","Bintje","Leaf",0,"Inactive"
"BS037","Dsol","Proteobacteria","Gammaproteobacteria","Burkholderiales","Comamonadaceae","Variovorax","PDA","Bintje","Rhizosphere soil",0,"Inactive"
"AL049","Dsol","Bacteroidota","Bacteroidia","Cytophagales","Cytophagaceae","Siphonobacter","ARE","Innovator","Leaf",0,"Inactive"
"AL098","Dsol","Actinobacteriota","Actinobacteria","Micrococcales","Microbacteriaceae","Frigoribacteri.","ActIA","Innovator","Leaf",0,"Inactive"
"AR132","Dsol","Proteobacteria","Gammaproteobacteria","Burkholderiales","Comamonadaceae","NA_Comamonadac.","PDA","Innovator","Root",0,"Inactive"
"AR190","Dsol","Proteobacteria","Gammaproteobacteria","Burkholderiales","Comamonadaceae","Variovorax","ARE","Innovator","Root",0,"Inactive"
"BS203","Dsol","Actinobacteriota","Actinobacteria","Micrococcales","Microbacteriaceae","Microbacterium","TSA","Bintje","Rhizosphere soil",0,"Inactive"
"BS240","Dsol","Proteobacteria","Gammaproteobacteria","Burkholderiales","Comamonadaceae","Variovorax","ARE","Bintje","Rhizosphere soil",0,"Inactive"
"AS022","Dsol","Firmicutes","Bacilli","Bacillales","Bacillaceae","Bacillus","TSA","Innovator","Rhizosphere soil",0,"Inactive"
"AR176","Dsol","Proteobacteria","Gammaproteobacteria","Burkholderiales","Comamonadaceae","Variovorax","ARE","Innovator","Root",0,"Inactive"
"AS031","Dsol","Proteobacteria","Alphaproteobacteria","Rhizobiales","Rhizobiaceae","Aminobacter","TSA","Innovator","Rhizosphere soil",0,"Inactive"
"BR034","Dsol","Proteobacteria","Gammaproteobacteria","Burkholderiales","Comamonadaceae","Variovorax","ARE","Bintje","Root",0,"Inactive"
"BS158","Dsol","Proteobacteria","Gammaproteobacteria","Burkholderiales","Comamonadaceae","Variovorax","TSA","Bintje","Rhizosphere soil",0,"Inactive"
"AL028","Dsol","Firmicutes","Bacilli","Bacillales","Bacillaceae","Bacillus","TSA","Innovator","Leaf",0,"Inactive"
"AR028","Dsol","Actinobacteriota","Actinobacteria","Micrococcales","Microbacteriaceae","Leifsonia","TSA","Innovator","Root",0,"Inactive"
"AR114","Dsol","Proteobacteria","Gammaproteobacteria","Pseudomonadales","Pseudomonadaceae","Pseudomonas","ActIA","Innovator","Root",0,"Inactive"
"AS030","Dsol","Actinobacteriota","Actinobacteria","Micrococcales","Microbacteriaceae","Microbacterium","TSA","Innovator","Rhizosphere soil",0,"Inactive"
"BS161","Dsol","Actinobacteriota","Actinobacteria","Micrococcales","Microbacteriaceae","Microbacterium","TSA","Bintje","Rhizosphere soil",0,"Inactive"
"AL002","Dsol","Actinobacteriota","Actinobacteria","Micrococcales","Microbacteriaceae","Microbacterium","TSA","Innovator","Leaf",0,"Inactive"
"AL003","Dsol","Actinobacteriota","Actinobacteria","Corynebacteriales","Nocardiaceae","Rhodococcus","TSA","Innovator","Leaf",0,"Inactive"
"AL044","Dsol","Proteobacteria","Alphaproteobacteria","Sphingomonadales","Sphingomonadaceae","Sphingomonas","ARE","Innovator","Leaf",0,"Inactive"
"AS095","Dsol","Actinobacteriota","Actinobacteria","Micrococcales","Microbacteriaceae","Microbacterium","ActIA","Innovator","Rhizosphere soil",0,"Inactive"
"BR080","Dsol","Actinobacteriota","Actinobacteria","Micrococcales","Microbacteriaceae","Microbacterium","ActIA","Bintje","Root",0,"Inactive"
"AS134","Dsol","Actinobacteriota","Actinobacteria","Corynebacteriales","Tsukamurellaceae","Tsukamurella","ActIA","Innovator","Rhizosphere soil",0,"Inactive"
"AR058","Dsol","Actinobacteriota","Actinobacteria","Micrococcales","Microbacteriaceae","Microbacterium","TSA","Innovator","Root",0,"Inactive"
"AR105","Dsol","Actinobacteriota","Actinobacteria","Micrococcales","Microbacteriaceae","Microbacterium","ActIA","Innovator","Root",0,"Inactive"
"BR015","Dsol","Proteobacteria","Alphaproteobacteria","Rhizobiales","Rhizobiaceae","Phyllobacterium","PDA","Bintje","Root",0,"Inactive"
"AL092","Dsol","Proteobacteria","Alphaproteobacteria","Sphingomonadales","Sphingomonadaceae","Sphingomonas","ActIA","Innovator","Leaf",0,"Inactive"
"AL100","Dsol","Proteobacteria","Alphaproteobacteria","Acetobacterales","Acetobacteraceae","Roseomonas","ActIA","Innovator","Leaf",0,"Inactive"
"AR195","Dsol","Bacteroidota","Bacteroidia","Sphingobacteriales","Sphingobacteriaceae","Pedobacter","ARE","Innovator","Root",0,"Inactive"
"AS015","Dsol","Actinobacteriota","Actinobacteria","Micrococcales","Microbacteriaceae","Microbacterium","TSA","Innovator","Rhizosphere soil",0,"Inactive"
"AS050","Dsol","Proteobacteria","Gammaproteobacteria","Burkholderiales","Alcaligenaceae","Advenella","ARE","Innovator","Rhizosphere soil",0,"Inactive"
"AS051","Dsol","Actinobacteriota","Actinobacteria","Micrococcales","Microbacteriaceae","Microbacterium","ARE","Innovator","Rhizosphere soil",0,"Inactive"
"AS179","Dsol","Bacteroidota","Bacteroidia","Sphingobacteriales","Sphingobacteriaceae","Pedobacter","ARE","Innovator","Rhizosphere soil",0,"Inactive"
"BL089","Dsol","Proteobacteria","Alphaproteobacteria","Sphingomonadales","Sphingomonadaceae","Sphingomonas","ARE","Bintje","Leaf",0,"Inactive"
"BR073","Dsol","Actinobacteriota","Actinobacteria","Micrococcales","Microbacteriaceae","Microbacterium","ActIA","Bintje","Root",0,"Inactive"
"BR089","Dsol","Actinobacteriota","Actinobacteria","Micrococcales","Microbacteriaceae","Microbacterium","TSA","Bintje","Root",0,"Inactive"
"BR157","Dsol","Proteobacteria","Gammaproteobacteria","Burkholderiales","Alcaligenaceae","Advenella","ARE","Bintje","Root",0,"Inactive"
"BS237","Dsol","Proteobacteria","Alphaproteobacteria","Rhizobiales","Kaistiaceae","Kaistia","ARE","Bintje","Rhizosphere soil",0,"Inactive"
"BS242","Dsol","Bacteroidota","Bacteroidia","Sphingobacteriales","Sphingobacteriaceae","Pedobacter","ARE","Bintje","Rhizosphere soil",0,"Inactive"
"BR106","Dsol","Actinobacteriota","Actinobacteria","Micrococcales","Microbacteriaceae","Microbacterium","TSA","Bintje","Root",0,"Inactive"
"AS009","Dsol","Actinobacteriota","Actinobacteria","Micrococcales","Microbacteriaceae","Microbacterium","TSA","Innovator","Rhizosphere soil",0,"Inactive"
"AR126","Dsol","Actinobacteriota","Actinobacteria","Corynebacteriales","Tsukamurellaceae","Tsukamurella","ActIA","Innovator","Root",0,"Inactive"
"AR178","Dsol","Proteobacteria","Gammaproteobacteria","Burkholderiales","Comamonadaceae","Variovorax","ARE","Innovator","Root",0,"Inactive"
"AR206","Dsol","Bacteroidota","Bacteroidia","Sphingobacteriales","Sphingobacteriaceae","Pedobacter","ARE","Innovator","Root",0,"Inactive"
"AS027","Dsol","Proteobacteria","Gammaproteobacteria","Burkholderiales","Comamonadaceae","Variovorax","TSA","Innovator","Rhizosphere soil",0,"Inactive"
"BR116","Dsol","Actinobacteriota","Actinobacteria","Micrococcales","Microbacteriaceae","Microbacterium","TSA","Bintje","Root",0,"Inactive"
"BR127","Dsol","Firmicutes","Bacilli","Bacillales","Planococcaceae","Lysinibacillus","TSA","Bintje","Root",0,"Inactive"
"BS246","Dsol","Bacteroidota","Bacteroidia","Sphingobacteriales","Sphingobacteriaceae","Pedobacter","ARE","Bintje","Rhizosphere soil",0,"Inactive"
"AS019","Dsol","Actinobacteriota","Actinobacteria","Micrococcales","Microbacteriaceae","Microbacterium","TSA","Innovator","Rhizosphere soil",0,"Inactive"
"AR103","Dsol","Actinobacteriota","Actinobacteria","Micrococcales","Microbacteriaceae","Microbacterium","ActIA","Innovator","Root",0,"Inactive"
"BS061","Dsol","Proteobacteria","Gammaproteobacteria","Burkholderiales","Comamonadaceae","Variovorax","ARE","Bintje","Rhizosphere soil",0,"Inactive"
"BS068","Dsol","Proteobacteria","Alphaproteobacteria","Rhizobiales","Rhizobiaceae","Ochrobactrum","ARE","Bintje","Rhizosphere soil",0,"Inactive"
"BR028","Dsol","Bacteroidota","Bacteroidia","Sphingobacteriales","Sphingobacteriaceae","Pedobacter","ARE","Bintje","Root",0,"Inactive"
"BR038","Dsol","Bacteroidota","Bacteroidia","Sphingobacteriales","Sphingobacteriaceae","Pedobacter","ARE","Bintje","Root",0,"Inactive"
"BS196","Dsol","Firmicutes","Bacilli","Bacillales","Bacillaceae","Bacillus","TSA","Bintje","Rhizosphere soil",0,"Inactive"
"BS200","Dsol","Firmicutes","Bacilli","Bacillales","Bacillaceae","Bacillus","TSA","Bintje","Rhizosphere soil",0,"Inactive"
"AL062","Dsol","Actinobacteriota","Actinobacteria","Corynebacteriales","Nocardiaceae","Rhodococcus","ARE","Innovator","Leaf",0,"Inactive"
"BR161","Dsol","Proteobacteria","Gammaproteobacteria","Burkholderiales","Comamonadaceae","Xenophilus","ARE","Bintje","Root",0,"Inactive"
"AS103","Dsol","Actinobacteriota","Actinobacteria","Micrococcales","Brevibacteriaceae","Brevibacterium","ActIA","Innovator","Rhizosphere soil",0,"Inactive"
"BS200","Pcar","Firmicutes","Bacilli","Bacillales","Bacillaceae","Bacillus","TSA","Bintje","Rhizosphere soil",0,"Inactive"
"BS230","Pcar","Actinobacteriota","Actinobacteria","Micrococcales","Micrococcaceae","Arthrobacter","ARE","Bintje","Rhizosphere soil",0,"Inactive"
"AL062","Pcar","Actinobacteriota","Actinobacteria","Corynebacteriales","Nocardiaceae","Rhodococcus","ARE","Innovator","Leaf",0,"Inactive"
"BL098","Pcar","Actinobacteriota","Actinobacteria","Micrococcales","Microbacteriaceae","Rathayibacter","ARE","Bintje","Leaf",0,"Inactive"
"BR095","Pcar","Actinobacteriota","Actinobacteria","Micrococcales","Microbacteriaceae","Microbacterium","TSA","Bintje","Root",0,"Inactive"
"BS122","Pcar","Firmicutes","Bacilli","Bacillales","Bacillaceae","Bacillus","ActIA","Bintje","Rhizosphere soil",0,"Inactive"
"BS122","Dsol","Firmicutes","Bacilli","Bacillales","Bacillaceae","Bacillus","ActIA","Bintje","Rhizosphere soil",0,"Inactive"
"AL095","Dsol","Actinobacteriota","Actinobacteria","Micrococcales","Intrasporangiaceae","Janibacter","ActIA","Innovator","Leaf",0,"Inactive"
"BS119","Dsol","Proteobacteria","Gammaproteobacteria","Pseudomonadales","Pseudomonadaceae","Pseudomonas","ActIA","Bintje","Rhizosphere soil",0,"Inactive"
"BS170","Dsol","Actinobacteriota","Actinobacteria","Micrococcales","Micrococcaceae","Arthrobacter","TSA","Bintje","Rhizosphere soil",0,"Inactive"
"AL016","Dsol","Actinobacteriota","Actinobacteria","Micrococcales","Microbacteriaceae","Microbacterium","TSA","Innovator","Leaf",0,"Inactive"
"AL019","Dsol","Actinobacteriota","Actinobacteria","Corynebacteriales","Nocardiaceae","Rhodococcus","TSA","Innovator","Leaf",0,"Inactive"
"AL020","Dsol","Actinobacteriota","Actinobacteria","Micrococcales","Microbacteriaceae","Frigoribacteri.","TSA","Innovator","Leaf",0,"Inactive"
"AL080","Dsol","Actinobacteriota","Actinobacteria","Micrococcales","Microbacteriaceae","Frigoribacteri.","ActIA","Innovator","Leaf",0,"Inactive"
"AL097","Dsol","Actinobacteriota","Actinobacteria","Micrococcales","Microbacteriaceae","Frigoribacteri.","ActIA","Innovator","Leaf",0,"Inactive"
"AR007","Dsol","Actinobacteriota","Actinobacteria","Micrococcales","Microbacteriaceae","Microbacterium","TSA","Innovator","Root",0,"Inactive"
"AS110","Dsol","Actinobacteriota","Actinobacteria","Micrococcales","Brevibacteriaceae","Brevibacterium","ActIA","Innovator","Rhizosphere soil",0,"Inactive"
"BS139","Dsol","Firmicutes","Bacilli","Bacillales","Bacillaceae","Bacillus","TSA","Bintje","Rhizosphere soil",0,"Inactive"
"BS209","Dsol","Firmicutes","Bacilli","Bacillales","Bacillaceae","Bacillus","ARE","Bintje","Rhizosphere soil",0,"Inactive"
"AL036","Dsol","Actinobacteriota","Actinobacteria","Micrococcales","Microbacteriaceae","Frigoribacteri.","TSA","Innovator","Leaf",0,"Inactive"
"AL089","Dsol","Actinobacteriota","Actinobacteria","Micrococcales","Microbacteriaceae","Frigoribacteri.","ActIA","Innovator","Leaf",0,"Inactive"
"AR106","Dsol","Actinobacteriota","Actinobacteria","Micrococcales","Microbacteriaceae","Microbacterium","ActIA","Innovator","Root",0,"Inactive"
"BL095","Dsol","Actinobacteriota","Actinobacteria","Micrococcales","Microbacteriaceae","Frigoribacteri.","ARE","Bintje","Leaf",0,"Inactive"
"BR121","Dsol","Actinobacteriota","Actinobacteria","Micrococcales","Microbacteriaceae","Agromyces","TSA","Bintje","Root",0,"Inactive"
"BR145","Dsol","Actinobacteriota","Actinobacteria","Micrococcales","Microbacteriaceae","Microbacterium","ARE","Bintje","Root",0,"Inactive"
"AL075","Dsol","Actinobacteriota","Actinobacteria","Micrococcales","Microbacteriaceae","Rathayibacter","ActIA","Innovator","Leaf",0,"Inactive"
"AR051","Dsol","Actinobacteriota","Actinobacteria","Propionibacteriales","Nocardioidaceae","Nocardioides","TSA","Innovator","Root",0,"Inactive"
"AS181","Dsol","Proteobacteria","Gammaproteobacteria","Burkholderiales","Comamonadaceae","Variovorax","ARE","Innovator","Rhizosphere soil",0,"Inactive"
"BS138","Dsol","Proteobacteria","Alphaproteobacteria","Rhizobiales","Rhizobiaceae","Ensifer","TSA","Bintje","Rhizosphere soil",0,"Inactive"
"BR066","Dsol","Firmicutes","Bacilli","Bacillales","Bacillaceae","Bacillus","ActIA","Bintje","Root",0,"Inactive"
"AL021","Dsol","Actinobacteriota","Actinobacteria","Micrococcales","Microbacteriaceae","Microbacterium","TSA","Innovator","Leaf",0,"Inactive"
"AL042","Dsol","Actinobacteriota","Actinobacteria","Micrococcales","Microbacteriaceae","Frigoribacteri.","ARE","Innovator","Leaf",0,"Inactive"
"AR046","Dsol","Actinobacteriota","Actinobacteria","Propionibacteriales","Nocardioidaceae","Nocardioides","TSA","Innovator","Root",0,"Inactive"
"AR001","Dsol","Firmicutes","Bacilli","Bacillales","Bacillaceae","Bacillus","TSA","Innovator","Root",0,"Inactive"
"AR021","Dsol","Actinobacteriota","Actinobacteria","Micrococcales","Microbacteriaceae","Agromyces","TSA","Innovator","Root",0,"Inactive"
"AR076","Dsol","Proteobacteria","Gammaproteobacteria","Burkholderiales","Comamonadaceae","Variovorax","ARE","Innovator","Root",0,"Inactive"
"AR143","Dsol","Proteobacteria","Gammaproteobacteria","Burkholderiales","Comamonadaceae","Variovorax","PDA","Innovator","Root",0,"Inactive"
"AR144","Dsol","Proteobacteria","Gammaproteobacteria","Burkholderiales","Comamonadaceae","Variovorax","PDA","Innovator","Root",0,"Inactive"
"AL007","Dsol","Firmicutes","Bacilli","Bacillales","Bacillaceae","Bacillus","TSA","Innovator","Leaf",0,"Inactive"
"AS086","Dsol","Actinobacteriota","Actinobacteria","Micrococcales","Microbacteriaceae","Microbacterium","ARE","Innovator","Rhizosphere soil",0,"Inactive"
"BS039","Dsol","Actinobacteriota","Actinobacteria","Micrococcales","Microbacteriaceae","Microbacterium","PDA","Bintje","Rhizosphere soil",0,"Inactive"
"AL084","Dsol","Actinobacteriota","Actinobacteria","Micrococcales","Microbacteriaceae","Microbacterium","ActIA","Innovator","Leaf",0,"Inactive"
"AS038","Dsol","Actinobacteriota","Actinobacteria","Micrococcales","Microbacteriaceae","Microbacterium","TSA","Innovator","Rhizosphere soil",0,"Inactive"
"AR129","Dsol","Actinobacteriota","Actinobacteria","Micrococcales","Microbacteriaceae","Microbacterium","ActIA","Innovator","Root",0,"Inactive"
"BR119","Dsol","Actinobacteriota","Actinobacteria","Micrococcales","Microbacteriaceae","Microbacterium","TSA","Bintje","Root",0,"Inactive"
"BR076","Dsol","Actinobacteriota","Actinobacteria","Micrococcales","Microbacteriaceae","Microbacterium","ActIA","Bintje","Root",0,"Inactive"
"BR100","Dsol","Actinobacteriota","Actinobacteria","Micrococcales","Microbacteriaceae","Microbacterium","TSA","Bintje","Root",0,"Inactive"
"BS153","Pcar","Proteobacteria","Alphaproteobacteria","Rhizobiales","Rhizobiaceae","Mesorhizobium","TSA","Bintje","Rhizosphere soil",0,"Inactive"
"BS091","Pinf","Actinobacteriota","Actinobacteria","Micrococcales","Brevibacteriaceae","Brevibacterium","ActIA","Bintje","Rhizosphere soil",0,"Inactive"
"AR066","Pinf","Actinobacteriota","Actinobacteria","Micrococcales","Micrococcaceae","Paenarthrobact.","ARE","Innovator","Root",2,"Medium"
"AS052","Pinf","Actinobacteriota","Actinobacteria","Micrococcales","Micrococcaceae","NA_Micrococcac.","ARE","Innovator","Rhizosphere soil",0,"Inactive"
"BS094","Pinf","Actinobacteriota","Actinobacteria","Micrococcales","Brevibacteriaceae","Brevibacterium","ActIA","Bintje","Rhizosphere soil",0,"Inactive"
"BS135","Pinf","Firmicutes","Bacilli","Bacillales","Bacillaceae","Bacillus","ActIA","Bintje","Rhizosphere soil",0,"Inactive"
"AR070","Pinf","Actinobacteriota","Actinobacteria","Micrococcales","Micrococcaceae","Paenarthrobact.","ARE","Innovator","Root",0,"Inactive"
"AR049","Pinf","Actinobacteriota","Actinobacteria","Micrococcales","Microbacteriaceae","Microbacterium","TSA","Innovator","Root",0,"Inactive"
"AR071","Pinf","Proteobacteria","Gammaproteobacteria","Pseudomonadales","Pseudomonadaceae","Pseudomonas","ARE","Innovator","Root",2,"Medium"
"AR077","Pinf","Proteobacteria","Alphaproteobacteria","Rhizobiales","Rhizobiaceae","Allorhizobium-.","ARE","Innovator","Root",0,"Inactive"
"AR088","Pinf","Proteobacteria","Gammaproteobacteria","Pseudomonadales","Pseudomonadaceae","Pseudomonas","ARE","Innovator","Root",2,"Medium"
"AR118","Pinf","Proteobacteria","Gammaproteobacteria","Burkholderiales","Comamonadaceae","Diaphorobacter","ActIA","Innovator","Root",2,"Medium"
"AR168","Pinf","Proteobacteria","Gammaproteobacteria","Pseudomonadales","Pseudomonadaceae","Pseudomonas","ActIA","Innovator","Root",2,"Medium"
"AS054","Pinf","Proteobacteria","Alphaproteobacteria","Rhizobiales","Rhizobiaceae","Allorhizobium-.","ARE","Innovator","Rhizosphere soil",0,"Inactive"
"BL067","Pinf","Proteobacteria","Alphaproteobacteria","Rhizobiales","Rhizobiaceae","Allorhizobium-.","TSA","Bintje","Leaf",0,"Inactive"
"BR039","Pinf","Proteobacteria","Alphaproteobacteria","Sphingomonadales","Sphingomonadaceae","Sphingomonas","ARE","Bintje","Root",0,"Inactive"
"BR055","Pinf","Actinobacteriota","Actinobacteria","Micrococcales","Microbacteriaceae","Microbacterium","ActIA","Bintje","Root",0,"Inactive"
"BR126","Pinf","Proteobacteria","Alphaproteobacteria","Rhizobiales","Rhizobiaceae","Allorhizobium-.","TSA","Bintje","Root",0,"Inactive"
"BR134","Pinf","Firmicutes","Bacilli","Bacillales","Bacillaceae","Bacillus","TSA","Bintje","Root",2,"Medium"
"AR060","Pinf","Proteobacteria","Gammaproteobacteria","Pseudomonadales","Pseudomonadaceae","Pseudomonas","ARE","Innovator","Root",0,"Inactive"
"AS062","Pinf","Proteobacteria","Gammaproteobacteria","Pseudomonadales","Pseudomonadaceae","Pseudomonas","ARE","Innovator","Rhizosphere soil",4,"Outstanding"
"AS071","Pinf","Proteobacteria","Gammaproteobacteria","Pseudomonadales","Pseudomonadaceae","Pseudomonas","ARE","Innovator","Rhizosphere soil",2,"Medium"
"AS091","Pinf","Actinobacteriota","Actinobacteria","Corynebacteriales","Tsukamurellaceae","Tsukamurella","ARE","Innovator","Rhizosphere soil",0,"Inactive"
"AS109","Pinf","Actinobacteriota","Actinobacteria","Corynebacteriales","Nocardiaceae","Rhodococcus","ActIA","Innovator","Rhizosphere soil",1,"Low"
"BL045","Pinf","Proteobacteria","Alphaproteobacteria","Rhizobiales","Rhizobiaceae","Allorhizobium-.","ActIA","Bintje","Leaf",0,"Inactive"
"BR093","Pinf","Proteobacteria","Gammaproteobacteria","Pseudomonadales","Pseudomonadaceae","Pseudomonas","TSA","Bintje","Root",2,"Medium"
"BR128","Pinf","Actinobacteriota","Actinobacteria","Micrococcales","Microbacteriaceae","Microbacterium","TSA","Bintje","Root",2,"Medium"
"BL050","Pinf","Actinobacteriota","Actinobacteria","Corynebacteriales","Nocardiaceae","Rhodococcus","TSA","Bintje","Leaf",0,"Inactive"
"BS150","Pinf","Firmicutes","Bacilli","Bacillales","Bacillaceae","Bacillus","TSA","Bintje","Rhizosphere soil",2,"Medium"
"BR135","Pinf","Proteobacteria","Gammaproteobacteria","Pseudomonadales","Pseudomonadaceae","Pseudomonas","TSA","Bintje","Root",2,"Medium"
"BR138","Pinf","Proteobacteria","Gammaproteobacteria","Pseudomonadales","Pseudomonadaceae","Pseudomonas","ARE","Bintje","Root",2,"Medium"
"BR148","Pinf","Proteobacteria","Gammaproteobacteria","Pseudomonadales","Pseudomonadaceae","Pseudomonas","ARE","Bintje","Root",2,"Medium"
"BS131","Pinf","Firmicutes","Bacilli","Bacillales","Bacillaceae","Bacillus","ActIA","Bintje","Rhizosphere soil",1,"Low"
"AR025","Pinf","Firmicutes","Bacilli","Bacillales","Bacillaceae","Bacillus","TSA","Innovator","Root",0,"Inactive"
"AR122","Pinf","Proteobacteria","Alphaproteobacteria","Rhizobiales","Rhizobiaceae","Ochrobactrum","ActIA","Innovator","Root",0,"Inactive"
"AR150","Pinf","Proteobacteria","Gammaproteobacteria","Burkholderiales","Comamonadaceae","Acidovorax","PDA","Innovator","Root",0,"Inactive"
"AS089","Pinf","Proteobacteria","Gammaproteobacteria","Pseudomonadales","Pseudomonadaceae","Pseudomonas","ARE","Innovator","Rhizosphere soil",0,"Inactive"
"AS101","Pinf","Firmicutes","Bacilli","Bacillales","Bacillaceae","Bacillus","ActIA","Innovator","Rhizosphere soil",0,"Inactive"
"AS135","Pinf","Actinobacteriota","Actinobacteria","Micrococcales","Microbacteriaceae","Microbacterium","ActIA","Innovator","Rhizosphere soil",0,"Inactive"
"BR101","Pinf","Proteobacteria","Gammaproteobacteria","Burkholderiales","Comamonadaceae","Acidovorax","TSA","Bintje","Root",0,"Inactive"
"BS079","Pinf","Firmicutes","Bacilli","Bacillales","Planococcaceae","Paenisporosarc.","ActIA","Bintje","Rhizosphere soil",0,"Inactive"
"BS113","Pinf","Firmicutes","Bacilli","Bacillales","Bacillaceae","Bacillus","ActIA","Bintje","Rhizosphere soil",0,"Inactive"
"AR095","Pinf","Firmicutes","Bacilli","Bacillales","Planococcaceae","Paenisporosarc.","ActIA","Innovator","Root",0,"Inactive"
"BR071","Pinf","Firmicutes","Bacilli","Bacillales","Planococcaceae","Psychrobacillus","ActIA","Bintje","Root",0,"Inactive"
"AR075","Pinf","Proteobacteria","Gammaproteobacteria","Pseudomonadales","Pseudomonadaceae","Pseudomonas","ARE","Innovator","Root",0,"Inactive"
"AS060","Pinf","Proteobacteria","Gammaproteobacteria","Burkholderiales","Alcaligenaceae","Achromobacter","ARE","Innovator","Rhizosphere soil",0,"Inactive"
"AS087","Pinf","Proteobacteria","Gammaproteobacteria","Burkholderiales","Alcaligenaceae","NA_Alcaligenac.","ARE","Innovator","Rhizosphere soil",0,"Inactive"
"BS232","Pinf","Firmicutes","Bacilli","Bacillales","Bacillaceae","Bacillus","ARE","Bintje","Rhizosphere soil",4,"Outstanding"
"BS130","Pinf","Proteobacteria","Gammaproteobacteria","Pseudomonadales","Pseudomonadaceae","Pseudomonas","ActIA","Bintje","Rhizosphere soil",0,"Inactive"
"AS175","Pinf","Bacteroidota","Bacteroidia","Sphingobacteriales","Sphingobacteriaceae","Pedobacter","ARE","Innovator","Rhizosphere soil",0,"Inactive"
"AS178","Pinf","Proteobacteria","Alphaproteobacteria","Rhizobiales","Rhizobiaceae","Phyllobacterium","ARE","Innovator","Rhizosphere soil",0,"Inactive"
"AR074","Pinf","Actinobacteriota","Actinobacteria","Corynebacteriales","Nocardiaceae","Rhodococcus","ARE","Innovator","Root",0,"Inactive"
"AL029","Pinf","Actinobacteriota","Actinobacteria","Corynebacteriales","Nocardiaceae","Rhodococcus","TSA","Innovator","Leaf",0,"Inactive"
"AL093","Pinf","Actinobacteriota","Actinobacteria","Corynebacteriales","Nocardiaceae","Rhodococcus","ActIA","Innovator","Leaf",0,"Inactive"
"AS017","Pinf","Actinobacteriota","Actinobacteria","Corynebacteriales","Nocardiaceae","Rhodococcus","TSA","Innovator","Rhizosphere soil",0,"Inactive"
"AR057","Pinf","Firmicutes","Bacilli","Bacillales","Bacillaceae","Bacillus","TSA","Innovator","Root",0,"Inactive"
"AL064","Pinf","Proteobacteria","Alphaproteobacteria","Rhizobiales","Rhizobiaceae","Allorhizobium-.","ARE","Innovator","Leaf",0,"Inactive"
"AR042","Pinf","Firmicutes","Bacilli","Bacillales","Bacillaceae","Bacillus","TSA","Innovator","Root",0,"Inactive"
"AR061","Pinf","Proteobacteria","Alphaproteobacteria","Rhizobiales","Rhizobiaceae","Allorhizobium-.","ARE","Innovator","Root",0,"Inactive"
"AR081","Pinf","Proteobacteria","Alphaproteobacteria","Rhizobiales","Rhizobiaceae","Allorhizobium-.","ARE","Innovator","Root",0,"Inactive"
"AR116","Pinf","Proteobacteria","Alphaproteobacteria","Rhizobiales","Rhizobiaceae","Allorhizobium-.","ActIA","Innovator","Root",0,"Inactive"
"AS064","Pinf","Proteobacteria","Alphaproteobacteria","Rhizobiales","Rhizobiaceae","Allorhizobium-.","ARE","Innovator","Rhizosphere soil",0,"Inactive"
"BL069","Pinf","Actinobacteriota","Actinobacteria","Micrococcales","Microbacteriaceae","Frigoribacteri.","TSA","Bintje","Leaf",0,"Inactive"
"BL071","Pinf","Proteobacteria","Alphaproteobacteria","Rhizobiales","Rhizobiaceae","Allorhizobium-.","ARE","Bintje","Leaf",0,"Inactive"
"BR107","Pinf","Firmicutes","Bacilli","Bacillales","Bacillaceae","Bacillus","TSA","Bintje","Root",0,"Inactive"
"BR120","Pinf","Actinobacteriota","Actinobacteria","Micrococcales","Microbacteriaceae","Microbacterium","TSA","Bintje","Root",0,"Inactive"
"AR169","Pinf","Actinobacteriota","Actinobacteria","Micrococcales","Brevibacteriaceae","Brevibacterium","ActIA","Innovator","Root",0,"Inactive"
"BS196","Pinf","Firmicutes","Bacilli","Bacillales","Bacillaceae","Bacillus","TSA","Bintje","Rhizosphere soil",0,"Inactive"
"BS200","Pinf","Firmicutes","Bacilli","Bacillales","Bacillaceae","Bacillus","TSA","Bintje","Rhizosphere soil",2,"Medium"
"BS236","Pinf","Firmicutes","Bacilli","Bacillales","Bacillaceae","Bacillus","ARE","Bintje","Rhizosphere soil",2,"Medium"
"BS230","Pinf","Actinobacteriota","Actinobacteria","Micrococcales","Micrococcaceae","Arthrobacter","ARE","Bintje","Rhizosphere soil",0,"Inactive"
"AL062","Pinf","Actinobacteriota","Actinobacteria","Corynebacteriales","Nocardiaceae","Rhodococcus","ARE","Innovator","Leaf",0,"Inactive"
"AS044","Pinf","Proteobacteria","Gammaproteobacteria","Pseudomonadales","Pseudomonadaceae","Pseudomonas","TSA","Innovator","Rhizosphere soil",3,"High"
"AS058","Pinf","Proteobacteria","Alphaproteobacteria","Rhizobiales","Rhizobiaceae","Allorhizobium-.","ARE","Innovator","Rhizosphere soil",0,"Inactive"
"AL004","Pinf","Firmicutes","Bacilli","Bacillales","Bacillaceae","Bacillus","TSA","Innovator","Leaf",0,"Inactive"
"AL005","Pinf","Proteobacteria","Gammaproteobacteria","Burkholderiales","Comamonadaceae","Acidovorax","TSA","Innovator","Leaf",0,"Inactive"
"AL006","Pinf","Actinobacteriota","Actinobacteria","Micrococcales","Microbacteriaceae","Microbacterium","TSA","Innovator","Leaf",0,"Inactive"
"AL063","Pinf","Proteobacteria","Alphaproteobacteria","Sphingomonadales","Sphingomonadaceae","Sphingomonas","ARE","Innovator","Leaf",0,"Inactive"
"AR048","Pinf","Actinobacteriota","Actinobacteria","Micrococcales","Microbacteriaceae","Microbacterium","TSA","Innovator","Root",0,"Inactive"
"AR056","Pinf","Proteobacteria","Alphaproteobacteria","Rhizobiales","Rhizobiaceae","Ochrobactrum","TSA","Innovator","Root",0,"Inactive"
"BL096","Pinf","Firmicutes","Bacilli","Bacillales","Bacillaceae","Bacillus","ARE","Bintje","Leaf",3,"High"
"BR013","Pinf","Proteobacteria","Gammaproteobacteria","Burkholderiales","Comamonadaceae","Acidovorax","PDA","Bintje","Root",0,"Inactive"
"BR087","Pinf","Proteobacteria","Gammaproteobacteria","Pseudomonadales","Pseudomonadaceae","Pseudomonas","ActIA","Bintje","Root",0,"Inactive"
"BR125","Pinf","Actinobacteriota","Actinobacteria","Micrococcales","Microbacteriaceae","Microbacterium","TSA","Bintje","Root",0,"Inactive"
"BR154","Pinf","Proteobacteria","Gammaproteobacteria","Pseudomonadales","Pseudomonadaceae","Pseudomonas","ARE","Bintje","Root",2,"Medium"
"BS143","Pinf","Actinobacteriota","Actinobacteria","Micrococcales","Microbacteriaceae","Microbacterium","TSA","Bintje","Rhizosphere soil",0,"Inactive"
"AL001","Pinf","Actinobacteriota","Actinobacteria","Micrococcales","Microbacteriaceae","Curtobacterium","TSA","Innovator","Leaf",0,"Inactive"
"AL013","Pinf","Actinobacteriota","Actinobacteria","Micrococcales","Microbacteriaceae","Microbacterium","TSA","Innovator","Leaf",0,"Inactive"
"AL099","Pinf","Actinobacteriota","Actinobacteria","Micrococcales","Microbacteriaceae","Curtobacterium","ActIA","Innovator","Leaf",0,"Inactive"
"AR067","Pinf","Actinobacteriota","Actinobacteria","Micrococcales","Microbacteriaceae","Microbacterium","ARE","Innovator","Root",0,"Inactive"
"AR138","Pinf","Actinobacteriota","Actinobacteria","Corynebacteriales","Tsukamurellaceae","Tsukamurella","PDA","Innovator","Root",0,"Inactive"
"AR179","Pinf","Proteobacteria","Alphaproteobacteria","Rhizobiales","Rhizobiaceae","Phyllobacterium","ARE","Innovator","Root",0,"Inactive"
"AS063","Pinf","Proteobacteria","Gammaproteobacteria","Pseudomonadales","Pseudomonadaceae","Pseudomonas","ARE","Innovator","Rhizosphere soil",0,"Inactive"
"AS090","Pinf","Proteobacteria","Gammaproteobacteria","Pseudomonadales","Pseudomonadaceae","Pseudomonas","ARE","Innovator","Rhizosphere soil",0,"Inactive"
"BR155","Pinf","Actinobacteriota","Actinobacteria","Micrococcales","Microbacteriaceae","Microbacterium","ARE","Bintje","Root",0,"Inactive"
"BR122","Pinf","Proteobacteria","Gammaproteobacteria","Burkholderiales","Comamonadaceae","Acidovorax","TSA","Bintje","Root",0,"Inactive"
"BS122","Pinf","Firmicutes","Bacilli","Bacillales","Bacillaceae","Bacillus","ActIA","Bintje","Rhizosphere soil",1.5,"Low"
"AS035","Pinf","Firmicutes","Bacilli","Bacillales","Bacillaceae","Bacillus","TSA","Innovator","Rhizosphere soil",2,"Medium"
"BL056","Pinf","Actinobacteriota","Actinobacteria","Micrococcales","Microbacteriaceae","Plantibacter","TSA","Bintje","Leaf",0,"Inactive"
"BS199","Pinf","Firmicutes","Bacilli","Bacillales","Bacillaceae","Bacillus","TSA","Bintje","Rhizosphere soil",4,"Outstanding"
"AR194","Pinf","Actinobacteriota","Actinobacteria","Corynebacteriales","Tsukamurellaceae","Tsukamurella","ARE","Innovator","Root",0,"Inactive"
"BS071","Pinf","Proteobacteria","Alphaproteobacteria","Rhizobiales","Rhizobiaceae","Phyllobacterium","ARE","Bintje","Rhizosphere soil",0,"Inactive"
"AL085","Pinf","Actinobacteriota","Actinobacteria","Micrococcales","Micrococcaceae","Micrococcus","ActIA","Innovator","Leaf",0,"Inactive"
"AL086","Pinf","Actinobacteriota","Actinobacteria","Corynebacteriales","Nocardiaceae","Rhodococcus","ActIA","Innovator","Leaf",0,"Inactive"
"AL088","Pinf","Actinobacteriota","Actinobacteria","Micrococcales","Intrasporangiaceae","NA_Intrasporan.","ActIA","Innovator","Leaf",0,"Inactive"
"AL030","Pinf","Actinobacteriota","Actinobacteria","Corynebacteriales","Nocardiaceae","Rhodococcus","TSA","Innovator","Leaf",0,"Inactive"
"AL068","Pinf","Actinobacteriota","Actinobacteria","Micrococcales","Microbacteriaceae","Frigoribacteri.","ARE","Innovator","Leaf",0,"Inactive"
"AL072","Pinf","Actinobacteriota","Actinobacteria","Micrococcales","Microbacteriaceae","Frigoribacteri.","ActIA","Innovator","Leaf",0,"Inactive"
"AL078","Pinf","Actinobacteriota","Actinobacteria","Micrococcales","Microbacteriaceae","Frigoribacteri.","ActIA","Innovator","Leaf",0,"Inactive"
"AR002","Pinf","Firmicutes","Bacilli","Bacillales","Bacillaceae","Bacillus","TSA","Innovator","Root",0,"Inactive"
"AS074","Pinf","Actinobacteriota","Actinobacteria","Corynebacteriales","Nocardiaceae","Rhodococcus","ARE","Innovator","Rhizosphere soil",0,"Inactive"
"AL022","Pinf","Actinobacteriota","Actinobacteria","Micrococcales","Microbacteriaceae","Microbacterium","TSA","Innovator","Leaf",0,"Inactive"
"AL096","Pinf","Actinobacteriota","Actinobacteria","Micrococcales","Microbacteriaceae","Frigoribacteri.","ActIA","Innovator","Leaf",0,"Inactive"
"AS042","Pinf","Actinobacteriota","Actinobacteria","Micrococcales","Microbacteriaceae","Microbacterium","TSA","Innovator","Rhizosphere soil",0,"Inactive"
"BL076","Pinf","Actinobacteriota","Actinobacteria","Corynebacteriales","Nocardiaceae","Rhodococcus","ARE","Bintje","Leaf",0,"Inactive"
"BL079","Pinf","Actinobacteriota","Actinobacteria","Micrococcales","Microbacteriaceae","Frigoribacteri.","ARE","Bintje","Leaf",0,"Inactive"
"BR150","Pinf","Proteobacteria","Alphaproteobacteria","Rhizobiales","Rhizobiaceae","Allorhizobium-.","ARE","Bintje","Root",0,"Inactive"
"AL047","Pinf","Actinobacteriota","Actinobacteria","Micrococcales","Microbacteriaceae","Frigoribacteri.","ARE","Innovator","Leaf",0,"Inactive"
"AL048","Pinf","Actinobacteriota","Actinobacteria","Micrococcales","Microbacteriaceae","Microbacterium","ARE","Innovator","Leaf",0,"Inactive"
"AL076","Pinf","Firmicutes","Bacilli","Bacillales","Planococcaceae","Paenisporosarc.","ActIA","Innovator","Leaf",0,"Inactive"
"AS029","Pinf","Firmicutes","Bacilli","Bacillales","Bacillaceae","Bacillus","TSA","Innovator","Rhizosphere soil",0,"Inactive"
"AS070","Pinf","Proteobacteria","Alphaproteobacteria","Rhizobiales","Rhizobiaceae","Allorhizobium-.","ARE","Innovator","Rhizosphere soil",0,"Inactive"
"BL073","Pinf","Actinobacteriota","Actinobacteria","Micrococcales","Microbacteriaceae","Frigoribacteri.","ARE","Bintje","Leaf",0,"Inactive"
"BR036","Pinf","Proteobacteria","Gammaproteobacteria","Burkholderiales","Comamonadaceae","Variovorax","ARE","Bintje","Root",0,"Inactive"
"BR098","Pinf","Firmicutes","Bacilli","Bacillales","Bacillaceae","Bacillus","TSA","Bintje","Root",0,"Inactive"
"BR137","Pinf","Proteobacteria","Gammaproteobacteria","Pseudomonadales","Pseudomonadaceae","Pseudomonas","ARE","Bintje","Root",0,"Inactive"
"BR153","Pinf","Proteobacteria","Alphaproteobacteria","Rhizobiales","Rhizobiaceae","Allorhizobium-.","ARE","Bintje","Root",0,"Inactive"
"BS098","Pinf","Actinobacteriota","Actinobacteria","Micrococcales","Microbacteriaceae","Microbacterium","ActIA","Bintje","Rhizosphere soil",0,"Inactive"
"AL011","Pinf","Actinobacteriota","Actinobacteria","Micrococcales","Intrasporangiaceae","Janibacter","TSA","Innovator","Leaf",0,"Inactive"
"AL039","Pinf","Proteobacteria","Alphaproteobacteria","Rhizobiales","Rhizobiaceae","Allorhizobium-.","ARE","Innovator","Leaf",0,"Inactive"
"BL037","Pinf","Proteobacteria","Alphaproteobacteria","Caulobacterales","Caulobacteraceae","Caulobacter","ActIA","Bintje","Leaf",0,"Inactive"
"BL049","Pinf","Firmicutes","Bacilli","Bacillales","Bacillaceae","Bacillus","TSA","Bintje","Leaf",0,"Inactive"
"BS110","Pinf","Actinobacteriota","Actinobacteria","Micrococcales","Microbacteriaceae","Microbacterium","ActIA","Bintje","Rhizosphere soil",0,"Inactive"
"BS144","Pinf","Firmicutes","Bacilli","Bacillales","Planococcaceae","Paenisporosarc.","TSA","Bintje","Rhizosphere soil",0,"Inactive"
"AL027","Pinf","Actinobacteriota","Actinobacteria","Micrococcales","Microbacteriaceae","Microbacterium","TSA","Innovator","Leaf",0,"Inactive"
"AL061","Pinf","Actinobacteriota","Actinobacteria","Micrococcales","Microbacteriaceae","Microbacterium","ARE","Innovator","Leaf",0,"Inactive"
"AL087","Pinf","Actinobacteriota","Actinobacteria","Micrococcales","Microbacteriaceae","Curtobacterium","ActIA","Innovator","Leaf",0,"Inactive"
"AR009","Pinf","Proteobacteria","Gammaproteobacteria","Burkholderiales","Comamonadaceae","Acidovorax","TSA","Innovator","Root",0,"Inactive"
"AS013","Pinf","Firmicutes","Bacilli","Bacillales","Bacillaceae","Bacillus","TSA","Innovator","Rhizosphere soil",0,"Inactive"
"AS088","Pinf","Actinobacteriota","Actinobacteria","Corynebacteriales","Nocardiaceae","Gordonia","ARE","Innovator","Rhizosphere soil",0,"Inactive"
"AS175b","Pinf","Bacteroidota","Bacteroidia","Sphingobacteriales","Sphingobacteriaceae","Pedobacter","ARE","Innovator","Rhizosphere soil",0,"Inactive"
"AS182","Pinf","Proteobacteria","Gammaproteobacteria","Burkholderiales","Comamonadaceae","Variovorax","ARE","Innovator","Rhizosphere soil",0,"Inactive"
"BR023","Pinf","Proteobacteria","Gammaproteobacteria","Burkholderiales","Comamonadaceae","Variovorax","PDA","Bintje","Root",0,"Inactive"
"BR103","Pinf","Actinobacteriota","Actinobacteria","Micrococcales","Microbacteriaceae","Microbacterium","TSA","Bintje","Root",0,"Inactive"
"BS171","Pinf","Actinobacteriota","Actinobacteria","Micrococcales","Microbacteriaceae","Microbacterium","TSA","Bintje","Rhizosphere soil",0,"Inactive"
"AL094","Pinf","Actinobacteriota","Actinobacteria","Micrococcales","Microbacteriaceae","Frigoribacteri.","ActIA","Innovator","Leaf",0,"Inactive"
"AR093","Pinf","Proteobacteria","Gammaproteobacteria","Enterobacterales","Enterobacteriaceae","NA_Enterobacte.","ActIA","Innovator","Root",0,"Inactive"
"AS043","Pinf","Bacteroidota","Bacteroidia","Sphingobacteriales","Sphingobacteriaceae","Pedobacter","TSA","Innovator","Rhizosphere soil",2,"Medium"
"AS176","Pinf","Proteobacteria","Gammaproteobacteria","Pseudomonadales","Pseudomonadaceae","Pseudomonas","ARE","Innovator","Rhizosphere soil",2,"Medium"
"BL088","Pinf","Actinobacteriota","Actinobacteria","Micrococcales","Microbacteriaceae","Curtobacterium","ARE","Bintje","Leaf",2,"Medium"
"BR010","Pinf","Proteobacteria","Gammaproteobacteria","Burkholderiales","Comamonadaceae","Acidovorax","PDA","Bintje","Root",2,"Medium"
"BR149","Pinf","Proteobacteria","Gammaproteobacteria","Enterobacterales","Morganellaceae","Providencia","ARE","Bintje","Root",0,"Inactive"
"BS192","Pinf","Proteobacteria","Gammaproteobacteria","Burkholderiales","Comamonadaceae","Acidovorax","TSA","Bintje","Rhizosphere soil",0,"Inactive"
"AR177","Pinf","Proteobacteria","Alphaproteobacteria","Rhizobiales","Rhizobiaceae","Phyllobacterium","ARE","Innovator","Root",0,"Inactive"
"BS245","Pinf","Proteobacteria","Alphaproteobacteria","Rhizobiales","Rhizobiaceae","Mesorhizobium","ARE","Bintje","Rhizosphere soil",0,"Inactive"
"AL017","Pinf","Actinobacteriota","Actinobacteria","Micrococcales","Microbacteriaceae","Microbacterium","TSA","Innovator","Leaf",0,"Inactive"
"AR032","Pinf","Proteobacteria","Gammaproteobacteria","Burkholderiales","Comamonadaceae","Variovorax","TSA","Innovator","Root",0,"Inactive"
"AR097","Pinf","Proteobacteria","Gammaproteobacteria","Burkholderiales","Alcaligenaceae","Advenella","ActIA","Innovator","Root",0,"Inactive"
"AS180","Pinf","Proteobacteria","Gammaproteobacteria","Burkholderiales","Comamonadaceae","Variovorax","ARE","Innovator","Rhizosphere soil",0,"Inactive"
"BR050","Pinf","Proteobacteria","Gammaproteobacteria","Burkholderiales","Comamonadaceae","Diaphorobacter","ActIA","Bintje","Root",0,"Inactive"
"BR095","Pinf","Actinobacteriota","Actinobacteria","Micrococcales","Microbacteriaceae","Microbacterium","TSA","Bintje","Root",0,"Inactive"
"AS081","Pinf","Actinobacteriota","Actinobacteria","Micrococcales","Microbacteriaceae","Microbacterium","ARE","Innovator","Rhizosphere soil",0,"Inactive"
"AS085","Pinf","Proteobacteria","Gammaproteobacteria","Burkholderiales","Alcaligenaceae","Advenella","ARE","Innovator","Rhizosphere soil",0,"Inactive"
"BR021","Pinf","Proteobacteria","Gammaproteobacteria","Burkholderiales","Comamonadaceae","NA_Comamonadac.","PDA","Bintje","Root",0,"Inactive"
"BR067","Pinf","Actinobacteriota","Actinobacteria","Micrococcales","Microbacteriaceae","Microbacterium","ActIA","Bintje","Root",0,"Inactive"
"BR156","Pinf","Proteobacteria","Gammaproteobacteria","Burkholderiales","Comamonadaceae","Diaphorobacter","ARE","Bintje","Root",0,"Inactive"
"AL095","Pinf","Actinobacteriota","Actinobacteria","Micrococcales","Intrasporangiaceae","Janibacter","ActIA","Innovator","Leaf",0,"Inactive"
"BS119","Pinf","Proteobacteria","Gammaproteobacteria","Pseudomonadales","Pseudomonadaceae","Pseudomonas","ActIA","Bintje","Rhizosphere soil",0,"Inactive"
"BS170","Pinf","Actinobacteriota","Actinobacteria","Micrococcales","Micrococcaceae","Arthrobacter","TSA","Bintje","Rhizosphere soil",0,"Inactive"
"AL016","Pinf","Actinobacteriota","Actinobacteria","Micrococcales","Microbacteriaceae","Microbacterium","TSA","Innovator","Leaf",0,"Inactive"
"AL019","Pinf","Actinobacteriota","Actinobacteria","Corynebacteriales","Nocardiaceae","Rhodococcus","TSA","Innovator","Leaf",0,"Inactive"
"AL080","Pinf","Actinobacteriota","Actinobacteria","Micrococcales","Microbacteriaceae","Frigoribacteri.","ActIA","Innovator","Leaf",0,"Inactive"
"AL097","Pinf","Actinobacteriota","Actinobacteria","Micrococcales","Microbacteriaceae","Frigoribacteri.","ActIA","Innovator","Leaf",0,"Inactive"
"AR007","Pinf","Actinobacteriota","Actinobacteria","Micrococcales","Microbacteriaceae","Microbacterium","TSA","Innovator","Root",0,"Inactive"
"AS110","Pinf","Actinobacteriota","Actinobacteria","Micrococcales","Brevibacteriaceae","Brevibacterium","ActIA","Innovator","Rhizosphere soil",0,"Inactive"
"BS139","Pinf","Firmicutes","Bacilli","Bacillales","Bacillaceae","Bacillus","TSA","Bintje","Rhizosphere soil",3,"High"
"AL036","Pinf","Actinobacteriota","Actinobacteria","Micrococcales","Microbacteriaceae","Frigoribacteri.","TSA","Innovator","Leaf",0,"Inactive"
"AL089","Pinf","Actinobacteriota","Actinobacteria","Micrococcales","Microbacteriaceae","Frigoribacteri.","ActIA","Innovator","Leaf",0,"Inactive"
"AR106","Pinf","Actinobacteriota","Actinobacteria","Micrococcales","Microbacteriaceae","Microbacterium","ActIA","Innovator","Root",0,"Inactive"
"BL095","Pinf","Actinobacteriota","Actinobacteria","Micrococcales","Microbacteriaceae","Frigoribacteri.","ARE","Bintje","Leaf",0,"Inactive"
"BR121","Pinf","Actinobacteriota","Actinobacteria","Micrococcales","Microbacteriaceae","Agromyces","TSA","Bintje","Root",0,"Inactive"
"BR145","Pinf","Actinobacteriota","Actinobacteria","Micrococcales","Microbacteriaceae","Microbacterium","ARE","Bintje","Root",0,"Inactive"
"AL075","Pinf","Actinobacteriota","Actinobacteria","Micrococcales","Microbacteriaceae","Rathayibacter","ActIA","Innovator","Leaf",0,"Inactive"
"AR039","Pinf","Firmicutes","Bacilli","Bacillales","Bacillaceae","Bacillus","TSA","Innovator","Root",3,"High"
"AS001","Pinf","Firmicutes","Bacilli","Bacillales","Bacillaceae","Bacillus","TSA","Innovator","Rhizosphere soil",3,"High"
"AS028","Pinf","Firmicutes","Bacilli","Brevibacillales","Brevibacillaceae","Brevibacillus","TSA","Innovator","Rhizosphere soil",0.5,"Inactive"
"AS181","Pinf","Proteobacteria","Gammaproteobacteria","Burkholderiales","Comamonadaceae","Variovorax","ARE","Innovator","Rhizosphere soil",0,"Inactive"
"BS138","Pinf","Proteobacteria","Alphaproteobacteria","Rhizobiales","Rhizobiaceae","Ensifer","TSA","Bintje","Rhizosphere soil",0,"Inactive"
"AL021","Pinf","Actinobacteriota","Actinobacteria","Micrococcales","Microbacteriaceae","Microbacterium","TSA","Innovator","Leaf",0,"Inactive"
"AL042","Pinf","Actinobacteriota","Actinobacteria","Micrococcales","Microbacteriaceae","Frigoribacteri.","ARE","Innovator","Leaf",0,"Inactive"
"AR046","Pinf","Actinobacteriota","Actinobacteria","Propionibacteriales","Nocardioidaceae","Nocardioides","TSA","Innovator","Root",0,"Inactive"
"AR001","Pinf","Firmicutes","Bacilli","Bacillales","Bacillaceae","Bacillus","TSA","Innovator","Root",0,"Inactive"
"AR021","Pinf","Actinobacteriota","Actinobacteria","Micrococcales","Microbacteriaceae","Agromyces","TSA","Innovator","Root",0,"Inactive"
"AR076","Pinf","Proteobacteria","Gammaproteobacteria","Burkholderiales","Comamonadaceae","Variovorax","ARE","Innovator","Root",0,"Inactive"
"AR143","Pinf","Proteobacteria","Gammaproteobacteria","Burkholderiales","Comamonadaceae","Variovorax","PDA","Innovator","Root",0,"Inactive"
"AR144","Pinf","Proteobacteria","Gammaproteobacteria","Burkholderiales","Comamonadaceae","Variovorax","PDA","Innovator","Root",0,"Inactive"
"AS080","Pinf","Proteobacteria","Gammaproteobacteria","Burkholderiales","Comamonadaceae","Variovorax","ARE","Innovator","Rhizosphere soil",0,"Inactive"
"AS093","Pinf","Proteobacteria","Gammaproteobacteria","Burkholderiales","Comamonadaceae","Variovorax","ARE","Innovator","Rhizosphere soil",0,"Inactive"
"AS119","Pinf","Firmicutes","Bacilli","Bacillales","Bacillaceae","Bacillus","ActIA","Innovator","Rhizosphere soil",0,"Inactive"
"BL097","Pinf","Actinobacteriota","Actinobacteria","Micrococcales","Microbacteriaceae","Frigoribacteri.","ARE","Bintje","Leaf",0,"Inactive"
"BS037","Pinf","Proteobacteria","Gammaproteobacteria","Burkholderiales","Comamonadaceae","Variovorax","PDA","Bintje","Rhizosphere soil",0,"Inactive"
"AL007","Pinf","Firmicutes","Bacilli","Bacillales","Bacillaceae","Bacillus","TSA","Innovator","Leaf",1,"Low"
"AL049","Pinf","Bacteroidota","Bacteroidia","Cytophagales","Cytophagaceae","Siphonobacter","ARE","Innovator","Leaf",0,"Inactive"
"AL098","Pinf","Actinobacteriota","Actinobacteria","Micrococcales","Microbacteriaceae","Frigoribacteri.","ActIA","Innovator","Leaf",0,"Inactive"
"AR132","Pinf","Proteobacteria","Gammaproteobacteria","Burkholderiales","Comamonadaceae","NA_Comamonadac.","PDA","Innovator","Root",0,"Inactive"
"AR190","Pinf","Proteobacteria","Gammaproteobacteria","Burkholderiales","Comamonadaceae","Variovorax","ARE","Innovator","Root",0,"Inactive"
"BS203","Pinf","Actinobacteriota","Actinobacteria","Micrococcales","Microbacteriaceae","Microbacterium","TSA","Bintje","Rhizosphere soil",0,"Inactive"
"BS240","Pinf","Proteobacteria","Gammaproteobacteria","Burkholderiales","Comamonadaceae","Variovorax","ARE","Bintje","Rhizosphere soil",0,"Inactive"
"AS022","Pinf","Firmicutes","Bacilli","Bacillales","Bacillaceae","Bacillus","TSA","Innovator","Rhizosphere soil",0,"Inactive"
"AR176","Pinf","Proteobacteria","Gammaproteobacteria","Burkholderiales","Comamonadaceae","Variovorax","ARE","Innovator","Root",0,"Inactive"
"AS031","Pinf","Proteobacteria","Alphaproteobacteria","Rhizobiales","Rhizobiaceae","Aminobacter","TSA","Innovator","Rhizosphere soil",0,"Inactive"
"BR034","Pinf","Proteobacteria","Gammaproteobacteria","Burkholderiales","Comamonadaceae","Variovorax","ARE","Bintje","Root",0,"Inactive"
"BS158","Pinf","Proteobacteria","Gammaproteobacteria","Burkholderiales","Comamonadaceae","Variovorax","TSA","Bintje","Rhizosphere soil",0,"Inactive"
"BR120","Asol","Actinobacteriota","Actinobacteria","Micrococcales","Microbacteriaceae","Microbacterium","TSA","Bintje","Root",0,"Inactive"
"BS200","Asol","Firmicutes","Bacilli","Bacillales","Bacillaceae","Bacillus","TSA","Bintje","Rhizosphere soil",1,"Low"
"BR087","Asol","Proteobacteria","Gammaproteobacteria","Pseudomonadales","Pseudomonadaceae","Pseudomonas","ActIA","Bintje","Root",0,"Inactive"
"BS143","Asol","Actinobacteriota","Actinobacteria","Micrococcales","Microbacteriaceae","Microbacterium","TSA","Bintje","Rhizosphere soil",0,"Inactive"
"BR155","Asol","Actinobacteriota","Actinobacteria","Micrococcales","Microbacteriaceae","Microbacterium","ARE","Bintje","Root",0,"Inactive"
"AR194","Asol","Actinobacteriota","Actinobacteria","Corynebacteriales","Tsukamurellaceae","Tsukamurella","ARE","Innovator","Root",0,"Inactive"
"BL049","Asol","Firmicutes","Bacilli","Bacillales","Bacillaceae","Bacillus","TSA","Bintje","Leaf",0,"Inactive"
"BS110","Asol","Actinobacteriota","Actinobacteria","Micrococcales","Microbacteriaceae","Microbacterium","ActIA","Bintje","Rhizosphere soil",0,"Inactive"
"BS144","Asol","Firmicutes","Bacilli","Bacillales","Planococcaceae","Paenisporosarc.","TSA","Bintje","Rhizosphere soil",0,"Inactive"
"BR095","Asol","Actinobacteriota","Actinobacteria","Micrococcales","Microbacteriaceae","Microbacterium","TSA","Bintje","Root",0,"Inactive"
"BR121","Asol","Actinobacteriota","Actinobacteria","Micrococcales","Microbacteriaceae","Agromyces","TSA","Bintje","Root",0,"Inactive"
"BR145","Asol","Actinobacteriota","Actinobacteria","Micrococcales","Microbacteriaceae","Microbacterium","ARE","Bintje","Root",0,"Inactive"
"AS028","Asol","Firmicutes","Bacilli","Brevibacillales","Brevibacillaceae","Brevibacillus","TSA","Innovator","Rhizosphere soil",0,"Inactive"
"BS153","Asol","Proteobacteria","Alphaproteobacteria","Rhizobiales","Rhizobiaceae","Mesorhizobium","TSA","Bintje","Rhizosphere soil",0,"Inactive"
"AL028","Asol","Firmicutes","Bacilli","Bacillales","Bacillaceae","Bacillus","TSA","Innovator","Leaf",0,"Inactive"
"AR028","Asol","Actinobacteriota","Actinobacteria","Micrococcales","Microbacteriaceae","Leifsonia","TSA","Innovator","Root",0,"Inactive"
"AS030","Asol","Actinobacteriota","Actinobacteria","Micrococcales","Microbacteriaceae","Microbacterium","TSA","Innovator","Rhizosphere soil",0,"Inactive"
"AR129","Asol","Actinobacteriota","Actinobacteria","Micrococcales","Microbacteriaceae","Microbacterium","ActIA","Innovator","Root",0,"Inactive"
"BR119","Asol","Actinobacteriota","Actinobacteria","Micrococcales","Microbacteriaceae","Microbacterium","TSA","Bintje","Root",0,"Inactive"
"BR129","Asol","Actinobacteriota","Actinobacteria","Micrococcales","Microbacteriaceae","Microbacterium","TSA","Bintje","Root",0,"Inactive"
"AR100","Asol","Actinobacteriota","Actinobacteria","Micrococcales","Microbacteriaceae","Microbacterium","ActIA","Innovator","Root",0,"Inactive"
"BR100","Asol","Actinobacteriota","Actinobacteria","Micrococcales","Microbacteriaceae","Microbacterium","TSA","Bintje","Root",0,"Inactive"
"BL049","Rsol","Firmicutes","Bacilli","Bacillales","Bacillaceae","Bacillus","TSA","Bintje","Leaf",0,"Inactive"
"BR095","Rsol","Actinobacteriota","Actinobacteria","Micrococcales","Microbacteriaceae","Microbacterium","TSA","Bintje","Root",0,"Inactive"
"BS153","Pinf","Proteobacteria","Alphaproteobacteria","Rhizobiales","Rhizobiaceae","Mesorhizobium","TSA","Bintje","Rhizosphere soil",0,"Inactive"
"AL028","Pinf","Firmicutes","Bacilli","Bacillales","Bacillaceae","Bacillus","TSA","Innovator","Leaf",0,"Inactive"
"AR028","Pinf","Actinobacteriota","Actinobacteria","Micrococcales","Microbacteriaceae","Leifsonia","TSA","Innovator","Root",0,"Inactive"
"AR114","Pinf","Proteobacteria","Gammaproteobacteria","Pseudomonadales","Pseudomonadaceae","Pseudomonas","ActIA","Innovator","Root",2,"Medium"
"AS030","Pinf","Actinobacteriota","Actinobacteria","Micrococcales","Microbacteriaceae","Microbacterium","TSA","Innovator","Rhizosphere soil",0,"Inactive"
"BS039","Pinf","Actinobacteriota","Actinobacteria","Micrococcales","Microbacteriaceae","Microbacterium","PDA","Bintje","Rhizosphere soil",0,"Inactive"
"BS161","Pinf","Actinobacteriota","Actinobacteria","Micrococcales","Microbacteriaceae","Microbacterium","TSA","Bintje","Rhizosphere soil",0,"Inactive"
"AL002","Pinf","Actinobacteriota","Actinobacteria","Micrococcales","Microbacteriaceae","Microbacterium","TSA","Innovator","Leaf",0,"Inactive"
"AL003","Pinf","Actinobacteriota","Actinobacteria","Corynebacteriales","Nocardiaceae","Rhodococcus","TSA","Innovator","Leaf",0,"Inactive"
"AL044","Pinf","Proteobacteria","Alphaproteobacteria","Sphingomonadales","Sphingomonadaceae","Sphingomonas","ARE","Innovator","Leaf",0,"Inactive"
"AL084","Pinf","Actinobacteriota","Actinobacteria","Micrococcales","Microbacteriaceae","Microbacterium","ActIA","Innovator","Leaf",0,"Inactive"
"AS095","Pinf","Actinobacteriota","Actinobacteria","Micrococcales","Microbacteriaceae","Microbacterium","ActIA","Innovator","Rhizosphere soil",0,"Inactive"
"BR080","Pinf","Actinobacteriota","Actinobacteria","Micrococcales","Microbacteriaceae","Microbacterium","ActIA","Bintje","Root",0,"Inactive"
"BS189","Pinf","Actinobacteriota","Actinobacteria","Micrococcales","Microbacteriaceae","Microbacterium","TSA","Bintje","Rhizosphere soil",0,"Inactive"
"AS038","Pinf","Actinobacteriota","Actinobacteria","Micrococcales","Microbacteriaceae","Microbacterium","TSA","Innovator","Rhizosphere soil",0,"Inactive"
"AS134","Pinf","Actinobacteriota","Actinobacteria","Corynebacteriales","Tsukamurellaceae","Tsukamurella","ActIA","Innovator","Rhizosphere soil",0,"Inactive"
"AR058","Pinf","Actinobacteriota","Actinobacteria","Micrococcales","Microbacteriaceae","Microbacterium","TSA","Innovator","Root",0,"Inactive"
"AR105","Pinf","Actinobacteriota","Actinobacteria","Micrococcales","Microbacteriaceae","Microbacterium","ActIA","Innovator","Root",0,"Inactive"
"BR015","Pinf","Proteobacteria","Alphaproteobacteria","Rhizobiales","Rhizobiaceae","Phyllobacterium","PDA","Bintje","Root",0,"Inactive"
"AL092","Pinf","Proteobacteria","Alphaproteobacteria","Sphingomonadales","Sphingomonadaceae","Sphingomonas","ActIA","Innovator","Leaf",0,"Inactive"
"AL100","Pinf","Proteobacteria","Alphaproteobacteria","Acetobacterales","Acetobacteraceae","Roseomonas","ActIA","Innovator","Leaf",0,"Inactive"
"AR129","Pinf","Actinobacteriota","Actinobacteria","Micrococcales","Microbacteriaceae","Microbacterium","ActIA","Innovator","Root",0,"Inactive"
"AR195","Pinf","Bacteroidota","Bacteroidia","Sphingobacteriales","Sphingobacteriaceae","Pedobacter","ARE","Innovator","Root",0,"Inactive"
"AS015","Pinf","Actinobacteriota","Actinobacteria","Micrococcales","Microbacteriaceae","Microbacterium","TSA","Innovator","Rhizosphere soil",0,"Inactive"
"AS050","Pinf","Proteobacteria","Gammaproteobacteria","Burkholderiales","Alcaligenaceae","Advenella","ARE","Innovator","Rhizosphere soil",0,"Inactive"
"AS051","Pinf","Actinobacteriota","Actinobacteria","Micrococcales","Microbacteriaceae","Microbacterium","ARE","Innovator","Rhizosphere soil",0,"Inactive"
"AS179","Pinf","Bacteroidota","Bacteroidia","Sphingobacteriales","Sphingobacteriaceae","Pedobacter","ARE","Innovator","Rhizosphere soil",0,"Inactive"
"BL089","Pinf","Proteobacteria","Alphaproteobacteria","Sphingomonadales","Sphingomonadaceae","Sphingomonas","ARE","Bintje","Leaf",0,"Inactive"
"BR073","Pinf","Actinobacteriota","Actinobacteria","Micrococcales","Microbacteriaceae","Microbacterium","ActIA","Bintje","Root",0,"Inactive"
"BR089","Pinf","Actinobacteriota","Actinobacteria","Micrococcales","Microbacteriaceae","Microbacterium","TSA","Bintje","Root",0,"Inactive"
"BR119","Pinf","Actinobacteriota","Actinobacteria","Micrococcales","Microbacteriaceae","Microbacterium","TSA","Bintje","Root",0,"Inactive"
"BR129","Pinf","Actinobacteriota","Actinobacteria","Micrococcales","Microbacteriaceae","Microbacterium","TSA","Bintje","Root",0,"Inactive"
"BR157","Pinf","Proteobacteria","Gammaproteobacteria","Burkholderiales","Alcaligenaceae","Advenella","ARE","Bintje","Root",0,"Inactive"
"BS237","Pinf","Proteobacteria","Alphaproteobacteria","Rhizobiales","Kaistiaceae","Kaistia","ARE","Bintje","Rhizosphere soil",0,"Inactive"
"BS242","Pinf","Bacteroidota","Bacteroidia","Sphingobacteriales","Sphingobacteriaceae","Pedobacter","ARE","Bintje","Rhizosphere soil",0,"Inactive"
"BR106","Pinf","Actinobacteriota","Actinobacteria","Micrococcales","Microbacteriaceae","Microbacterium","TSA","Bintje","Root",0,"Inactive"
"AR126","Pinf","Actinobacteriota","Actinobacteria","Corynebacteriales","Tsukamurellaceae","Tsukamurella","ActIA","Innovator","Root",0,"Inactive"
"AR100","Pinf","Actinobacteriota","Actinobacteria","Micrococcales","Microbacteriaceae","Microbacterium","ActIA","Innovator","Root",0,"Inactive"
"AR178","Pinf","Proteobacteria","Gammaproteobacteria","Burkholderiales","Comamonadaceae","Variovorax","ARE","Innovator","Root",0,"Inactive"
"AR206","Pinf","Bacteroidota","Bacteroidia","Sphingobacteriales","Sphingobacteriaceae","Pedobacter","ARE","Innovator","Root",0,"Inactive"
"AS027","Pinf","Proteobacteria","Gammaproteobacteria","Burkholderiales","Comamonadaceae","Variovorax","TSA","Innovator","Rhizosphere soil",0,"Inactive"
"BR076","Pinf","Actinobacteriota","Actinobacteria","Micrococcales","Microbacteriaceae","Microbacterium","ActIA","Bintje","Root",0,"Inactive"
"BR100","Pinf","Actinobacteriota","Actinobacteria","Micrococcales","Microbacteriaceae","Microbacterium","TSA","Bintje","Root",0,"Inactive"
"BR116","Pinf","Actinobacteriota","Actinobacteria","Micrococcales","Microbacteriaceae","Microbacterium","TSA","Bintje","Root",0,"Inactive"
"BR127","Pinf","Firmicutes","Bacilli","Bacillales","Planococcaceae","Lysinibacillus","TSA","Bintje","Root",0,"Inactive"
"BS246","Pinf","Bacteroidota","Bacteroidia","Sphingobacteriales","Sphingobacteriaceae","Pedobacter","ARE","Bintje","Rhizosphere soil",0,"Inactive"
"AS019","Pinf","Actinobacteriota","Actinobacteria","Micrococcales","Microbacteriaceae","Microbacterium","TSA","Innovator","Rhizosphere soil",0,"Inactive"
"AR103","Pinf","Actinobacteriota","Actinobacteria","Micrococcales","Microbacteriaceae","Microbacterium","ActIA","Innovator","Root",0,"Inactive"
"BS061","Pinf","Proteobacteria","Gammaproteobacteria","Burkholderiales","Comamonadaceae","Variovorax","ARE","Bintje","Rhizosphere soil",0,"Inactive"
"BS068","Pinf","Proteobacteria","Alphaproteobacteria","Rhizobiales","Rhizobiaceae","Ochrobactrum","ARE","Bintje","Rhizosphere soil",0,"Inactive"
"BR028","Pinf","Bacteroidota","Bacteroidia","Sphingobacteriales","Sphingobacteriaceae","Pedobacter","ARE","Bintje","Root",0,"Inactive"
"BR038","Pinf","Bacteroidota","Bacteroidia","Sphingobacteriales","Sphingobacteriaceae","Pedobacter","ARE","Bintje","Root",0,"Inactive"
"AR083","Pinf","Proteobacteria","Alphaproteobacteria","Rhizobiales","Rhizobiaceae","Allorhizobium-.","ARE","Innovator","Root",0,"Inactive"
"BR058","Pinf","Proteobacteria","Gammaproteobacteria","Pseudomonadales","Pseudomonadaceae","Pseudomonas","ActIA","Bintje","Root",1,"Low"
"AL041","Pinf","Actinobacteriota","Actinobacteria","Corynebacteriales","Nocardiaceae","Rhodococcus","ARE","Innovator","Leaf",0,"Inactive"
"BS177","Pinf","Firmicutes","Bacilli","Bacillales","Bacillaceae","Bacillus","TSA","Bintje","Rhizosphere soil",0.5,"Inactive"
"AS026","Pinf","Proteobacteria","Gammaproteobacteria","Burkholderiales","Comamonadaceae","Variovorax","TSA","Innovator","Rhizosphere soil",0,"Inactive"
"AR051","Pinf","Actinobacteriota","Actinobacteria","Propionibacteriales","Nocardioidaceae","Nocardioides","TSA","Innovator","Root",0,"Inactive"
"BR066","Pinf","Firmicutes","Bacilli","Bacillales","Bacillaceae","Bacillus","ActIA","Bintje","Root",4,"Outstanding"
"AS122","Pinf","Actinobacteriota","Actinobacteria","Micrococcales","Microbacteriaceae","Microbacterium","ActIA","Innovator","Rhizosphere soil",0,"Inactive"
"BS123","Pinf","Proteobacteria","Gammaproteobacteria","Burkholderiales","Comamonadaceae","Diaphorobacter","ActIA","Bintje","Rhizosphere soil",0,"Inactive"
"BS141","Pinf","Proteobacteria","Alphaproteobacteria","Rhizobiales","Rhizobiaceae","NA_Rhizobiaceae","TSA","Bintje","Rhizosphere soil",0,"Inactive"
"BS156","Pinf","Proteobacteria","Alphaproteobacteria","Rhizobiales","Rhizobiaceae","Mesorhizobium","TSA","Bintje","Rhizosphere soil",0,"Inactive"
"BS163","Pinf","Actinobacteriota","Actinobacteria","Micrococcales","Microbacteriaceae","Microbacterium","TSA","Bintje","Rhizosphere soil",0,"Inactive"
"BS179","Pinf","Firmicutes","Bacilli","Bacillales","Planococcaceae","Paenisporosarc.","TSA","Bintje","Rhizosphere soil",0,"Inactive"
"BS181","Pinf","Proteobacteria","Gammaproteobacteria","Burkholderiales","Comamonadaceae","Acidovorax","TSA","Bintje","Rhizosphere soil",0,"Inactive"
"BS190","Pinf","Proteobacteria","Gammaproteobacteria","Burkholderiales","Alcaligenaceae","Alcaligenes","TSA","Bintje","Rhizosphere soil",2,"Medium"
"BS231","Pinf","Proteobacteria","Gammaproteobacteria","Burkholderiales","Alcaligenaceae","Pusillimonas","ARE","Bintje","Rhizosphere soil",0,"Inactive"
"BS243","Pinf","Bacteroidota","Bacteroidia","Sphingobacteriales","Sphingobacteriaceae","Olivibacter","ARE","Bintje","Rhizosphere soil",0,"Inactive"
"AL018","Pinf","Actinobacteriota","Actinobacteria","Micrococcales","Microbacteriaceae","Rathayibacter","TSA","Innovator","Leaf",0,"Inactive"
"AL026","Pinf","Proteobacteria","Alphaproteobacteria","Acetobacterales","Acetobacteraceae","Roseomonas","TSA","Innovator","Leaf",0,"Inactive"
"AL051","Pinf","Proteobacteria","Alphaproteobacteria","Sphingomonadales","Sphingomonadaceae","Sphingomonas","ARE","Innovator","Leaf",0,"Inactive"
"AL059","Pinf","Proteobacteria","Alphaproteobacteria","Sphingomonadales","Sphingomonadaceae","Sphingomonas","ARE","Innovator","Leaf",0,"Inactive"
"AL060","Pinf","Firmicutes","Bacilli","Bacillales","Bacillaceae","Bacillus","ARE","Innovator","Leaf",2,"Medium"
"AR008","Pinf","Proteobacteria","Alphaproteobacteria","Rhizobiales","Rhizobiaceae","Phyllobacterium","TSA","Innovator","Root",0,"Inactive"
"AR022","Pinf","Actinobacteriota","Actinobacteria","Micrococcales","Microbacteriaceae","Microbacterium","TSA","Innovator","Root",0,"Inactive"
"AR023","Pinf","Bacteroidota","Bacteroidia","Flavobacteriales","Weeksellaceae","Chryseobacteri.","TSA","Innovator","Root",0,"Inactive"
"AR059","Pinf","Actinobacteriota","Actinobacteria","Corynebacteriales","Tsukamurellaceae","Tsukamurella","ARE","Innovator","Root",0,"Inactive"
"AR084","Pinf","Actinobacteriota","Actinobacteria","Micrococcales","Microbacteriaceae","Microbacterium","ARE","Innovator","Root",0,"Inactive"
"AR164","Pinf","Bacteroidota","Bacteroidia","Flavobacteriales","Weeksellaceae","Chryseobacteri.","PDA","Innovator","Root",0,"Inactive"
"AR173","Pinf","Bacteroidota","Bacteroidia","Flavobacteriales","Weeksellaceae","Chryseobacteri.","PDA","Innovator","Root",0,"Inactive"
"AS006","Pinf","Proteobacteria","Alphaproteobacteria","Rhizobiales","Rhizobiaceae","Phyllobacterium","TSA","Innovator","Rhizosphere soil",0,"Inactive"
"AS012","Pinf","Actinobacteriota","Actinobacteria","Micrococcales","Microbacteriaceae","Microbacterium","TSA","Innovator","Rhizosphere soil",0,"Inactive"
"AS024","Pinf","Proteobacteria","Gammaproteobacteria","Burkholderiales","Comamonadaceae","Variovorax","TSA","Innovator","Rhizosphere soil",0,"Inactive"
"AS025","Pinf","Bacteroidota","Bacteroidia","Flavobacteriales","Weeksellaceae","Chryseobacteri.","TSA","Innovator","Rhizosphere soil",0,"Inactive"
"AS056","Pinf","Proteobacteria","Alphaproteobacteria","Rhizobiales","Rhizobiaceae","Phyllobacterium","ARE","Innovator","Rhizosphere soil",0,"Inactive"
"AS075","Pinf","Actinobacteriota","Actinobacteria","Micrococcales","Microbacteriaceae","Microbacterium","ARE","Innovator","Rhizosphere soil",0,"Inactive"
"AS103","Pinf","Actinobacteriota","Actinobacteria","Micrococcales","Brevibacteriaceae","Brevibacterium","ActIA","Innovator","Rhizosphere soil",0,"Inactive"
"BL044","Pinf","Proteobacteria","Alphaproteobacteria","Caulobacterales","Caulobacteraceae","Caulobacter","ActIA","Bintje","Leaf",0,"Inactive"
"BL066","Pinf","Actinobacteriota","Actinobacteria","Corynebacteriales","Nocardiaceae","Rhodococcus","TSA","Bintje","Leaf",0,"Inactive"
"BL075","Pinf","Proteobacteria","Alphaproteobacteria","Rhizobiales","Beijerinckiaceae","Methylobacteri.","ARE","Bintje","Leaf",0,"Inactive"
"BR086","Pinf","Actinobacteriota","Actinobacteria","Micrococcales","Microbacteriaceae","Microbacterium","ActIA","Bintje","Root",0,"Inactive"
"BR096","Pinf","Actinobacteriota","Actinobacteria","Micrococcales","Microbacteriaceae","Microbacterium","TSA","Bintje","Root",0,"Inactive"
"BR161","Pinf","Proteobacteria","Gammaproteobacteria","Burkholderiales","Comamonadaceae","Xenophilus","ARE","Bintje","Root",0,"Inactive"
"BS114","Pinf","Actinobacteriota","Actinobacteria","Micrococcales","Microbacteriaceae","Microbacterium","ActIA","Bintje","Rhizosphere soil",0,"Inactive"
"BS124","Pinf","Firmicutes","Bacilli","Bacillales","Planococcaceae","Psychrobacillus","ActIA","Bintje","Rhizosphere soil",0,"Inactive"
"BS210","Pinf","Proteobacteria","Alphaproteobacteria","Rhizobiales","Rhizobiaceae","Mesorhizobium","ARE","Bintje","Rhizosphere soil",0,"Inactive"
"BR055","Asol","Actinobacteriota","Actinobacteria","Micrococcales","Microbacteriaceae","Microbacterium","ActIA","Bintje","Root",0,"Inactive"
"AS135","Asol","Actinobacteriota","Actinobacteria","Micrococcales","Microbacteriaceae","Microbacterium","ActIA","Innovator","Rhizosphere soil",0,"Inactive"
"AL012","Asol","Actinobacteriota","Actinobacteria","Micrococcales","Intrasporangiaceae","Janibacter","TSA","Innovator","Leaf",0,"Inactive"
"AL034","Asol","Proteobacteria","Alphaproteobacteria","Rhizobiales","Rhizobiaceae","Allorhizobium-.","TSA","Innovator","Leaf",0,"Inactive"
"AL079","Asol","Actinobacteriota","Actinobacteria","Corynebacteriales","Nocardiaceae","Rhodococcus","ActIA","Innovator","Leaf",0,"Inactive"
"AS049","Asol","Actinobacteriota","Actinobacteria","Micrococcales","Micrococcaceae","Paenarthrobact.","ARE","Innovator","Rhizosphere soil",0,"Inactive"
"AS082","Asol","Actinobacteriota","Actinobacteria","Micrococcales","Microbacteriaceae","Microbacterium","ARE","Innovator","Rhizosphere soil",0,"Inactive"
"AL082","Asol","Actinobacteriota","Actinobacteria","Micrococcales","Micrococcaceae","Kocuria","ActIA","Innovator","Leaf",0,"Inactive"
"AL013","Asol","Actinobacteriota","Actinobacteria","Micrococcales","Microbacteriaceae","Microbacterium","TSA","Innovator","Leaf",0,"Inactive"
"AS047","Asol","Actinobacteriota","Actinobacteria","Micrococcales","Microbacteriaceae","Microbacterium","ARE","Innovator","Rhizosphere soil",0,"Inactive"
"BL044","Asol","Proteobacteria","Alphaproteobacteria","Caulobacterales","Caulobacteraceae","Caulobacter","ActIA","Bintje","Leaf",0,"Inactive"
"BL098","Asol","Actinobacteriota","Actinobacteria","Micrococcales","Microbacteriaceae","Rathayibacter","ARE","Bintje","Leaf",0,"Inactive"
"AS012","Asol","Actinobacteriota","Actinobacteria","Micrococcales","Microbacteriaceae","Microbacterium","TSA","Innovator","Rhizosphere soil",0,"Inactive"
"BR099","Asol","Proteobacteria","Alphaproteobacteria","Rhizobiales","Rhizobiaceae","Phyllobacterium","TSA","Bintje","Root",0,"Inactive"
"AS103","Asol","Actinobacteriota","Actinobacteria","Micrococcales","Brevibacteriaceae","Brevibacterium","ActIA","Innovator","Rhizosphere soil",0,"Inactive"
"AS028","Rsol","Firmicutes","Bacilli","Brevibacillales","Brevibacillaceae","Brevibacillus","TSA","Innovator","Rhizosphere soil",0,"Inactive"
"BS153","Rsol","Proteobacteria","Alphaproteobacteria","Rhizobiales","Rhizobiaceae","Mesorhizobium","TSA","Bintje","Rhizosphere soil",0,"Inactive"
"AL028","Rsol","Firmicutes","Bacilli","Bacillales","Bacillaceae","Bacillus","TSA","Innovator","Leaf",0,"Inactive"
"AR028","Rsol","Actinobacteriota","Actinobacteria","Micrococcales","Microbacteriaceae","Leifsonia","TSA","Innovator","Root",0,"Inactive"
"AR114","Rsol","Proteobacteria","Gammaproteobacteria","Pseudomonadales","Pseudomonadaceae","Pseudomonas","ActIA","Innovator","Root",0,"Inactive"
"AS030","Rsol","Actinobacteriota","Actinobacteria","Micrococcales","Microbacteriaceae","Microbacterium","TSA","Innovator","Rhizosphere soil",0,"Inactive"
"BS039","Rsol","Actinobacteriota","Actinobacteria","Micrococcales","Microbacteriaceae","Microbacterium","PDA","Bintje","Rhizosphere soil",0,"Inactive"
"BS161","Rsol","Actinobacteriota","Actinobacteria","Micrococcales","Microbacteriaceae","Microbacterium","TSA","Bintje","Rhizosphere soil",0,"Inactive"
"AL002","Rsol","Actinobacteriota","Actinobacteria","Micrococcales","Microbacteriaceae","Microbacterium","TSA","Innovator","Leaf",0,"Inactive"
"AL003","Rsol","Actinobacteriota","Actinobacteria","Corynebacteriales","Nocardiaceae","Rhodococcus","TSA","Innovator","Leaf",0,"Inactive"
"AL044","Rsol","Proteobacteria","Alphaproteobacteria","Sphingomonadales","Sphingomonadaceae","Sphingomonas","ARE","Innovator","Leaf",0,"Inactive"
"AL084","Rsol","Actinobacteriota","Actinobacteria","Micrococcales","Microbacteriaceae","Microbacterium","ActIA","Innovator","Leaf",0,"Inactive"
"AS095","Rsol","Actinobacteriota","Actinobacteria","Micrococcales","Microbacteriaceae","Microbacterium","ActIA","Innovator","Rhizosphere soil",0,"Inactive"
"BR080","Rsol","Actinobacteriota","Actinobacteria","Micrococcales","Microbacteriaceae","Microbacterium","ActIA","Bintje","Root",0,"Inactive"
"BS189","Rsol","Actinobacteriota","Actinobacteria","Micrococcales","Microbacteriaceae","Microbacterium","TSA","Bintje","Rhizosphere soil",0,"Inactive"
"AS038","Rsol","Actinobacteriota","Actinobacteria","Micrococcales","Microbacteriaceae","Microbacterium","TSA","Innovator","Rhizosphere soil",0,"Inactive"
"AS134","Rsol","Actinobacteriota","Actinobacteria","Corynebacteriales","Tsukamurellaceae","Tsukamurella","ActIA","Innovator","Rhizosphere soil",0,"Inactive"
"AR058","Rsol","Actinobacteriota","Actinobacteria","Micrococcales","Microbacteriaceae","Microbacterium","TSA","Innovator","Root",0,"Inactive"
"AR105","Rsol","Actinobacteriota","Actinobacteria","Micrococcales","Microbacteriaceae","Microbacterium","ActIA","Innovator","Root",0,"Inactive"
"BR015","Rsol","Proteobacteria","Alphaproteobacteria","Rhizobiales","Rhizobiaceae","Phyllobacterium","PDA","Bintje","Root",0,"Inactive"
"AL092","Rsol","Proteobacteria","Alphaproteobacteria","Sphingomonadales","Sphingomonadaceae","Sphingomonas","ActIA","Innovator","Leaf",0,"Inactive"
"AL100","Rsol","Proteobacteria","Alphaproteobacteria","Acetobacterales","Acetobacteraceae","Roseomonas","ActIA","Innovator","Leaf",0,"Inactive"
"AR129","Rsol","Actinobacteriota","Actinobacteria","Micrococcales","Microbacteriaceae","Microbacterium","ActIA","Innovator","Root",0,"Inactive"
"AR195","Rsol","Bacteroidota","Bacteroidia","Sphingobacteriales","Sphingobacteriaceae","Pedobacter","ARE","Innovator","Root",0,"Inactive"
"AS015","Rsol","Actinobacteriota","Actinobacteria","Micrococcales","Microbacteriaceae","Microbacterium","TSA","Innovator","Rhizosphere soil",0,"Inactive"
"AS050","Rsol","Proteobacteria","Gammaproteobacteria","Burkholderiales","Alcaligenaceae","Advenella","ARE","Innovator","Rhizosphere soil",0,"Inactive"
"AS051","Rsol","Actinobacteriota","Actinobacteria","Micrococcales","Microbacteriaceae","Microbacterium","ARE","Innovator","Rhizosphere soil",0,"Inactive"
"AS179","Rsol","Bacteroidota","Bacteroidia","Sphingobacteriales","Sphingobacteriaceae","Pedobacter","ARE","Innovator","Rhizosphere soil",0,"Inactive"
"BL089","Rsol","Proteobacteria","Alphaproteobacteria","Sphingomonadales","Sphingomonadaceae","Sphingomonas","ARE","Bintje","Leaf",0,"Inactive"
"BR073","Rsol","Actinobacteriota","Actinobacteria","Micrococcales","Microbacteriaceae","Microbacterium","ActIA","Bintje","Root",0,"Inactive"
"BR089","Rsol","Actinobacteriota","Actinobacteria","Micrococcales","Microbacteriaceae","Microbacterium","TSA","Bintje","Root",0,"Inactive"
"BR119","Rsol","Actinobacteriota","Actinobacteria","Micrococcales","Microbacteriaceae","Microbacterium","TSA","Bintje","Root",0,"Inactive"
"BR129","Rsol","Actinobacteriota","Actinobacteria","Micrococcales","Microbacteriaceae","Microbacterium","TSA","Bintje","Root",0,"Inactive"
"BR157","Rsol","Proteobacteria","Gammaproteobacteria","Burkholderiales","Alcaligenaceae","Advenella","ARE","Bintje","Root",0,"Inactive"
"BS237","Rsol","Proteobacteria","Alphaproteobacteria","Rhizobiales","Kaistiaceae","Kaistia","ARE","Bintje","Rhizosphere soil",0,"Inactive"
"BS242","Rsol","Bacteroidota","Bacteroidia","Sphingobacteriales","Sphingobacteriaceae","Pedobacter","ARE","Bintje","Rhizosphere soil",0,"Inactive"
"BR106","Rsol","Actinobacteriota","Actinobacteria","Micrococcales","Microbacteriaceae","Microbacterium","TSA","Bintje","Root",0,"Inactive"
"AR126","Rsol","Actinobacteriota","Actinobacteria","Corynebacteriales","Tsukamurellaceae","Tsukamurella","ActIA","Innovator","Root",0,"Inactive"
"AR100","Rsol","Actinobacteriota","Actinobacteria","Micrococcales","Microbacteriaceae","Microbacterium","ActIA","Innovator","Root",0,"Inactive"
"AR178","Rsol","Proteobacteria","Gammaproteobacteria","Burkholderiales","Comamonadaceae","Variovorax","ARE","Innovator","Root",0,"Inactive"
"AR206","Rsol","Bacteroidota","Bacteroidia","Sphingobacteriales","Sphingobacteriaceae","Pedobacter","ARE","Innovator","Root",0,"Inactive"
"AS027","Rsol","Proteobacteria","Gammaproteobacteria","Burkholderiales","Comamonadaceae","Variovorax","TSA","Innovator","Rhizosphere soil",0,"Inactive"
"BR076","Rsol","Actinobacteriota","Actinobacteria","Micrococcales","Microbacteriaceae","Microbacterium","ActIA","Bintje","Root",0,"Inactive"
"BR100","Rsol","Actinobacteriota","Actinobacteria","Micrococcales","Microbacteriaceae","Microbacterium","TSA","Bintje","Root",0,"Inactive"
"BR116","Rsol","Actinobacteriota","Actinobacteria","Micrococcales","Microbacteriaceae","Microbacterium","TSA","Bintje","Root",0,"Inactive"
"BR127","Rsol","Firmicutes","Bacilli","Bacillales","Planococcaceae","Lysinibacillus","TSA","Bintje","Root",0,"Inactive"
"BS246","Rsol","Bacteroidota","Bacteroidia","Sphingobacteriales","Sphingobacteriaceae","Pedobacter","ARE","Bintje","Rhizosphere soil",0,"Inactive"
"AS019","Rsol","Actinobacteriota","Actinobacteria","Micrococcales","Microbacteriaceae","Microbacterium","TSA","Innovator","Rhizosphere soil",0,"Inactive"
"AR103","Rsol","Actinobacteriota","Actinobacteria","Micrococcales","Microbacteriaceae","Microbacterium","ActIA","Innovator","Root",0,"Inactive"
"BS061","Rsol","Proteobacteria","Gammaproteobacteria","Burkholderiales","Comamonadaceae","Variovorax","ARE","Bintje","Rhizosphere soil",0,"Inactive"
"BS068","Rsol","Proteobacteria","Alphaproteobacteria","Rhizobiales","Rhizobiaceae","Ochrobactrum","ARE","Bintje","Rhizosphere soil",0,"Inactive"
"BR028","Rsol","Bacteroidota","Bacteroidia","Sphingobacteriales","Sphingobacteriaceae","Pedobacter","ARE","Bintje","Root",0,"Inactive"
"BR038","Rsol","Bacteroidota","Bacteroidia","Sphingobacteriales","Sphingobacteriaceae","Pedobacter","ARE","Bintje","Root",0,"Inactive"
"AL009","Rsol","Actinobacteriota","Actinobacteria","Micrococcales","Microbacteriaceae","Frigoribacteri.","TSA","Innovator","Leaf",0,"Inactive"
"AL012","Rsol","Actinobacteriota","Actinobacteria","Micrococcales","Intrasporangiaceae","Janibacter","TSA","Innovator","Leaf",0,"Inactive"
"AL013","Rsol","Actinobacteriota","Actinobacteria","Micrococcales","Microbacteriaceae","Microbacterium","TSA","Innovator","Leaf",0,"Inactive"
"AL024","Rsol","Proteobacteria","Alphaproteobacteria","Rhodobacterales","Rhodobacteraceae","Paracoccus","TSA","Innovator","Leaf",0,"Inactive"
"AL034","Rsol","Proteobacteria","Alphaproteobacteria","Rhizobiales","Rhizobiaceae","Allorhizobium-.","TSA","Innovator","Leaf",0,"Inactive"
"AL038","Rsol","Firmicutes","Bacilli","Bacillales","Bacillaceae","Bacillus","ARE","Innovator","Leaf",2,"Medium"
"AL043","Rsol","Actinobacteriota","Actinobacteria","Micrococcales","Microbacteriaceae","Microbacterium","ARE","Innovator","Leaf",0,"Inactive"
"AL079","Rsol","Actinobacteriota","Actinobacteria","Corynebacteriales","Nocardiaceae","Rhodococcus","ActIA","Innovator","Leaf",0,"Inactive"
"AL082","Rsol","Actinobacteriota","Actinobacteria","Micrococcales","Micrococcaceae","Kocuria","ActIA","Innovator","Leaf",0,"Inactive"
"AR005","Rsol","Firmicutes","Bacilli","Bacillales","Bacillaceae","Bacillus","TSA","Innovator","Root",0,"Inactive"
"AR037","Rsol","Firmicutes","Bacilli","Bacillales","Bacillaceae","Bacillus","TSA","Innovator","Root",0,"Inactive"
"AR063","Rsol","Proteobacteria","Gammaproteobacteria","Burkholderiales","Alcaligenaceae","NA_Alcaligenac.","ARE","Innovator","Root",0,"Inactive"
"AR099","Rsol","Actinobacteriota","Actinobacteria","Micrococcales","Microbacteriaceae","Microbacterium","ActIA","Innovator","Root",0,"Inactive"
"AR104","Rsol","Bacteroidota","Bacteroidia","Flavobacteriales","Weeksellaceae","Chryseobacteri.","ActIA","Innovator","Root",0,"Inactive"
"AR111","Rsol","Actinobacteriota","Actinobacteria","Micrococcales","Microbacteriaceae","Microbacterium","ActIA","Innovator","Root",0,"Inactive"
"AR125","Rsol","Proteobacteria","Gammaproteobacteria","Pseudomonadales","Pseudomonadaceae","Pseudomonas","ActIA","Innovator","Root",0,"Inactive"
"AS011","Rsol","Actinobacteriota","Actinobacteria","Micrococcales","Microbacteriaceae","Microbacterium","TSA","Innovator","Rhizosphere soil",0,"Inactive"
"AS040","Rsol","Firmicutes","Bacilli","Bacillales","Bacillaceae","Bacillus","TSA","Innovator","Rhizosphere soil",0,"Inactive"
"AS047","Rsol","Actinobacteriota","Actinobacteria","Micrococcales","Microbacteriaceae","Microbacterium","ARE","Innovator","Rhizosphere soil",0,"Inactive"
"AS049","Rsol","Actinobacteriota","Actinobacteria","Micrococcales","Micrococcaceae","Paenarthrobact.","ARE","Innovator","Rhizosphere soil",0,"Inactive"
"AS077","Rsol","Actinobacteriota","Actinobacteria","Micrococcales","Microbacteriaceae","Microbacterium","ARE","Innovator","Rhizosphere soil",0,"Inactive"
"AS082","Rsol","Actinobacteriota","Actinobacteria","Micrococcales","Microbacteriaceae","Microbacterium","ARE","Innovator","Rhizosphere soil",0,"Inactive"
"AS123","Rsol","Firmicutes","Bacilli","Bacillales","Bacillaceae","Bacillus","ActIA","Innovator","Rhizosphere soil",0,"Inactive"
"AS124","Rsol","Actinobacteriota","Actinobacteria","Micrococcales","Microbacteriaceae","Plantibacter","ActIA","Innovator","Rhizosphere soil",0,"Inactive"
"BL043","Rsol","Proteobacteria","Alphaproteobacteria","Caulobacterales","Caulobacteraceae","Caulobacter","ActIA","Bintje","Leaf",0,"Inactive"
"BL074","Rsol","Firmicutes","Bacilli","Bacillales","Bacillaceae","Bacillus","ARE","Bintje","Leaf",2,"Medium"
"BL086","Rsol","Firmicutes","Bacilli","Bacillales","Bacillaceae","Bacillus","ARE","Bintje","Leaf",0,"Inactive"
"BL098","Rsol","Actinobacteriota","Actinobacteria","Micrococcales","Microbacteriaceae","Rathayibacter","ARE","Bintje","Leaf",0,"Inactive"
"BR064","Rsol","Actinobacteriota","Actinobacteria","Micrococcales","Microbacteriaceae","Microbacterium","ActIA","Bintje","Root",0,"Inactive"
"BR075","Rsol","Proteobacteria","Gammaproteobacteria","Pseudomonadales","Pseudomonadaceae","Pseudomonas","ActIA","Bintje","Root",0,"Inactive"
"BR078","Rsol","Proteobacteria","Gammaproteobacteria","Pseudomonadales","Pseudomonadaceae","Pseudomonas","ActIA","Bintje","Root",0,"Inactive"
"BR088","Rsol","Firmicutes","Bacilli","Bacillales","Bacillaceae","Bacillus","ActIA","Bintje","Root",0,"Inactive"
"BR094","Rsol","Proteobacteria","Gammaproteobacteria","Burkholderiales","Alcaligenaceae","Pusillimonas","TSA","Bintje","Root",0,"Inactive"
"BR099","Rsol","Proteobacteria","Alphaproteobacteria","Rhizobiales","Rhizobiaceae","Phyllobacterium","TSA","Bintje","Root",0,"Inactive"
"BR102","Rsol","Actinobacteriota","Actinobacteria","Propionibacteriales","Nocardioidaceae","Nocardioides","TSA","Bintje","Root",0,"Inactive"
"BR109","Rsol","Proteobacteria","Gammaproteobacteria","Burkholderiales","Comamonadaceae","Hydrogenophaga","TSA","Bintje","Root",0,"Inactive"
"BR130","Rsol","Firmicutes","Bacilli","Bacillales","Planococcaceae","Paenisporosarc.","TSA","Bintje","Root",0,"Inactive"
"BR136","Rsol","Firmicutes","Bacilli","Bacillales","Bacillaceae","Bacillus","TSA","Bintje","Root",0,"Inactive"
"BR144","Rsol","Proteobacteria","Gammaproteobacteria","Burkholderiales","Alcaligenaceae","Pusillimonas","ARE","Bintje","Root",0,"Inactive"
"BR158","Rsol","Proteobacteria","Alphaproteobacteria","Rhizobiales","Devosiaceae","Devosia","ARE","Bintje","Root",0,"Inactive"
"BR160","Rsol","Proteobacteria","Gammaproteobacteria","Xanthomonadales","Xanthomonadaceae","Stenotrophomon.","ARE","Bintje","Root",0,"Inactive"
"BS038","Rsol","Proteobacteria","Gammaproteobacteria","Burkholderiales","Comamonadaceae","Variovorax","PDA","Bintje","Rhizosphere soil",0,"Inactive"
"BS075","Rsol","Firmicutes","Bacilli","Bacillales","Planococcaceae","Psychrobacillus","ActIA","Bintje","Rhizosphere soil",0,"Inactive"
"BS080","Rsol","Firmicutes","Bacilli","Bacillales","Planococcaceae","Psychrobacillus","ActIA","Bintje","Rhizosphere soil",0,"Inactive"
"BS081","Rsol","Firmicutes","Bacilli","Bacillales","Bacillaceae","Bacillus","ActIA","Bintje","Rhizosphere soil",0,"Inactive"
"BS099","Rsol","Actinobacteriota","Actinobacteria","Micrococcales","Microbacteriaceae","Microbacterium","ActIA","Bintje","Rhizosphere soil",0,"Inactive"
"BS103","Rsol","Proteobacteria","Gammaproteobacteria","Burkholderiales","Alcaligenaceae","NA_Alcaligenac.","ActIA","Bintje","Rhizosphere soil",0,"Inactive"
"BS106","Rsol","Firmicutes","Bacilli","Bacillales","Planococcaceae","Paenisporosarc.","ActIA","Bintje","Rhizosphere soil",0,"Inactive"
"BS123","Rsol","Proteobacteria","Gammaproteobacteria","Burkholderiales","Comamonadaceae","Diaphorobacter","ActIA","Bintje","Rhizosphere soil",0,"Inactive"
"BS141","Rsol","Proteobacteria","Alphaproteobacteria","Rhizobiales","Rhizobiaceae","NA_Rhizobiaceae","TSA","Bintje","Rhizosphere soil",0,"Inactive"
"BS156","Rsol","Proteobacteria","Alphaproteobacteria","Rhizobiales","Rhizobiaceae","Mesorhizobium","TSA","Bintje","Rhizosphere soil",0,"Inactive"
"BS163","Rsol","Actinobacteriota","Actinobacteria","Micrococcales","Microbacteriaceae","Microbacterium","TSA","Bintje","Rhizosphere soil",0,"Inactive"
"BS179","Rsol","Firmicutes","Bacilli","Bacillales","Planococcaceae","Paenisporosarc.","TSA","Bintje","Rhizosphere soil",0,"Inactive"
"BS181","Rsol","Proteobacteria","Gammaproteobacteria","Burkholderiales","Comamonadaceae","Acidovorax","TSA","Bintje","Rhizosphere soil",0,"Inactive"
"BS190","Rsol","Proteobacteria","Gammaproteobacteria","Burkholderiales","Alcaligenaceae","Alcaligenes","TSA","Bintje","Rhizosphere soil",0,"Inactive"
"BS231","Rsol","Proteobacteria","Gammaproteobacteria","Burkholderiales","Alcaligenaceae","Pusillimonas","ARE","Bintje","Rhizosphere soil",0,"Inactive"
"BS243","Rsol","Bacteroidota","Bacteroidia","Sphingobacteriales","Sphingobacteriaceae","Olivibacter","ARE","Bintje","Rhizosphere soil",0,"Inactive"
"AL018","Rsol","Actinobacteriota","Actinobacteria","Micrococcales","Microbacteriaceae","Rathayibacter","TSA","Innovator","Leaf",0,"Inactive"
"AL026","Rsol","Proteobacteria","Alphaproteobacteria","Acetobacterales","Acetobacteraceae","Roseomonas","TSA","Innovator","Leaf",0,"Inactive"
"AL051","Rsol","Proteobacteria","Alphaproteobacteria","Sphingomonadales","Sphingomonadaceae","Sphingomonas","ARE","Innovator","Leaf",0,"Inactive"
"AL059","Rsol","Proteobacteria","Alphaproteobacteria","Sphingomonadales","Sphingomonadaceae","Sphingomonas","ARE","Innovator","Leaf",0,"Inactive"
"AL060","Rsol","Firmicutes","Bacilli","Bacillales","Bacillaceae","Bacillus","ARE","Innovator","Leaf",0,"Inactive"
"AR008","Rsol","Proteobacteria","Alphaproteobacteria","Rhizobiales","Rhizobiaceae","Phyllobacterium","TSA","Innovator","Root",0,"Inactive"
"AR022","Rsol","Actinobacteriota","Actinobacteria","Micrococcales","Microbacteriaceae","Microbacterium","TSA","Innovator","Root",0,"Inactive"
"AR023","Rsol","Bacteroidota","Bacteroidia","Flavobacteriales","Weeksellaceae","Chryseobacteri.","TSA","Innovator","Root",0,"Inactive"
"AR038a","Rsol","Bacteroidota","Bacteroidia","Flavobacteriales","Weeksellaceae","Chryseobacteri.","TSA","Innovator","Root",0,"Inactive"
"AR059","Rsol","Actinobacteriota","Actinobacteria","Corynebacteriales","Tsukamurellaceae","Tsukamurella","ARE","Innovator","Root",0,"Inactive"
"AR164","Rsol","Bacteroidota","Bacteroidia","Flavobacteriales","Weeksellaceae","Chryseobacteri.","PDA","Innovator","Root",0,"Inactive"
"AR173","Rsol","Bacteroidota","Bacteroidia","Flavobacteriales","Weeksellaceae","Chryseobacteri.","PDA","Innovator","Root",0,"Inactive"
"AS006","Rsol","Proteobacteria","Alphaproteobacteria","Rhizobiales","Rhizobiaceae","Phyllobacterium","TSA","Innovator","Rhizosphere soil",0,"Inactive"
"AS009","Rsol","Actinobacteriota","Actinobacteria","Micrococcales","Microbacteriaceae","Microbacterium","TSA","Innovator","Rhizosphere soil",0,"Inactive"
"AS012","Rsol","Actinobacteriota","Actinobacteria","Micrococcales","Microbacteriaceae","Microbacterium","TSA","Innovator","Rhizosphere soil",0,"Inactive"
"AS024","Rsol","Proteobacteria","Gammaproteobacteria","Burkholderiales","Comamonadaceae","Variovorax","TSA","Innovator","Rhizosphere soil",0,"Inactive"
"AS025","Rsol","Bacteroidota","Bacteroidia","Flavobacteriales","Weeksellaceae","Chryseobacteri.","TSA","Innovator","Rhizosphere soil",0,"Inactive"
"AS056","Rsol","Proteobacteria","Alphaproteobacteria","Rhizobiales","Rhizobiaceae","Phyllobacterium","ARE","Innovator","Rhizosphere soil",0,"Inactive"
"AS075","Rsol","Actinobacteriota","Actinobacteria","Micrococcales","Microbacteriaceae","Microbacterium","ARE","Innovator","Rhizosphere soil",0,"Inactive"
"AS103","Rsol","Actinobacteriota","Actinobacteria","Micrococcales","Brevibacteriaceae","Brevibacterium","ActIA","Innovator","Rhizosphere soil",0,"Inactive"
"AS122","Rsol","Actinobacteriota","Actinobacteria","Micrococcales","Microbacteriaceae","Microbacterium","ActIA","Innovator","Rhizosphere soil",0,"Inactive"
"BL044","Rsol","Proteobacteria","Alphaproteobacteria","Caulobacterales","Caulobacteraceae","Caulobacter","ActIA","Bintje","Leaf",0,"Inactive"
"BL066","Rsol","Actinobacteriota","Actinobacteria","Corynebacteriales","Nocardiaceae","Rhodococcus","TSA","Bintje","Leaf",0,"Inactive"
"BL075","Rsol","Proteobacteria","Alphaproteobacteria","Rhizobiales","Beijerinckiaceae","Methylobacteri.","ARE","Bintje","Leaf",0,"Inactive"
"BR086","Rsol","Actinobacteriota","Actinobacteria","Micrococcales","Microbacteriaceae","Microbacterium","ActIA","Bintje","Root",0,"Inactive"
"BR161","Rsol","Proteobacteria","Gammaproteobacteria","Burkholderiales","Comamonadaceae","Xenophilus","ARE","Bintje","Root",0,"Inactive"
"BS114","Rsol","Actinobacteriota","Actinobacteria","Micrococcales","Microbacteriaceae","Microbacterium","ActIA","Bintje","Rhizosphere soil",0,"Inactive"
"BS124","Rsol","Firmicutes","Bacilli","Bacillales","Planococcaceae","Psychrobacillus","ActIA","Bintje","Rhizosphere soil",0,"Inactive"
"BS210","Rsol","Proteobacteria","Alphaproteobacteria","Rhizobiales","Rhizobiaceae","Mesorhizobium","ARE","Bintje","Rhizosphere soil",0,"Inactive"
"AR025","Pult","Firmicutes","Bacilli","Bacillales","Bacillaceae","Bacillus","TSA","Innovator","Root",0,"Inactive"
"AR122","Pult","Proteobacteria","Alphaproteobacteria","Rhizobiales","Rhizobiaceae","Ochrobactrum","ActIA","Innovator","Root",0,"Inactive"
"AR150","Pult","Proteobacteria","Gammaproteobacteria","Burkholderiales","Comamonadaceae","Acidovorax","PDA","Innovator","Root",0,"Inactive"
"AS089","Pult","Proteobacteria","Gammaproteobacteria","Pseudomonadales","Pseudomonadaceae","Pseudomonas","ARE","Innovator","Rhizosphere soil",0,"Inactive"
"AS101","Pult","Firmicutes","Bacilli","Bacillales","Bacillaceae","Bacillus","ActIA","Innovator","Rhizosphere soil",0,"Inactive"
"AS135","Pult","Actinobacteriota","Actinobacteria","Micrococcales","Microbacteriaceae","Microbacterium","ActIA","Innovator","Rhizosphere soil",0,"Inactive"
"BR101","Pult","Proteobacteria","Gammaproteobacteria","Burkholderiales","Comamonadaceae","Acidovorax","TSA","Bintje","Root",0,"Inactive"
"BS079","Pult","Firmicutes","Bacilli","Bacillales","Planococcaceae","Paenisporosarc.","ActIA","Bintje","Rhizosphere soil",0,"Inactive"
"BS113","Pult","Firmicutes","Bacilli","Bacillales","Bacillaceae","Bacillus","ActIA","Bintje","Rhizosphere soil",0.5,"Inactive"
"AR095","Pult","Firmicutes","Bacilli","Bacillales","Planococcaceae","Paenisporosarc.","ActIA","Innovator","Root",0,"Inactive"
"BR071","Pult","Firmicutes","Bacilli","Bacillales","Planococcaceae","Psychrobacillus","ActIA","Bintje","Root",0,"Inactive"
"AR075","Pult","Proteobacteria","Gammaproteobacteria","Pseudomonadales","Pseudomonadaceae","Pseudomonas","ARE","Innovator","Root",0,"Inactive"
"AS060","Pult","Proteobacteria","Gammaproteobacteria","Burkholderiales","Alcaligenaceae","Achromobacter","ARE","Innovator","Rhizosphere soil",0,"Inactive"
"AS087","Pult","Proteobacteria","Gammaproteobacteria","Burkholderiales","Alcaligenaceae","NA_Alcaligenac.","ARE","Innovator","Rhizosphere soil",0,"Inactive"
"BS232","Pult","Firmicutes","Bacilli","Bacillales","Bacillaceae","Bacillus","ARE","Bintje","Rhizosphere soil",0,"Inactive"
"BS130","Pult","Proteobacteria","Gammaproteobacteria","Pseudomonadales","Pseudomonadaceae","Pseudomonas","ActIA","Bintje","Rhizosphere soil",0,"Inactive"
"AS175","Pult","Bacteroidota","Bacteroidia","Sphingobacteriales","Sphingobacteriaceae","Pedobacter","ARE","Innovator","Rhizosphere soil",0,"Inactive"
"AS178","Pult","Proteobacteria","Alphaproteobacteria","Rhizobiales","Rhizobiaceae","Phyllobacterium","ARE","Innovator","Rhizosphere soil",0,"Inactive"
"AR074","Pult","Actinobacteriota","Actinobacteria","Corynebacteriales","Nocardiaceae","Rhodococcus","ARE","Innovator","Root",0,"Inactive"
"AL029","Pult","Actinobacteriota","Actinobacteria","Corynebacteriales","Nocardiaceae","Rhodococcus","TSA","Innovator","Leaf",0,"Inactive"
"AL041","Pult","Actinobacteriota","Actinobacteria","Corynebacteriales","Nocardiaceae","Rhodococcus","ARE","Innovator","Leaf",0,"Inactive"
"AL093","Pult","Actinobacteriota","Actinobacteria","Corynebacteriales","Nocardiaceae","Rhodococcus","ActIA","Innovator","Leaf",0,"Inactive"
"AS017","Pult","Actinobacteriota","Actinobacteria","Corynebacteriales","Nocardiaceae","Rhodococcus","TSA","Innovator","Rhizosphere soil",0,"Inactive"
"AR057","Pult","Firmicutes","Bacilli","Bacillales","Bacillaceae","Bacillus","TSA","Innovator","Root",0,"Inactive"
"AL064","Pult","Proteobacteria","Alphaproteobacteria","Rhizobiales","Rhizobiaceae","Allorhizobium-.","ARE","Innovator","Leaf",0,"Inactive"
"AR042","Pult","Firmicutes","Bacilli","Bacillales","Bacillaceae","Bacillus","TSA","Innovator","Root",0,"Inactive"
"AR061","Pult","Proteobacteria","Alphaproteobacteria","Rhizobiales","Rhizobiaceae","Allorhizobium-.","ARE","Innovator","Root",0,"Inactive"
"AR081","Pult","Proteobacteria","Alphaproteobacteria","Rhizobiales","Rhizobiaceae","Allorhizobium-.","ARE","Innovator","Root",0,"Inactive"
"AR116","Pult","Proteobacteria","Alphaproteobacteria","Rhizobiales","Rhizobiaceae","Allorhizobium-.","ActIA","Innovator","Root",0,"Inactive"
"AS064","Pult","Proteobacteria","Alphaproteobacteria","Rhizobiales","Rhizobiaceae","Allorhizobium-.","ARE","Innovator","Rhizosphere soil",0,"Inactive"
"BL069","Pult","Actinobacteriota","Actinobacteria","Micrococcales","Microbacteriaceae","Frigoribacteri.","TSA","Bintje","Leaf",0,"Inactive"
"BL071","Pult","Proteobacteria","Alphaproteobacteria","Rhizobiales","Rhizobiaceae","Allorhizobium-.","ARE","Bintje","Leaf",0,"Inactive"
"BR107","Pult","Firmicutes","Bacilli","Bacillales","Bacillaceae","Bacillus","TSA","Bintje","Root",0,"Inactive"
"BR120","Pult","Actinobacteriota","Actinobacteria","Micrococcales","Microbacteriaceae","Microbacterium","TSA","Bintje","Root",0,"Inactive"
"AR169","Pult","Actinobacteriota","Actinobacteria","Micrococcales","Brevibacteriaceae","Brevibacterium","ActIA","Innovator","Root",0,"Inactive"
"BS196","Pult","Firmicutes","Bacilli","Bacillales","Bacillaceae","Bacillus","TSA","Bintje","Rhizosphere soil",0,"Inactive"
"BS200","Pult","Firmicutes","Bacilli","Bacillales","Bacillaceae","Bacillus","TSA","Bintje","Rhizosphere soil",0.5,"Inactive"
"BS236","Pult","Firmicutes","Bacilli","Bacillales","Bacillaceae","Bacillus","ARE","Bintje","Rhizosphere soil",0.5,"Inactive"
"BS230","Pult","Actinobacteriota","Actinobacteria","Micrococcales","Micrococcaceae","Arthrobacter","ARE","Bintje","Rhizosphere soil",0.5,"Inactive"
"AL062","Pult","Actinobacteriota","Actinobacteria","Corynebacteriales","Nocardiaceae","Rhodococcus","ARE","Innovator","Leaf",0,"Inactive"
"AS044","Pult","Proteobacteria","Gammaproteobacteria","Pseudomonadales","Pseudomonadaceae","Pseudomonas","TSA","Innovator","Rhizosphere soil",0,"Inactive"
"AS058","Pult","Proteobacteria","Alphaproteobacteria","Rhizobiales","Rhizobiaceae","Allorhizobium-.","ARE","Innovator","Rhizosphere soil",0,"Inactive"
"AL004","Pult","Firmicutes","Bacilli","Bacillales","Bacillaceae","Bacillus","TSA","Innovator","Leaf",0,"Inactive"
"AL005","Pult","Proteobacteria","Gammaproteobacteria","Burkholderiales","Comamonadaceae","Acidovorax","TSA","Innovator","Leaf",0.5,"Inactive"
"AL006","Pult","Actinobacteriota","Actinobacteria","Micrococcales","Microbacteriaceae","Microbacterium","TSA","Innovator","Leaf",0,"Inactive"
"AL063","Pult","Proteobacteria","Alphaproteobacteria","Sphingomonadales","Sphingomonadaceae","Sphingomonas","ARE","Innovator","Leaf",0,"Inactive"
"AR048","Pult","Actinobacteriota","Actinobacteria","Micrococcales","Microbacteriaceae","Microbacterium","TSA","Innovator","Root",0,"Inactive"
"AR056","Pult","Proteobacteria","Alphaproteobacteria","Rhizobiales","Rhizobiaceae","Ochrobactrum","TSA","Innovator","Root",0,"Inactive"
"BL096","Pult","Firmicutes","Bacilli","Bacillales","Bacillaceae","Bacillus","ARE","Bintje","Leaf",0,"Inactive"
"BR013","Pult","Proteobacteria","Gammaproteobacteria","Burkholderiales","Comamonadaceae","Acidovorax","PDA","Bintje","Root",0,"Inactive"
"BR087","Pult","Proteobacteria","Gammaproteobacteria","Pseudomonadales","Pseudomonadaceae","Pseudomonas","ActIA","Bintje","Root",0,"Inactive"
"BR125","Pult","Actinobacteriota","Actinobacteria","Micrococcales","Microbacteriaceae","Microbacterium","TSA","Bintje","Root",0,"Inactive"
"BR154","Pult","Proteobacteria","Gammaproteobacteria","Pseudomonadales","Pseudomonadaceae","Pseudomonas","ARE","Bintje","Root",0,"Inactive"
"BS143","Pult","Actinobacteriota","Actinobacteria","Micrococcales","Microbacteriaceae","Microbacterium","TSA","Bintje","Rhizosphere soil",0,"Inactive"
"AL001","Pult","Actinobacteriota","Actinobacteria","Micrococcales","Microbacteriaceae","Curtobacterium","TSA","Innovator","Leaf",2,"Medium"
"AL099","Pult","Actinobacteriota","Actinobacteria","Micrococcales","Microbacteriaceae","Curtobacterium","ActIA","Innovator","Leaf",2,"Medium"
"AR067","Pult","Actinobacteriota","Actinobacteria","Micrococcales","Microbacteriaceae","Microbacterium","ARE","Innovator","Root",0.5,"Inactive"
"AR138","Pult","Actinobacteriota","Actinobacteria","Corynebacteriales","Tsukamurellaceae","Tsukamurella","PDA","Innovator","Root",0.5,"Inactive"
"AR179","Pult","Proteobacteria","Alphaproteobacteria","Rhizobiales","Rhizobiaceae","Phyllobacterium","ARE","Innovator","Root",0,"Inactive"
"AS063","Pult","Proteobacteria","Gammaproteobacteria","Pseudomonadales","Pseudomonadaceae","Pseudomonas","ARE","Innovator","Rhizosphere soil",1.5,"Low"
"AS090","Pult","Proteobacteria","Gammaproteobacteria","Pseudomonadales","Pseudomonadaceae","Pseudomonas","ARE","Innovator","Rhizosphere soil",1.5,"Low"
"BR155","Pult","Actinobacteriota","Actinobacteria","Micrococcales","Microbacteriaceae","Microbacterium","ARE","Bintje","Root",0,"Inactive"
"BS122","Pult","Firmicutes","Bacilli","Bacillales","Bacillaceae","Bacillus","ActIA","Bintje","Rhizosphere soil",0,"Inactive"
"AS035","Pult","Firmicutes","Bacilli","Bacillales","Bacillaceae","Bacillus","TSA","Innovator","Rhizosphere soil",0,"Inactive"
"BL056","Pult","Actinobacteriota","Actinobacteria","Micrococcales","Microbacteriaceae","Plantibacter","TSA","Bintje","Leaf",0,"Inactive"
"BS177","Pult","Firmicutes","Bacilli","Bacillales","Bacillaceae","Bacillus","TSA","Bintje","Rhizosphere soil",0,"Inactive"
"BS199","Pult","Firmicutes","Bacilli","Bacillales","Bacillaceae","Bacillus","TSA","Bintje","Rhizosphere soil",0,"Inactive"
"AR194","Pult","Actinobacteriota","Actinobacteria","Corynebacteriales","Tsukamurellaceae","Tsukamurella","ARE","Innovator","Root",0,"Inactive"
"BS071","Pult","Proteobacteria","Alphaproteobacteria","Rhizobiales","Rhizobiaceae","Phyllobacterium","ARE","Bintje","Rhizosphere soil",1,"Low"
"AL085","Pult","Actinobacteriota","Actinobacteria","Micrococcales","Micrococcaceae","Micrococcus","ActIA","Innovator","Leaf",0,"Inactive"
"AL086","Pult","Actinobacteriota","Actinobacteria","Corynebacteriales","Nocardiaceae","Rhodococcus","ActIA","Innovator","Leaf",0,"Inactive"
"AL088","Pult","Actinobacteriota","Actinobacteria","Micrococcales","Intrasporangiaceae","NA_Intrasporan.","ActIA","Innovator","Leaf",0,"Inactive"
"AL030","Pult","Actinobacteriota","Actinobacteria","Corynebacteriales","Nocardiaceae","Rhodococcus","TSA","Innovator","Leaf",0,"Inactive"
"AL068","Pult","Actinobacteriota","Actinobacteria","Micrococcales","Microbacteriaceae","Frigoribacteri.","ARE","Innovator","Leaf",0,"Inactive"
"AL072","Pult","Actinobacteriota","Actinobacteria","Micrococcales","Microbacteriaceae","Frigoribacteri.","ActIA","Innovator","Leaf",1.5,"Low"
"AL078","Pult","Actinobacteriota","Actinobacteria","Micrococcales","Microbacteriaceae","Frigoribacteri.","ActIA","Innovator","Leaf",0.5,"Inactive"
"AR002","Pult","Firmicutes","Bacilli","Bacillales","Bacillaceae","Bacillus","TSA","Innovator","Root",0,"Inactive"
"AS074","Pult","Actinobacteriota","Actinobacteria","Corynebacteriales","Nocardiaceae","Rhodococcus","ARE","Innovator","Rhizosphere soil",0,"Inactive"
"AL022","Pult","Actinobacteriota","Actinobacteria","Micrococcales","Microbacteriaceae","Microbacterium","TSA","Innovator","Leaf",0,"Inactive"
"AL096","Pult","Actinobacteriota","Actinobacteria","Micrococcales","Microbacteriaceae","Frigoribacteri.","ActIA","Innovator","Leaf",1.5,"Low"
"AS042","Pult","Actinobacteriota","Actinobacteria","Micrococcales","Microbacteriaceae","Microbacterium","TSA","Innovator","Rhizosphere soil",0,"Inactive"
"BL076","Pult","Actinobacteriota","Actinobacteria","Corynebacteriales","Nocardiaceae","Rhodococcus","ARE","Bintje","Leaf",0,"Inactive"
"BL079","Pult","Actinobacteriota","Actinobacteria","Micrococcales","Microbacteriaceae","Frigoribacteri.","ARE","Bintje","Leaf",0,"Inactive"
"BR150","Pult","Proteobacteria","Alphaproteobacteria","Rhizobiales","Rhizobiaceae","Allorhizobium-.","ARE","Bintje","Root",0,"Inactive"
"AL047","Pult","Actinobacteriota","Actinobacteria","Micrococcales","Microbacteriaceae","Frigoribacteri.","ARE","Innovator","Leaf",1.5,"Low"
"AL048","Pult","Actinobacteriota","Actinobacteria","Micrococcales","Microbacteriaceae","Microbacterium","ARE","Innovator","Leaf",0,"Inactive"
"AL076","Pult","Firmicutes","Bacilli","Bacillales","Planococcaceae","Paenisporosarc.","ActIA","Innovator","Leaf",0,"Inactive"
"AS029","Pult","Firmicutes","Bacilli","Bacillales","Bacillaceae","Bacillus","TSA","Innovator","Rhizosphere soil",0,"Inactive"
"AS070","Pult","Proteobacteria","Alphaproteobacteria","Rhizobiales","Rhizobiaceae","Allorhizobium-.","ARE","Innovator","Rhizosphere soil",0,"Inactive"
"BL073","Pult","Actinobacteriota","Actinobacteria","Micrococcales","Microbacteriaceae","Frigoribacteri.","ARE","Bintje","Leaf",1.5,"Low"
"BR036","Pult","Proteobacteria","Gammaproteobacteria","Burkholderiales","Comamonadaceae","Variovorax","ARE","Bintje","Root",0,"Inactive"
"BR098","Pult","Firmicutes","Bacilli","Bacillales","Bacillaceae","Bacillus","TSA","Bintje","Root",0,"Inactive"
"BR137","Pult","Proteobacteria","Gammaproteobacteria","Pseudomonadales","Pseudomonadaceae","Pseudomonas","ARE","Bintje","Root",0,"Inactive"
"BR153","Pult","Proteobacteria","Alphaproteobacteria","Rhizobiales","Rhizobiaceae","Allorhizobium-.","ARE","Bintje","Root",0,"Inactive"
"AL011","Pult","Actinobacteriota","Actinobacteria","Micrococcales","Intrasporangiaceae","Janibacter","TSA","Innovator","Leaf",0,"Inactive"
"AL039","Pult","Proteobacteria","Alphaproteobacteria","Rhizobiales","Rhizobiaceae","Allorhizobium-.","ARE","Innovator","Leaf",0,"Inactive"
"BL037","Pult","Proteobacteria","Alphaproteobacteria","Caulobacterales","Caulobacteraceae","Caulobacter","ActIA","Bintje","Leaf",2,"Medium"
"BL049","Pult","Firmicutes","Bacilli","Bacillales","Bacillaceae","Bacillus","TSA","Bintje","Leaf",0,"Inactive"
"BS110","Pult","Actinobacteriota","Actinobacteria","Micrococcales","Microbacteriaceae","Microbacterium","ActIA","Bintje","Rhizosphere soil",0,"Inactive"
"AL027","Pult","Actinobacteriota","Actinobacteria","Micrococcales","Microbacteriaceae","Microbacterium","TSA","Innovator","Leaf",0,"Inactive"
"AL061","Pult","Actinobacteriota","Actinobacteria","Micrococcales","Microbacteriaceae","Microbacterium","ARE","Innovator","Leaf",0,"Inactive"
"AL087","Pult","Actinobacteriota","Actinobacteria","Micrococcales","Microbacteriaceae","Curtobacterium","ActIA","Innovator","Leaf",2,"Medium"
"AR009","Pult","Proteobacteria","Gammaproteobacteria","Burkholderiales","Comamonadaceae","Acidovorax","TSA","Innovator","Root",0,"Inactive"
"AS026","Pult","Proteobacteria","Gammaproteobacteria","Burkholderiales","Comamonadaceae","Variovorax","TSA","Innovator","Rhizosphere soil",0,"Inactive"
"AS088","Pult","Actinobacteriota","Actinobacteria","Corynebacteriales","Nocardiaceae","Gordonia","ARE","Innovator","Rhizosphere soil",0,"Inactive"
"AS175b","Pult","Bacteroidota","Bacteroidia","Sphingobacteriales","Sphingobacteriaceae","Pedobacter","ARE","Innovator","Rhizosphere soil",0,"Inactive"
"AS182","Pult","Proteobacteria","Gammaproteobacteria","Burkholderiales","Comamonadaceae","Variovorax","ARE","Innovator","Rhizosphere soil",0,"Inactive"
"BR023","Pult","Proteobacteria","Gammaproteobacteria","Burkholderiales","Comamonadaceae","Variovorax","PDA","Bintje","Root",0,"Inactive"
"BR103","Pult","Actinobacteriota","Actinobacteria","Micrococcales","Microbacteriaceae","Microbacterium","TSA","Bintje","Root",0,"Inactive"
"BS171","Pult","Actinobacteriota","Actinobacteria","Micrococcales","Microbacteriaceae","Microbacterium","TSA","Bintje","Rhizosphere soil",0,"Inactive"
"AL094","Pult","Actinobacteriota","Actinobacteria","Micrococcales","Microbacteriaceae","Frigoribacteri.","ActIA","Innovator","Leaf",1,"Low"
"AR093","Pult","Proteobacteria","Gammaproteobacteria","Enterobacterales","Enterobacteriaceae","NA_Enterobacte.","ActIA","Innovator","Root",0.5,"Inactive"
"AS043","Pult","Bacteroidota","Bacteroidia","Sphingobacteriales","Sphingobacteriaceae","Pedobacter","TSA","Innovator","Rhizosphere soil",2,"Medium"
"AS176","Pult","Proteobacteria","Gammaproteobacteria","Pseudomonadales","Pseudomonadaceae","Pseudomonas","ARE","Innovator","Rhizosphere soil",2,"Medium"
"BL088","Pult","Actinobacteriota","Actinobacteria","Micrococcales","Microbacteriaceae","Curtobacterium","ARE","Bintje","Leaf",2,"Medium"
"BR010","Pult","Proteobacteria","Gammaproteobacteria","Burkholderiales","Comamonadaceae","Acidovorax","PDA","Bintje","Root",2,"Medium"
"BR149","Pult","Proteobacteria","Gammaproteobacteria","Enterobacterales","Morganellaceae","Providencia","ARE","Bintje","Root",0,"Inactive"
"BS192","Pult","Proteobacteria","Gammaproteobacteria","Burkholderiales","Comamonadaceae","Acidovorax","TSA","Bintje","Rhizosphere soil",0,"Inactive"
"AR177","Pult","Proteobacteria","Alphaproteobacteria","Rhizobiales","Rhizobiaceae","Phyllobacterium","ARE","Innovator","Root",1.5,"Low"
"BS245","Pult","Proteobacteria","Alphaproteobacteria","Rhizobiales","Rhizobiaceae","Mesorhizobium","ARE","Bintje","Rhizosphere soil",0,"Inactive"
"AL017","Pult","Actinobacteriota","Actinobacteria","Micrococcales","Microbacteriaceae","Microbacterium","TSA","Innovator","Leaf",0,"Inactive"
"AR032","Pult","Proteobacteria","Gammaproteobacteria","Burkholderiales","Comamonadaceae","Variovorax","TSA","Innovator","Root",0,"Inactive"
"AR097","Pult","Proteobacteria","Gammaproteobacteria","Burkholderiales","Alcaligenaceae","Advenella","ActIA","Innovator","Root",0,"Inactive"
"AS180","Pult","Proteobacteria","Gammaproteobacteria","Burkholderiales","Comamonadaceae","Variovorax","ARE","Innovator","Rhizosphere soil",0,"Inactive"
"BR050","Pult","Proteobacteria","Gammaproteobacteria","Burkholderiales","Comamonadaceae","Diaphorobacter","ActIA","Bintje","Root",0,"Inactive"
"BR095","Pult","Actinobacteriota","Actinobacteria","Micrococcales","Microbacteriaceae","Microbacterium","TSA","Bintje","Root",0,"Inactive"
"AS081","Pult","Actinobacteriota","Actinobacteria","Micrococcales","Microbacteriaceae","Microbacterium","ARE","Innovator","Rhizosphere soil",0,"Inactive"
"AS085","Pult","Proteobacteria","Gammaproteobacteria","Burkholderiales","Alcaligenaceae","Advenella","ARE","Innovator","Rhizosphere soil",0,"Inactive"
"BR021","Pult","Proteobacteria","Gammaproteobacteria","Burkholderiales","Comamonadaceae","NA_Comamonadac.","PDA","Bintje","Root",0,"Inactive"
"BR067","Pult","Actinobacteriota","Actinobacteria","Micrococcales","Microbacteriaceae","Microbacterium","ActIA","Bintje","Root",0,"Inactive"
"BR156","Pult","Proteobacteria","Gammaproteobacteria","Burkholderiales","Comamonadaceae","Diaphorobacter","ARE","Bintje","Root",0,"Inactive"
"AS122","Pcar","Actinobacteriota","Actinobacteria","Micrococcales","Microbacteriaceae","Microbacterium","ActIA","Innovator","Rhizosphere soil",0,"Inactive"
"AL012","Pcar","Actinobacteriota","Actinobacteria","Micrococcales","Intrasporangiaceae","Janibacter","TSA","Innovator","Leaf",0,"Inactive"
"AL013","Pcar","Actinobacteriota","Actinobacteria","Micrococcales","Microbacteriaceae","Microbacterium","TSA","Innovator","Leaf",0,"Inactive"
"AL024","Pcar","Proteobacteria","Alphaproteobacteria","Rhodobacterales","Rhodobacteraceae","Paracoccus","TSA","Innovator","Leaf",0,"Inactive"
"AL034","Pcar","Proteobacteria","Alphaproteobacteria","Rhizobiales","Rhizobiaceae","Allorhizobium-.","TSA","Innovator","Leaf",0,"Inactive"
"AL038","Pcar","Firmicutes","Bacilli","Bacillales","Bacillaceae","Bacillus","ARE","Innovator","Leaf",0,"Inactive"
"AL043","Pcar","Actinobacteriota","Actinobacteria","Micrococcales","Microbacteriaceae","Microbacterium","ARE","Innovator","Leaf",0,"Inactive"
"AL079","Pcar","Actinobacteriota","Actinobacteria","Corynebacteriales","Nocardiaceae","Rhodococcus","ActIA","Innovator","Leaf",0,"Inactive"
"AL082","Pcar","Actinobacteriota","Actinobacteria","Micrococcales","Micrococcaceae","Kocuria","ActIA","Innovator","Leaf",0,"Inactive"
"AR005","Pcar","Firmicutes","Bacilli","Bacillales","Bacillaceae","Bacillus","TSA","Innovator","Root",0,"Inactive"
"AR037","Pcar","Firmicutes","Bacilli","Bacillales","Bacillaceae","Bacillus","TSA","Innovator","Root",0,"Inactive"
"AR063","Pcar","Proteobacteria","Gammaproteobacteria","Burkholderiales","Alcaligenaceae","NA_Alcaligenac.","ARE","Innovator","Root",0,"Inactive"
"AR099","Pcar","Actinobacteriota","Actinobacteria","Micrococcales","Microbacteriaceae","Microbacterium","ActIA","Innovator","Root",0,"Inactive"
"AR104","Pcar","Bacteroidota","Bacteroidia","Flavobacteriales","Weeksellaceae","Chryseobacteri.","ActIA","Innovator","Root",0,"Inactive"
"AR111","Pcar","Actinobacteriota","Actinobacteria","Micrococcales","Microbacteriaceae","Microbacterium","ActIA","Innovator","Root",0,"Inactive"
"AR125","Pcar","Proteobacteria","Gammaproteobacteria","Pseudomonadales","Pseudomonadaceae","Pseudomonas","ActIA","Innovator","Root",0,"Inactive"
"AS011","Pcar","Actinobacteriota","Actinobacteria","Micrococcales","Microbacteriaceae","Microbacterium","TSA","Innovator","Rhizosphere soil",0,"Inactive"
"AS040","Pcar","Firmicutes","Bacilli","Bacillales","Bacillaceae","Bacillus","TSA","Innovator","Rhizosphere soil",0,"Inactive"
"AS047","Pcar","Actinobacteriota","Actinobacteria","Micrococcales","Microbacteriaceae","Microbacterium","ARE","Innovator","Rhizosphere soil",0,"Inactive"
"AS049","Pcar","Actinobacteriota","Actinobacteria","Micrococcales","Micrococcaceae","Paenarthrobact.","ARE","Innovator","Rhizosphere soil",0,"Inactive"
"AS077","Pcar","Actinobacteriota","Actinobacteria","Micrococcales","Microbacteriaceae","Microbacterium","ARE","Innovator","Rhizosphere soil",0,"Inactive"
"AS082","Pcar","Actinobacteriota","Actinobacteria","Micrococcales","Microbacteriaceae","Microbacterium","ARE","Innovator","Rhizosphere soil",0,"Inactive"
"AS123","Pcar","Firmicutes","Bacilli","Bacillales","Bacillaceae","Bacillus","ActIA","Innovator","Rhizosphere soil",0,"Inactive"
"AS124","Pcar","Actinobacteriota","Actinobacteria","Micrococcales","Microbacteriaceae","Plantibacter","ActIA","Innovator","Rhizosphere soil",0,"Inactive"
"BL043","Pcar","Proteobacteria","Alphaproteobacteria","Caulobacterales","Caulobacteraceae","Caulobacter","ActIA","Bintje","Leaf",0,"Inactive"
"BL074","Pcar","Firmicutes","Bacilli","Bacillales","Bacillaceae","Bacillus","ARE","Bintje","Leaf",0,"Inactive"
"BR064","Pcar","Actinobacteriota","Actinobacteria","Micrococcales","Microbacteriaceae","Microbacterium","ActIA","Bintje","Root",0,"Inactive"
"BR075","Pcar","Proteobacteria","Gammaproteobacteria","Pseudomonadales","Pseudomonadaceae","Pseudomonas","ActIA","Bintje","Root",0,"Inactive"
"BR078","Pcar","Proteobacteria","Gammaproteobacteria","Pseudomonadales","Pseudomonadaceae","Pseudomonas","ActIA","Bintje","Root",0,"Inactive"
"BR088","Pcar","Firmicutes","Bacilli","Bacillales","Bacillaceae","Bacillus","ActIA","Bintje","Root",0,"Inactive"
"BR094","Pcar","Proteobacteria","Gammaproteobacteria","Burkholderiales","Alcaligenaceae","Pusillimonas","TSA","Bintje","Root",0,"Inactive"
"BR099","Pcar","Proteobacteria","Alphaproteobacteria","Rhizobiales","Rhizobiaceae","Phyllobacterium","TSA","Bintje","Root",0,"Inactive"
"BR102","Pcar","Actinobacteriota","Actinobacteria","Propionibacteriales","Nocardioidaceae","Nocardioides","TSA","Bintje","Root",0,"Inactive"
"BR109","Pcar","Proteobacteria","Gammaproteobacteria","Burkholderiales","Comamonadaceae","Hydrogenophaga","TSA","Bintje","Root",0,"Inactive"
"BR130","Pcar","Firmicutes","Bacilli","Bacillales","Planococcaceae","Paenisporosarc.","TSA","Bintje","Root",0,"Inactive"
"BR136","Pcar","Firmicutes","Bacilli","Bacillales","Bacillaceae","Bacillus","TSA","Bintje","Root",0,"Inactive"
"BR144","Pcar","Proteobacteria","Gammaproteobacteria","Burkholderiales","Alcaligenaceae","Pusillimonas","ARE","Bintje","Root",0,"Inactive"
"BR160","Pcar","Proteobacteria","Gammaproteobacteria","Xanthomonadales","Xanthomonadaceae","Stenotrophomon.","ARE","Bintje","Root",0,"Inactive"
"BS038","Pcar","Proteobacteria","Gammaproteobacteria","Burkholderiales","Comamonadaceae","Variovorax","PDA","Bintje","Rhizosphere soil",0,"Inactive"
"BS075","Pcar","Firmicutes","Bacilli","Bacillales","Planococcaceae","Psychrobacillus","ActIA","Bintje","Rhizosphere soil",0,"Inactive"
"BS080","Pcar","Firmicutes","Bacilli","Bacillales","Planococcaceae","Psychrobacillus","ActIA","Bintje","Rhizosphere soil",0,"Inactive"
"BS081","Pcar","Firmicutes","Bacilli","Bacillales","Bacillaceae","Bacillus","ActIA","Bintje","Rhizosphere soil",0,"Inactive"
"BS099","Pcar","Actinobacteriota","Actinobacteria","Micrococcales","Microbacteriaceae","Microbacterium","ActIA","Bintje","Rhizosphere soil",0,"Inactive"
"BS103","Pcar","Proteobacteria","Gammaproteobacteria","Burkholderiales","Alcaligenaceae","NA_Alcaligenac.","ActIA","Bintje","Rhizosphere soil",0,"Inactive"
"BS106","Pcar","Firmicutes","Bacilli","Bacillales","Planococcaceae","Paenisporosarc.","ActIA","Bintje","Rhizosphere soil",0,"Inactive"
"BS123","Pcar","Proteobacteria","Gammaproteobacteria","Burkholderiales","Comamonadaceae","Diaphorobacter","ActIA","Bintje","Rhizosphere soil",0,"Inactive"
"BS144","Pcar","Firmicutes","Bacilli","Bacillales","Planococcaceae","Paenisporosarc.","TSA","Bintje","Rhizosphere soil",0,"Inactive"
"BS156","Pcar","Proteobacteria","Alphaproteobacteria","Rhizobiales","Rhizobiaceae","Mesorhizobium","TSA","Bintje","Rhizosphere soil",0,"Inactive"
"BS179","Pcar","Firmicutes","Bacilli","Bacillales","Planococcaceae","Paenisporosarc.","TSA","Bintje","Rhizosphere soil",0,"Inactive"
"BS181","Pcar","Proteobacteria","Gammaproteobacteria","Burkholderiales","Comamonadaceae","Acidovorax","TSA","Bintje","Rhizosphere soil",0,"Inactive"
"BS190","Pcar","Proteobacteria","Gammaproteobacteria","Burkholderiales","Alcaligenaceae","Alcaligenes","TSA","Bintje","Rhizosphere soil",0,"Inactive"
"BS231","Pcar","Proteobacteria","Gammaproteobacteria","Burkholderiales","Alcaligenaceae","Pusillimonas","ARE","Bintje","Rhizosphere soil",0,"Inactive"
"BS243","Pcar","Bacteroidota","Bacteroidia","Sphingobacteriales","Sphingobacteriaceae","Olivibacter","ARE","Bintje","Rhizosphere soil",0,"Inactive"
"AL018","Pcar","Actinobacteriota","Actinobacteria","Micrococcales","Microbacteriaceae","Rathayibacter","TSA","Innovator","Leaf",0,"Inactive"
"AL026","Pcar","Proteobacteria","Alphaproteobacteria","Acetobacterales","Acetobacteraceae","Roseomonas","TSA","Innovator","Leaf",0,"Inactive"
"AL051","Pcar","Proteobacteria","Alphaproteobacteria","Sphingomonadales","Sphingomonadaceae","Sphingomonas","ARE","Innovator","Leaf",0,"Inactive"
"AL059","Pcar","Proteobacteria","Alphaproteobacteria","Sphingomonadales","Sphingomonadaceae","Sphingomonas","ARE","Innovator","Leaf",0,"Inactive"
"AL060","Pcar","Firmicutes","Bacilli","Bacillales","Bacillaceae","Bacillus","ARE","Innovator","Leaf",0,"Inactive"
"AL077","Pcar","Firmicutes","Bacilli","Bacillales","Bacillaceae","Bacillus","ActIA","Innovator","Leaf",0,"Inactive"
"AR008","Pcar","Proteobacteria","Alphaproteobacteria","Rhizobiales","Rhizobiaceae","Phyllobacterium","TSA","Innovator","Root",0,"Inactive"
"AR022","Pcar","Actinobacteriota","Actinobacteria","Micrococcales","Microbacteriaceae","Microbacterium","TSA","Innovator","Root",0,"Inactive"
"AR023","Pcar","Bacteroidota","Bacteroidia","Flavobacteriales","Weeksellaceae","Chryseobacteri.","TSA","Innovator","Root",0,"Inactive"
"AR038a","Pcar","Bacteroidota","Bacteroidia","Flavobacteriales","Weeksellaceae","Chryseobacteri.","TSA","Innovator","Root",0,"Inactive"
"AR059","Pcar","Actinobacteriota","Actinobacteria","Corynebacteriales","Tsukamurellaceae","Tsukamurella","ARE","Innovator","Root",0,"Inactive"
"AR084","Pcar","Actinobacteriota","Actinobacteria","Micrococcales","Microbacteriaceae","Microbacterium","ARE","Innovator","Root",0,"Inactive"
"AR164","Pcar","Bacteroidota","Bacteroidia","Flavobacteriales","Weeksellaceae","Chryseobacteri.","PDA","Innovator","Root",0,"Inactive"
"AR173","Pcar","Bacteroidota","Bacteroidia","Flavobacteriales","Weeksellaceae","Chryseobacteri.","PDA","Innovator","Root",0,"Inactive"
"AS006","Pcar","Proteobacteria","Alphaproteobacteria","Rhizobiales","Rhizobiaceae","Phyllobacterium","TSA","Innovator","Rhizosphere soil",0,"Inactive"
"AS009","Pcar","Actinobacteriota","Actinobacteria","Micrococcales","Microbacteriaceae","Microbacterium","TSA","Innovator","Rhizosphere soil",0,"Inactive"
"AS012","Pcar","Actinobacteriota","Actinobacteria","Micrococcales","Microbacteriaceae","Microbacterium","TSA","Innovator","Rhizosphere soil",0,"Inactive"
"AS024","Pcar","Proteobacteria","Gammaproteobacteria","Burkholderiales","Comamonadaceae","Variovorax","TSA","Innovator","Rhizosphere soil",0,"Inactive"
"AS025","Pcar","Bacteroidota","Bacteroidia","Flavobacteriales","Weeksellaceae","Chryseobacteri.","TSA","Innovator","Rhizosphere soil",0,"Inactive"
"AS056","Pcar","Proteobacteria","Alphaproteobacteria","Rhizobiales","Rhizobiaceae","Phyllobacterium","ARE","Innovator","Rhizosphere soil",0,"Inactive"
"AS075","Pcar","Actinobacteriota","Actinobacteria","Micrococcales","Microbacteriaceae","Microbacterium","ARE","Innovator","Rhizosphere soil",0,"Inactive"
"AS103","Pcar","Actinobacteriota","Actinobacteria","Micrococcales","Brevibacteriaceae","Brevibacterium","ActIA","Innovator","Rhizosphere soil",0,"Inactive"
"BL044","Pcar","Proteobacteria","Alphaproteobacteria","Caulobacterales","Caulobacteraceae","Caulobacter","ActIA","Bintje","Leaf",0,"Inactive"
"BL066","Pcar","Actinobacteriota","Actinobacteria","Corynebacteriales","Nocardiaceae","Rhodococcus","TSA","Bintje","Leaf",0,"Inactive"
"BL075","Pcar","Proteobacteria","Alphaproteobacteria","Rhizobiales","Beijerinckiaceae","Methylobacteri.","ARE","Bintje","Leaf",0,"Inactive"
"BR086","Pcar","Actinobacteriota","Actinobacteria","Micrococcales","Microbacteriaceae","Microbacterium","ActIA","Bintje","Root",0,"Inactive"
"BR161","Pcar","Proteobacteria","Gammaproteobacteria","Burkholderiales","Comamonadaceae","Xenophilus","ARE","Bintje","Root",0,"Inactive"
"BS114","Pcar","Actinobacteriota","Actinobacteria","Micrococcales","Microbacteriaceae","Microbacterium","ActIA","Bintje","Rhizosphere soil",0,"Inactive"
"BS124","Pcar","Firmicutes","Bacilli","Bacillales","Planococcaceae","Psychrobacillus","ActIA","Bintje","Rhizosphere soil",0,"Inactive"
"BS210","Pcar","Proteobacteria","Alphaproteobacteria","Rhizobiales","Rhizobiaceae","Mesorhizobium","ARE","Bintje","Rhizosphere soil",0,"Inactive"
"AR039","Dsol","Firmicutes","Bacilli","Bacillales","Bacillaceae","Bacillus","TSA","Innovator","Root",0,"Inactive"
"AS001","Dsol","Firmicutes","Bacilli","Bacillales","Bacillaceae","Bacillus","TSA","Innovator","Rhizosphere soil",0,"Inactive"
"BR102","Dsol","Actinobacteriota","Actinobacteria","Propionibacteriales","Nocardioidaceae","Nocardioides","TSA","Bintje","Root",0,"Inactive"
"BS038","Dsol","Proteobacteria","Gammaproteobacteria","Burkholderiales","Comamonadaceae","Variovorax","PDA","Bintje","Rhizosphere soil",0,"Inactive"
"BS153","Dsol","Proteobacteria","Alphaproteobacteria","Rhizobiales","Rhizobiaceae","Mesorhizobium","TSA","Bintje","Rhizosphere soil",0,"Inactive"
"BS189","Dsol","Actinobacteriota","Actinobacteria","Micrococcales","Microbacteriaceae","Microbacterium","TSA","Bintje","Rhizosphere soil",0,"Inactive"
"AS122","Dsol","Actinobacteriota","Actinobacteria","Micrococcales","Microbacteriaceae","Microbacterium","ActIA","Innovator","Rhizosphere soil",0,"Inactive"
"BR129","Dsol","Actinobacteriota","Actinobacteria","Micrococcales","Microbacteriaceae","Microbacterium","TSA","Bintje","Root",0,"Inactive"
"AR100","Dsol","Actinobacteriota","Actinobacteria","Micrococcales","Microbacteriaceae","Microbacterium","ActIA","Innovator","Root",0,"Inactive"
"AL009","Dsol","Actinobacteriota","Actinobacteria","Micrococcales","Microbacteriaceae","Frigoribacteri.","TSA","Innovator","Leaf",0,"Inactive"
"AL012","Dsol","Actinobacteriota","Actinobacteria","Micrococcales","Intrasporangiaceae","Janibacter","TSA","Innovator","Leaf",0,"Inactive"
"AL013","Dsol","Actinobacteriota","Actinobacteria","Micrococcales","Microbacteriaceae","Microbacterium","TSA","Innovator","Leaf",0,"Inactive"
"AL024","Dsol","Proteobacteria","Alphaproteobacteria","Rhodobacterales","Rhodobacteraceae","Paracoccus","TSA","Innovator","Leaf",0,"Inactive"
"AL034","Dsol","Proteobacteria","Alphaproteobacteria","Rhizobiales","Rhizobiaceae","Allorhizobium-.","TSA","Innovator","Leaf",0,"Inactive"
"AL038","Dsol","Firmicutes","Bacilli","Bacillales","Bacillaceae","Bacillus","ARE","Innovator","Leaf",0,"Inactive"
"AL043","Dsol","Actinobacteriota","Actinobacteria","Micrococcales","Microbacteriaceae","Microbacterium","ARE","Innovator","Leaf",0,"Inactive"
"AL079","Dsol","Actinobacteriota","Actinobacteria","Corynebacteriales","Nocardiaceae","Rhodococcus","ActIA","Innovator","Leaf",0,"Inactive"
"AL082","Dsol","Actinobacteriota","Actinobacteria","Micrococcales","Micrococcaceae","Kocuria","ActIA","Innovator","Leaf",0,"Inactive"
"AR005","Dsol","Firmicutes","Bacilli","Bacillales","Bacillaceae","Bacillus","TSA","Innovator","Root",0,"Inactive"
"AR037","Dsol","Firmicutes","Bacilli","Bacillales","Bacillaceae","Bacillus","TSA","Innovator","Root",0,"Inactive"
"AR063","Dsol","Proteobacteria","Gammaproteobacteria","Burkholderiales","Alcaligenaceae","NA_Alcaligenac.","ARE","Innovator","Root",0,"Inactive"
"AR099","Dsol","Actinobacteriota","Actinobacteria","Micrococcales","Microbacteriaceae","Microbacterium","ActIA","Innovator","Root",0,"Inactive"
"AR104","Dsol","Bacteroidota","Bacteroidia","Flavobacteriales","Weeksellaceae","Chryseobacteri.","ActIA","Innovator","Root",0,"Inactive"
"AR111","Dsol","Actinobacteriota","Actinobacteria","Micrococcales","Microbacteriaceae","Microbacterium","ActIA","Innovator","Root",0,"Inactive"
"AR125","Dsol","Proteobacteria","Gammaproteobacteria","Pseudomonadales","Pseudomonadaceae","Pseudomonas","ActIA","Innovator","Root",0,"Inactive"
"AS011","Dsol","Actinobacteriota","Actinobacteria","Micrococcales","Microbacteriaceae","Microbacterium","TSA","Innovator","Rhizosphere soil",0,"Inactive"
"AS040","Dsol","Firmicutes","Bacilli","Bacillales","Bacillaceae","Bacillus","TSA","Innovator","Rhizosphere soil",0,"Inactive"
"AS047","Dsol","Actinobacteriota","Actinobacteria","Micrococcales","Microbacteriaceae","Microbacterium","ARE","Innovator","Rhizosphere soil",0,"Inactive"
"AS049","Dsol","Actinobacteriota","Actinobacteria","Micrococcales","Micrococcaceae","Paenarthrobact.","ARE","Innovator","Rhizosphere soil",0,"Inactive"
"AS077","Dsol","Actinobacteriota","Actinobacteria","Micrococcales","Microbacteriaceae","Microbacterium","ARE","Innovator","Rhizosphere soil",0,"Inactive"
"AS082","Dsol","Actinobacteriota","Actinobacteria","Micrococcales","Microbacteriaceae","Microbacterium","ARE","Innovator","Rhizosphere soil",0,"Inactive"
"AS123","Dsol","Firmicutes","Bacilli","Bacillales","Bacillaceae","Bacillus","ActIA","Innovator","Rhizosphere soil",0,"Inactive"
"AS124","Dsol","Actinobacteriota","Actinobacteria","Micrococcales","Microbacteriaceae","Plantibacter","ActIA","Innovator","Rhizosphere soil",0,"Inactive"
"BL043","Dsol","Proteobacteria","Alphaproteobacteria","Caulobacterales","Caulobacteraceae","Caulobacter","ActIA","Bintje","Leaf",0,"Inactive"
"BL074","Dsol","Firmicutes","Bacilli","Bacillales","Bacillaceae","Bacillus","ARE","Bintje","Leaf",0,"Inactive"
"BL098","Dsol","Actinobacteriota","Actinobacteria","Micrococcales","Microbacteriaceae","Rathayibacter","ARE","Bintje","Leaf",0,"Inactive"
"BR064","Dsol","Actinobacteriota","Actinobacteria","Micrococcales","Microbacteriaceae","Microbacterium","ActIA","Bintje","Root",0,"Inactive"
"BR075","Dsol","Proteobacteria","Gammaproteobacteria","Pseudomonadales","Pseudomonadaceae","Pseudomonas","ActIA","Bintje","Root",0,"Inactive"
"BR078","Dsol","Proteobacteria","Gammaproteobacteria","Pseudomonadales","Pseudomonadaceae","Pseudomonas","ActIA","Bintje","Root",0,"Inactive"
"BR088","Dsol","Firmicutes","Bacilli","Bacillales","Bacillaceae","Bacillus","ActIA","Bintje","Root",0,"Inactive"
"BR094","Dsol","Proteobacteria","Gammaproteobacteria","Burkholderiales","Alcaligenaceae","Pusillimonas","TSA","Bintje","Root",0,"Inactive"
"BR095","Dsol","Actinobacteriota","Actinobacteria","Micrococcales","Microbacteriaceae","Microbacterium","TSA","Bintje","Root",0,"Inactive"
"BR099","Dsol","Proteobacteria","Alphaproteobacteria","Rhizobiales","Rhizobiaceae","Phyllobacterium","TSA","Bintje","Root",0,"Inactive"
"BR109","Dsol","Proteobacteria","Gammaproteobacteria","Burkholderiales","Comamonadaceae","Hydrogenophaga","TSA","Bintje","Root",0,"Inactive"
"BR130","Dsol","Firmicutes","Bacilli","Bacillales","Planococcaceae","Paenisporosarc.","TSA","Bintje","Root",0,"Inactive"
"BR136","Dsol","Firmicutes","Bacilli","Bacillales","Bacillaceae","Bacillus","TSA","Bintje","Root",0,"Inactive"
"BR144","Dsol","Proteobacteria","Gammaproteobacteria","Burkholderiales","Alcaligenaceae","Pusillimonas","ARE","Bintje","Root",0,"Inactive"
"BR160","Dsol","Proteobacteria","Gammaproteobacteria","Xanthomonadales","Xanthomonadaceae","Stenotrophomon.","ARE","Bintje","Root",0,"Inactive"
"BS075","Dsol","Firmicutes","Bacilli","Bacillales","Planococcaceae","Psychrobacillus","ActIA","Bintje","Rhizosphere soil",0,"Inactive"
"BS080","Dsol","Firmicutes","Bacilli","Bacillales","Planococcaceae","Psychrobacillus","ActIA","Bintje","Rhizosphere soil",0,"Inactive"
"BS081","Dsol","Firmicutes","Bacilli","Bacillales","Bacillaceae","Bacillus","ActIA","Bintje","Rhizosphere soil",0,"Inactive"
"BS099","Dsol","Actinobacteriota","Actinobacteria","Micrococcales","Microbacteriaceae","Microbacterium","ActIA","Bintje","Rhizosphere soil",0,"Inactive"
"BS103","Dsol","Proteobacteria","Gammaproteobacteria","Burkholderiales","Alcaligenaceae","NA_Alcaligenac.","ActIA","Bintje","Rhizosphere soil",0,"Inactive"
"BS106","Dsol","Firmicutes","Bacilli","Bacillales","Planococcaceae","Paenisporosarc.","ActIA","Bintje","Rhizosphere soil",0,"Inactive"
"BS110","Dsol","Actinobacteriota","Actinobacteria","Micrococcales","Microbacteriaceae","Microbacterium","ActIA","Bintje","Rhizosphere soil",0,"Inactive"
"AL009","Pult","Actinobacteriota","Actinobacteria","Micrococcales","Microbacteriaceae","Frigoribacteri.","TSA","Innovator","Leaf",0,"Inactive"
"AL012","Pult","Actinobacteriota","Actinobacteria","Micrococcales","Intrasporangiaceae","Janibacter","TSA","Innovator","Leaf",0,"Inactive"
"AL013","Pult","Actinobacteriota","Actinobacteria","Micrococcales","Microbacteriaceae","Microbacterium","TSA","Innovator","Leaf",0,"Inactive"
"AL024","Pult","Proteobacteria","Alphaproteobacteria","Rhodobacterales","Rhodobacteraceae","Paracoccus","TSA","Innovator","Leaf",0,"Inactive"
"AL034","Pult","Proteobacteria","Alphaproteobacteria","Rhizobiales","Rhizobiaceae","Allorhizobium-.","TSA","Innovator","Leaf",0,"Inactive"
"AL038","Pult","Firmicutes","Bacilli","Bacillales","Bacillaceae","Bacillus","ARE","Innovator","Leaf",0,"Inactive"
"AL043","Pult","Actinobacteriota","Actinobacteria","Micrococcales","Microbacteriaceae","Microbacterium","ARE","Innovator","Leaf",0,"Inactive"
"AL079","Pult","Actinobacteriota","Actinobacteria","Corynebacteriales","Nocardiaceae","Rhodococcus","ActIA","Innovator","Leaf",0,"Inactive"
"AL082","Pult","Actinobacteriota","Actinobacteria","Micrococcales","Micrococcaceae","Kocuria","ActIA","Innovator","Leaf",0,"Inactive"
"AR005","Pult","Firmicutes","Bacilli","Bacillales","Bacillaceae","Bacillus","TSA","Innovator","Root",0,"Inactive"
"AR037","Pult","Firmicutes","Bacilli","Bacillales","Bacillaceae","Bacillus","TSA","Innovator","Root",0,"Inactive"
"AR063","Pult","Proteobacteria","Gammaproteobacteria","Burkholderiales","Alcaligenaceae","NA_Alcaligenac.","ARE","Innovator","Root",0,"Inactive"
"AR099","Pult","Actinobacteriota","Actinobacteria","Micrococcales","Microbacteriaceae","Microbacterium","ActIA","Innovator","Root",0,"Inactive"
"AR100","Pult","Actinobacteriota","Actinobacteria","Micrococcales","Microbacteriaceae","Microbacterium","ActIA","Innovator","Root",0,"Inactive"
"AR104","Pult","Bacteroidota","Bacteroidia","Flavobacteriales","Weeksellaceae","Chryseobacteri.","ActIA","Innovator","Root",0,"Inactive"
"AR111","Pult","Actinobacteriota","Actinobacteria","Micrococcales","Microbacteriaceae","Microbacterium","ActIA","Innovator","Root",0,"Inactive"
"AR125","Pult","Proteobacteria","Gammaproteobacteria","Pseudomonadales","Pseudomonadaceae","Pseudomonas","ActIA","Innovator","Root",0,"Inactive"
"AS011","Pult","Actinobacteriota","Actinobacteria","Micrococcales","Microbacteriaceae","Microbacterium","TSA","Innovator","Rhizosphere soil",0,"Inactive"
"AS040","Pult","Firmicutes","Bacilli","Bacillales","Bacillaceae","Bacillus","TSA","Innovator","Rhizosphere soil",0,"Inactive"
"AS047","Pult","Actinobacteriota","Actinobacteria","Micrococcales","Microbacteriaceae","Microbacterium","ARE","Innovator","Rhizosphere soil",0,"Inactive"
"AS049","Pult","Actinobacteriota","Actinobacteria","Micrococcales","Micrococcaceae","Paenarthrobact.","ARE","Innovator","Rhizosphere soil",0,"Inactive"
"AS077","Pult","Actinobacteriota","Actinobacteria","Micrococcales","Microbacteriaceae","Microbacterium","ARE","Innovator","Rhizosphere soil",0,"Inactive"
"AS082","Pult","Actinobacteriota","Actinobacteria","Micrococcales","Microbacteriaceae","Microbacterium","ARE","Innovator","Rhizosphere soil",0,"Inactive"
"AS123","Pult","Firmicutes","Bacilli","Bacillales","Bacillaceae","Bacillus","ActIA","Innovator","Rhizosphere soil",0,"Inactive"
"AS124","Pult","Actinobacteriota","Actinobacteria","Micrococcales","Microbacteriaceae","Plantibacter","ActIA","Innovator","Rhizosphere soil",0,"Inactive"
"BL043","Pult","Proteobacteria","Alphaproteobacteria","Caulobacterales","Caulobacteraceae","Caulobacter","ActIA","Bintje","Leaf",1,"Low"
"BL074","Pult","Firmicutes","Bacilli","Bacillales","Bacillaceae","Bacillus","ARE","Bintje","Leaf",0,"Inactive"
"BL086","Pult","Firmicutes","Bacilli","Bacillales","Bacillaceae","Bacillus","ARE","Bintje","Leaf",0,"Inactive"
"BL098","Pult","Actinobacteriota","Actinobacteria","Micrococcales","Microbacteriaceae","Rathayibacter","ARE","Bintje","Leaf",0,"Inactive"
"BR064","Pult","Actinobacteriota","Actinobacteria","Micrococcales","Microbacteriaceae","Microbacterium","ActIA","Bintje","Root",0,"Inactive"
"BR075","Pult","Proteobacteria","Gammaproteobacteria","Pseudomonadales","Pseudomonadaceae","Pseudomonas","ActIA","Bintje","Root",0,"Inactive"
"BR078","Pult","Proteobacteria","Gammaproteobacteria","Pseudomonadales","Pseudomonadaceae","Pseudomonas","ActIA","Bintje","Root",0,"Inactive"
"BR088","Pult","Firmicutes","Bacilli","Bacillales","Bacillaceae","Bacillus","ActIA","Bintje","Root",1,"Low"
"BR094","Pult","Proteobacteria","Gammaproteobacteria","Burkholderiales","Alcaligenaceae","Pusillimonas","TSA","Bintje","Root",0,"Inactive"
"BR099","Pult","Proteobacteria","Alphaproteobacteria","Rhizobiales","Rhizobiaceae","Phyllobacterium","TSA","Bintje","Root",0,"Inactive"
"BR102","Pult","Actinobacteriota","Actinobacteria","Propionibacteriales","Nocardioidaceae","Nocardioides","TSA","Bintje","Root",0,"Inactive"
"BR109","Pult","Proteobacteria","Gammaproteobacteria","Burkholderiales","Comamonadaceae","Hydrogenophaga","TSA","Bintje","Root",0,"Inactive"
"BR130","Pult","Firmicutes","Bacilli","Bacillales","Planococcaceae","Paenisporosarc.","TSA","Bintje","Root",0,"Inactive"
"BR136","Pult","Firmicutes","Bacilli","Bacillales","Bacillaceae","Bacillus","TSA","Bintje","Root",0,"Inactive"
"BR144","Pult","Proteobacteria","Gammaproteobacteria","Burkholderiales","Alcaligenaceae","Pusillimonas","ARE","Bintje","Root",0,"Inactive"
"BR158","Pult","Proteobacteria","Alphaproteobacteria","Rhizobiales","Devosiaceae","Devosia","ARE","Bintje","Root",0,"Inactive"
"BR160","Pult","Proteobacteria","Gammaproteobacteria","Xanthomonadales","Xanthomonadaceae","Stenotrophomon.","ARE","Bintje","Root",1,"Low"
"BS038","Pult","Proteobacteria","Gammaproteobacteria","Burkholderiales","Comamonadaceae","Variovorax","PDA","Bintje","Rhizosphere soil",0,"Inactive"
"BS075","Pult","Firmicutes","Bacilli","Bacillales","Planococcaceae","Psychrobacillus","ActIA","Bintje","Rhizosphere soil",0,"Inactive"
"BS080","Pult","Firmicutes","Bacilli","Bacillales","Planococcaceae","Psychrobacillus","ActIA","Bintje","Rhizosphere soil",0,"Inactive"
"BS081","Pult","Firmicutes","Bacilli","Bacillales","Bacillaceae","Bacillus","ActIA","Bintje","Rhizosphere soil",0,"Inactive"
"BS099","Pult","Actinobacteriota","Actinobacteria","Micrococcales","Microbacteriaceae","Microbacterium","ActIA","Bintje","Rhizosphere soil",0,"Inactive"
"BS103","Pult","Proteobacteria","Gammaproteobacteria","Burkholderiales","Alcaligenaceae","NA_Alcaligenac.","ActIA","Bintje","Rhizosphere soil",0,"Inactive"
"BS106","Pult","Firmicutes","Bacilli","Bacillales","Planococcaceae","Paenisporosarc.","ActIA","Bintje","Rhizosphere soil",0,"Inactive"
"BS123","Pult","Proteobacteria","Gammaproteobacteria","Burkholderiales","Comamonadaceae","Diaphorobacter","ActIA","Bintje","Rhizosphere soil",0,"Inactive"
"BS141","Pult","Proteobacteria","Alphaproteobacteria","Rhizobiales","Rhizobiaceae","NA_Rhizobiaceae","TSA","Bintje","Rhizosphere soil",0,"Inactive"
"BS144","Pult","Firmicutes","Bacilli","Bacillales","Planococcaceae","Paenisporosarc.","TSA","Bintje","Rhizosphere soil",0,"Inactive"
"BS153","Pult","Proteobacteria","Alphaproteobacteria","Rhizobiales","Rhizobiaceae","Mesorhizobium","TSA","Bintje","Rhizosphere soil",0,"Inactive"
"BS156","Pult","Proteobacteria","Alphaproteobacteria","Rhizobiales","Rhizobiaceae","Mesorhizobium","TSA","Bintje","Rhizosphere soil",0,"Inactive"
"BS163","Pult","Actinobacteriota","Actinobacteria","Micrococcales","Microbacteriaceae","Microbacterium","TSA","Bintje","Rhizosphere soil",0,"Inactive"
"BS179","Pult","Firmicutes","Bacilli","Bacillales","Planococcaceae","Paenisporosarc.","TSA","Bintje","Rhizosphere soil",0,"Inactive"
"BS181","Pult","Proteobacteria","Gammaproteobacteria","Burkholderiales","Comamonadaceae","Acidovorax","TSA","Bintje","Rhizosphere soil",0,"Inactive"
"BS190","Pult","Proteobacteria","Gammaproteobacteria","Burkholderiales","Alcaligenaceae","Alcaligenes","TSA","Bintje","Rhizosphere soil",0,"Inactive"
"BS231","Pult","Proteobacteria","Gammaproteobacteria","Burkholderiales","Alcaligenaceae","Pusillimonas","ARE","Bintje","Rhizosphere soil",0,"Inactive"
"BS243","Pult","Bacteroidota","Bacteroidia","Sphingobacteriales","Sphingobacteriaceae","Olivibacter","ARE","Bintje","Rhizosphere soil",0,"Inactive"
"AL018","Pult","Actinobacteriota","Actinobacteria","Micrococcales","Microbacteriaceae","Rathayibacter","TSA","Innovator","Leaf",0,"Inactive"
"AL026","Pult","Proteobacteria","Alphaproteobacteria","Acetobacterales","Acetobacteraceae","Roseomonas","TSA","Innovator","Leaf",0,"Inactive"
"AL051","Pult","Proteobacteria","Alphaproteobacteria","Sphingomonadales","Sphingomonadaceae","Sphingomonas","ARE","Innovator","Leaf",0,"Inactive"
"AL059","Pult","Proteobacteria","Alphaproteobacteria","Sphingomonadales","Sphingomonadaceae","Sphingomonas","ARE","Innovator","Leaf",0,"Inactive"
"AL060","Pult","Firmicutes","Bacilli","Bacillales","Bacillaceae","Bacillus","ARE","Innovator","Leaf",0,"Inactive"
"AR008","Pult","Proteobacteria","Alphaproteobacteria","Rhizobiales","Rhizobiaceae","Phyllobacterium","TSA","Innovator","Root",1,"Low"
"AR022","Pult","Actinobacteriota","Actinobacteria","Micrococcales","Microbacteriaceae","Microbacterium","TSA","Innovator","Root",0,"Inactive"
"AR023","Pult","Bacteroidota","Bacteroidia","Flavobacteriales","Weeksellaceae","Chryseobacteri.","TSA","Innovator","Root",0,"Inactive"
"AR038a","Pult","Bacteroidota","Bacteroidia","Flavobacteriales","Weeksellaceae","Chryseobacteri.","TSA","Innovator","Root",0,"Inactive"
"AR059","Pult","Actinobacteriota","Actinobacteria","Corynebacteriales","Tsukamurellaceae","Tsukamurella","ARE","Innovator","Root",0,"Inactive"
"AR084","Pult","Actinobacteriota","Actinobacteria","Micrococcales","Microbacteriaceae","Microbacterium","ARE","Innovator","Root",0,"Inactive"
"AR164","Pult","Bacteroidota","Bacteroidia","Flavobacteriales","Weeksellaceae","Chryseobacteri.","PDA","Innovator","Root",0,"Inactive"
"AR173","Pult","Bacteroidota","Bacteroidia","Flavobacteriales","Weeksellaceae","Chryseobacteri.","PDA","Innovator","Root",0,"Inactive"
"AS006","Pult","Proteobacteria","Alphaproteobacteria","Rhizobiales","Rhizobiaceae","Phyllobacterium","TSA","Innovator","Rhizosphere soil",1,"Low"
"AS009","Pult","Actinobacteriota","Actinobacteria","Micrococcales","Microbacteriaceae","Microbacterium","TSA","Innovator","Rhizosphere soil",0,"Inactive"
"AS012","Pult","Actinobacteriota","Actinobacteria","Micrococcales","Microbacteriaceae","Microbacterium","TSA","Innovator","Rhizosphere soil",0,"Inactive"
"AS024","Pult","Proteobacteria","Gammaproteobacteria","Burkholderiales","Comamonadaceae","Variovorax","TSA","Innovator","Rhizosphere soil",0,"Inactive"
"AS025","Pult","Bacteroidota","Bacteroidia","Flavobacteriales","Weeksellaceae","Chryseobacteri.","TSA","Innovator","Rhizosphere soil",0,"Inactive"
"AS028","Pult","Firmicutes","Bacilli","Brevibacillales","Brevibacillaceae","Brevibacillus","TSA","Innovator","Rhizosphere soil",0,"Inactive"
"AS056","Pult","Proteobacteria","Alphaproteobacteria","Rhizobiales","Rhizobiaceae","Phyllobacterium","ARE","Innovator","Rhizosphere soil",2,"Medium"
"AS075","Pult","Actinobacteriota","Actinobacteria","Micrococcales","Microbacteriaceae","Microbacterium","ARE","Innovator","Rhizosphere soil",0,"Inactive"
"AS103","Pult","Actinobacteriota","Actinobacteria","Micrococcales","Brevibacteriaceae","Brevibacterium","ActIA","Innovator","Rhizosphere soil",0,"Inactive"
"AS122","Pult","Actinobacteriota","Actinobacteria","Micrococcales","Microbacteriaceae","Microbacterium","ActIA","Innovator","Rhizosphere soil",0,"Inactive"
"BL044","Pult","Proteobacteria","Alphaproteobacteria","Caulobacterales","Caulobacteraceae","Caulobacter","ActIA","Bintje","Leaf",0,"Inactive"
"BL066","Pult","Actinobacteriota","Actinobacteria","Corynebacteriales","Nocardiaceae","Rhodococcus","TSA","Bintje","Leaf",0,"Inactive"
"BL075","Pult","Proteobacteria","Alphaproteobacteria","Rhizobiales","Beijerinckiaceae","Methylobacteri.","ARE","Bintje","Leaf",0,"Inactive"
"BL089","Pult","Proteobacteria","Alphaproteobacteria","Sphingomonadales","Sphingomonadaceae","Sphingomonas","ARE","Bintje","Leaf",0,"Inactive"
"BR086","Pult","Actinobacteriota","Actinobacteria","Micrococcales","Microbacteriaceae","Microbacterium","ActIA","Bintje","Root",0,"Inactive"
"BR096","Pult","Actinobacteriota","Actinobacteria","Micrococcales","Microbacteriaceae","Microbacterium","TSA","Bintje","Root",0,"Inactive"
"BR161","Pult","Proteobacteria","Gammaproteobacteria","Burkholderiales","Comamonadaceae","Xenophilus","ARE","Bintje","Root",0,"Inactive"
"BS114","Pult","Actinobacteriota","Actinobacteria","Micrococcales","Microbacteriaceae","Microbacterium","ActIA","Bintje","Rhizosphere soil",0,"Inactive"
"BS124","Pult","Firmicutes","Bacilli","Bacillales","Planococcaceae","Psychrobacillus","ActIA","Bintje","Rhizosphere soil",0,"Inactive"
"BS189","Pult","Actinobacteriota","Actinobacteria","Micrococcales","Microbacteriaceae","Microbacterium","TSA","Bintje","Rhizosphere soil",0,"Inactive"
"BS210","Pult","Proteobacteria","Alphaproteobacteria","Rhizobiales","Rhizobiaceae","Mesorhizobium","ARE","Bintje","Rhizosphere soil",0,"Inactive"
"AL009","Pinf","Actinobacteriota","Actinobacteria","Micrococcales","Microbacteriaceae","Frigoribacteri.","TSA","Innovator","Leaf",0,"Inactive"
"AL012","Pinf","Actinobacteriota","Actinobacteria","Micrococcales","Intrasporangiaceae","Janibacter","TSA","Innovator","Leaf",0,"Inactive"
"AL024","Pinf","Proteobacteria","Alphaproteobacteria","Rhodobacterales","Rhodobacteraceae","Paracoccus","TSA","Innovator","Leaf",0,"Inactive"
"AL034","Pinf","Proteobacteria","Alphaproteobacteria","Rhizobiales","Rhizobiaceae","Allorhizobium-.","TSA","Innovator","Leaf",0,"Inactive"
"AL038","Pinf","Firmicutes","Bacilli","Bacillales","Bacillaceae","Bacillus","ARE","Innovator","Leaf",3,"High"
"AL043","Pinf","Actinobacteriota","Actinobacteria","Micrococcales","Microbacteriaceae","Microbacterium","ARE","Innovator","Leaf",0,"Inactive"
"AL079","Pinf","Actinobacteriota","Actinobacteria","Corynebacteriales","Nocardiaceae","Rhodococcus","ActIA","Innovator","Leaf",0,"Inactive"
"AL082","Pinf","Actinobacteriota","Actinobacteria","Micrococcales","Micrococcaceae","Kocuria","ActIA","Innovator","Leaf",0,"Inactive"
"AR005","Pinf","Firmicutes","Bacilli","Bacillales","Bacillaceae","Bacillus","TSA","Innovator","Root",0,"Inactive"
"AR037","Pinf","Firmicutes","Bacilli","Bacillales","Bacillaceae","Bacillus","TSA","Innovator","Root",0,"Inactive"
"AR063","Pinf","Proteobacteria","Gammaproteobacteria","Burkholderiales","Alcaligenaceae","NA_Alcaligenac.","ARE","Innovator","Root",0,"Inactive"
"AR099","Pinf","Actinobacteriota","Actinobacteria","Micrococcales","Microbacteriaceae","Microbacterium","ActIA","Innovator","Root",0,"Inactive"
"AR104","Pinf","Bacteroidota","Bacteroidia","Flavobacteriales","Weeksellaceae","Chryseobacteri.","ActIA","Innovator","Root",0,"Inactive"
"AR111","Pinf","Actinobacteriota","Actinobacteria","Micrococcales","Microbacteriaceae","Microbacterium","ActIA","Innovator","Root",0,"Inactive"
"AR125","Pinf","Proteobacteria","Gammaproteobacteria","Pseudomonadales","Pseudomonadaceae","Pseudomonas","ActIA","Innovator","Root",2,"Medium"
"AS011","Pinf","Actinobacteriota","Actinobacteria","Micrococcales","Microbacteriaceae","Microbacterium","TSA","Innovator","Rhizosphere soil",0,"Inactive"
"AS040","Pinf","Firmicutes","Bacilli","Bacillales","Bacillaceae","Bacillus","TSA","Innovator","Rhizosphere soil",2,"Medium"
"AS047","Pinf","Actinobacteriota","Actinobacteria","Micrococcales","Microbacteriaceae","Microbacterium","ARE","Innovator","Rhizosphere soil",0,"Inactive"
"AS049","Pinf","Actinobacteriota","Actinobacteria","Micrococcales","Micrococcaceae","Paenarthrobact.","ARE","Innovator","Rhizosphere soil",0,"Inactive"
"AS077","Pinf","Actinobacteriota","Actinobacteria","Micrococcales","Microbacteriaceae","Microbacterium","ARE","Innovator","Rhizosphere soil",0,"Inactive"
"AS082","Pinf","Actinobacteriota","Actinobacteria","Micrococcales","Microbacteriaceae","Microbacterium","ARE","Innovator","Rhizosphere soil",0,"Inactive"
"AS123","Pinf","Firmicutes","Bacilli","Bacillales","Bacillaceae","Bacillus","ActIA","Innovator","Rhizosphere soil",0,"Inactive"
"AS124","Pinf","Actinobacteriota","Actinobacteria","Micrococcales","Microbacteriaceae","Plantibacter","ActIA","Innovator","Rhizosphere soil",0,"Inactive"
"BL043","Pinf","Proteobacteria","Alphaproteobacteria","Caulobacterales","Caulobacteraceae","Caulobacter","ActIA","Bintje","Leaf",0,"Inactive"
"BL074","Pinf","Firmicutes","Bacilli","Bacillales","Bacillaceae","Bacillus","ARE","Bintje","Leaf",3,"High"
"BL086","Pinf","Firmicutes","Bacilli","Bacillales","Bacillaceae","Bacillus","ARE","Bintje","Leaf",2,"Medium"
"BL098","Pinf","Actinobacteriota","Actinobacteria","Micrococcales","Microbacteriaceae","Rathayibacter","ARE","Bintje","Leaf",0,"Inactive"
"BR064","Pinf","Actinobacteriota","Actinobacteria","Micrococcales","Microbacteriaceae","Microbacterium","ActIA","Bintje","Root",0,"Inactive"
"BR075","Pinf","Proteobacteria","Gammaproteobacteria","Pseudomonadales","Pseudomonadaceae","Pseudomonas","ActIA","Bintje","Root",0,"Inactive"
"BR078","Pinf","Proteobacteria","Gammaproteobacteria","Pseudomonadales","Pseudomonadaceae","Pseudomonas","ActIA","Bintje","Root",1,"Low"
"BR088","Pinf","Firmicutes","Bacilli","Bacillales","Bacillaceae","Bacillus","ActIA","Bintje","Root",1,"Low"
"BR094","Pinf","Proteobacteria","Gammaproteobacteria","Burkholderiales","Alcaligenaceae","Pusillimonas","TSA","Bintje","Root",0,"Inactive"
"BR099","Pinf","Proteobacteria","Alphaproteobacteria","Rhizobiales","Rhizobiaceae","Phyllobacterium","TSA","Bintje","Root",0,"Inactive"
"BR109","Pinf","Proteobacteria","Gammaproteobacteria","Burkholderiales","Comamonadaceae","Hydrogenophaga","TSA","Bintje","Root",0,"Inactive"
"BR130","Pinf","Firmicutes","Bacilli","Bacillales","Planococcaceae","Paenisporosarc.","TSA","Bintje","Root",0,"Inactive"
"BR136","Pinf","Firmicutes","Bacilli","Bacillales","Bacillaceae","Bacillus","TSA","Bintje","Root",0,"Inactive"
"BR158","Pinf","Proteobacteria","Alphaproteobacteria","Rhizobiales","Devosiaceae","Devosia","ARE","Bintje","Root",0,"Inactive"
"BR160","Pinf","Proteobacteria","Gammaproteobacteria","Xanthomonadales","Xanthomonadaceae","Stenotrophomon.","ARE","Bintje","Root",1,"Low"
"BS038","Pinf","Proteobacteria","Gammaproteobacteria","Burkholderiales","Comamonadaceae","Variovorax","PDA","Bintje","Rhizosphere soil",0,"Inactive"
"BS075","Pinf","Firmicutes","Bacilli","Bacillales","Planococcaceae","Psychrobacillus","ActIA","Bintje","Rhizosphere soil",0,"Inactive"
"BS080","Pinf","Firmicutes","Bacilli","Bacillales","Planococcaceae","Psychrobacillus","ActIA","Bintje","Rhizosphere soil",0,"Inactive"
"BS081","Pinf","Firmicutes","Bacilli","Bacillales","Bacillaceae","Bacillus","ActIA","Bintje","Rhizosphere soil",0,"Inactive"
"BS099","Pinf","Actinobacteriota","Actinobacteria","Micrococcales","Microbacteriaceae","Microbacterium","ActIA","Bintje","Rhizosphere soil",0,"Inactive"
"BS103","Pinf","Proteobacteria","Gammaproteobacteria","Burkholderiales","Alcaligenaceae","NA_Alcaligenac.","ActIA","Bintje","Rhizosphere soil",0,"Inactive"
"BS106","Pinf","Firmicutes","Bacilli","Bacillales","Planococcaceae","Paenisporosarc.","ActIA","Bintje","Rhizosphere soil",0,"Inactive"
"BS162","Pinf","Firmicutes","Bacilli","Bacillales","Bacillaceae","Bacillus","TSA","Bintje","Rhizosphere soil",0,"Inactive"
"AL077","Pinf","Firmicutes","Bacilli","Bacillales","Bacillaceae","Bacillus","ActIA","Innovator","Leaf",0.5,"Inactive"
"BR144","Pinf","Proteobacteria","Gammaproteobacteria","Burkholderiales","Alcaligenaceae","Pusillimonas","ARE","Bintje","Root",0,"Inactive"
"AR038a","Pinf","Bacteroidota","Bacteroidia","Flavobacteriales","Weeksellaceae","Chryseobacteri.","TSA","Innovator","Root",0,"Inactive"
"AS009","Pinf","Actinobacteriota","Actinobacteria","Micrococcales","Microbacteriaceae","Microbacterium","TSA","Innovator","Rhizosphere soil",0,"Inactive"
"BR102","Pinf","Actinobacteriota","Actinobacteria","Propionibacteriales","Nocardioidaceae","Nocardioides","TSA","Bintje","Root",0,"Inactive"
"AL077","Rsol","Firmicutes","Bacilli","Bacillales","Bacillaceae","Bacillus","ActIA","Innovator","Leaf",0,"Inactive"
"BR096","Rsol","Actinobacteriota","Actinobacteria","Micrococcales","Microbacteriaceae","Microbacterium","TSA","Bintje","Root",0,"Inactive"
"AL009","Asol","Actinobacteriota","Actinobacteria","Micrococcales","Microbacteriaceae","Frigoribacteri.","TSA","Innovator","Leaf",0,"Inactive"
"AL024","Asol","Proteobacteria","Alphaproteobacteria","Rhodobacterales","Rhodobacteraceae","Paracoccus","TSA","Innovator","Leaf",0,"Inactive"
"AL038","Asol","Firmicutes","Bacilli","Bacillales","Bacillaceae","Bacillus","ARE","Innovator","Leaf",0,"Inactive"
"AL043","Asol","Actinobacteriota","Actinobacteria","Micrococcales","Microbacteriaceae","Microbacterium","ARE","Innovator","Leaf",0,"Inactive"
"AR005","Asol","Firmicutes","Bacilli","Bacillales","Bacillaceae","Bacillus","TSA","Innovator","Root",0,"Inactive"
"AR037","Asol","Firmicutes","Bacilli","Bacillales","Bacillaceae","Bacillus","TSA","Innovator","Root",0,"Inactive"
"AR063","Asol","Proteobacteria","Gammaproteobacteria","Burkholderiales","Alcaligenaceae","NA_Alcaligenac.","ARE","Innovator","Root",0,"Inactive"
"AR099","Asol","Actinobacteriota","Actinobacteria","Micrococcales","Microbacteriaceae","Microbacterium","ActIA","Innovator","Root",0,"Inactive"
"AR104","Asol","Bacteroidota","Bacteroidia","Flavobacteriales","Weeksellaceae","Chryseobacteri.","ActIA","Innovator","Root",0,"Inactive"
"AR111","Asol","Actinobacteriota","Actinobacteria","Micrococcales","Microbacteriaceae","Microbacterium","ActIA","Innovator","Root",0,"Inactive"
"AR125","Asol","Proteobacteria","Gammaproteobacteria","Pseudomonadales","Pseudomonadaceae","Pseudomonas","ActIA","Innovator","Root",2,"Medium"
"AS011","Asol","Actinobacteriota","Actinobacteria","Micrococcales","Microbacteriaceae","Microbacterium","TSA","Innovator","Rhizosphere soil",0,"Inactive"
"AS040","Asol","Firmicutes","Bacilli","Bacillales","Bacillaceae","Bacillus","TSA","Innovator","Rhizosphere soil",2,"Medium"
"AS077","Asol","Actinobacteriota","Actinobacteria","Micrococcales","Microbacteriaceae","Microbacterium","ARE","Innovator","Rhizosphere soil",0,"Inactive"
"AS123","Asol","Firmicutes","Bacilli","Bacillales","Bacillaceae","Bacillus","ActIA","Innovator","Rhizosphere soil",0,"Inactive"
"AS124","Asol","Actinobacteriota","Actinobacteria","Micrococcales","Microbacteriaceae","Plantibacter","ActIA","Innovator","Rhizosphere soil",0,"Inactive"
"BL043","Asol","Proteobacteria","Alphaproteobacteria","Caulobacterales","Caulobacteraceae","Caulobacter","ActIA","Bintje","Leaf",0,"Inactive"
"BL074","Asol","Firmicutes","Bacilli","Bacillales","Bacillaceae","Bacillus","ARE","Bintje","Leaf",1,"Low"
"BL086","Asol","Firmicutes","Bacilli","Bacillales","Bacillaceae","Bacillus","ARE","Bintje","Leaf",0,"Inactive"
"BR064","Asol","Actinobacteriota","Actinobacteria","Micrococcales","Microbacteriaceae","Microbacterium","ActIA","Bintje","Root",0,"Inactive"
"BR075","Asol","Proteobacteria","Gammaproteobacteria","Pseudomonadales","Pseudomonadaceae","Pseudomonas","ActIA","Bintje","Root",0,"Inactive"
"BR078","Asol","Proteobacteria","Gammaproteobacteria","Pseudomonadales","Pseudomonadaceae","Pseudomonas","ActIA","Bintje","Root",0,"Inactive"
"BR088","Asol","Firmicutes","Bacilli","Bacillales","Bacillaceae","Bacillus","ActIA","Bintje","Root",0,"Inactive"
"BR094","Asol","Proteobacteria","Gammaproteobacteria","Burkholderiales","Alcaligenaceae","Pusillimonas","TSA","Bintje","Root",0,"Inactive"
"BR102","Asol","Actinobacteriota","Actinobacteria","Propionibacteriales","Nocardioidaceae","Nocardioides","TSA","Bintje","Root",0,"Inactive"
"BR109","Asol","Proteobacteria","Gammaproteobacteria","Burkholderiales","Comamonadaceae","Hydrogenophaga","TSA","Bintje","Root",0,"Inactive"
"BR130","Asol","Firmicutes","Bacilli","Bacillales","Planococcaceae","Paenisporosarc.","TSA","Bintje","Root",0,"Inactive"
"BR136","Asol","Firmicutes","Bacilli","Bacillales","Bacillaceae","Bacillus","TSA","Bintje","Root",0,"Inactive"
"BR144","Asol","Proteobacteria","Gammaproteobacteria","Burkholderiales","Alcaligenaceae","Pusillimonas","ARE","Bintje","Root",0,"Inactive"
"BR158","Asol","Proteobacteria","Alphaproteobacteria","Rhizobiales","Devosiaceae","Devosia","ARE","Bintje","Root",0,"Inactive"
"BR160","Asol","Proteobacteria","Gammaproteobacteria","Xanthomonadales","Xanthomonadaceae","Stenotrophomon.","ARE","Bintje","Root",0,"Inactive"
"BS038","Asol","Proteobacteria","Gammaproteobacteria","Burkholderiales","Comamonadaceae","Variovorax","PDA","Bintje","Rhizosphere soil",0,"Inactive"
"BS075","Asol","Firmicutes","Bacilli","Bacillales","Planococcaceae","Psychrobacillus","ActIA","Bintje","Rhizosphere soil",0,"Inactive"
"BS080","Asol","Firmicutes","Bacilli","Bacillales","Planococcaceae","Psychrobacillus","ActIA","Bintje","Rhizosphere soil",0,"Inactive"
"BS081","Asol","Firmicutes","Bacilli","Bacillales","Bacillaceae","Bacillus","ActIA","Bintje","Rhizosphere soil",0,"Inactive"
"BS099","Asol","Actinobacteriota","Actinobacteria","Micrococcales","Microbacteriaceae","Microbacterium","ActIA","Bintje","Rhizosphere soil",0,"Inactive"
"BS103","Asol","Proteobacteria","Gammaproteobacteria","Burkholderiales","Alcaligenaceae","NA_Alcaligenac.","ActIA","Bintje","Rhizosphere soil",0,"Inactive"
"BS106","Asol","Firmicutes","Bacilli","Bacillales","Planococcaceae","Paenisporosarc.","ActIA","Bintje","Rhizosphere soil",0,"Inactive"
"BS123","Asol","Proteobacteria","Gammaproteobacteria","Burkholderiales","Comamonadaceae","Diaphorobacter","ActIA","Bintje","Rhizosphere soil",0,"Inactive"
"BS141","Asol","Proteobacteria","Alphaproteobacteria","Rhizobiales","Rhizobiaceae","NA_Rhizobiaceae","TSA","Bintje","Rhizosphere soil",0,"Inactive"
"BS156","Asol","Proteobacteria","Alphaproteobacteria","Rhizobiales","Rhizobiaceae","Mesorhizobium","TSA","Bintje","Rhizosphere soil",0,"Inactive"
"BS163","Asol","Actinobacteriota","Actinobacteria","Micrococcales","Microbacteriaceae","Microbacterium","TSA","Bintje","Rhizosphere soil",0,"Inactive"
"BS179","Asol","Firmicutes","Bacilli","Bacillales","Planococcaceae","Paenisporosarc.","TSA","Bintje","Rhizosphere soil",0,"Inactive"
"BS181","Asol","Proteobacteria","Gammaproteobacteria","Burkholderiales","Comamonadaceae","Acidovorax","TSA","Bintje","Rhizosphere soil",0,"Inactive"
"BS190","Asol","Proteobacteria","Gammaproteobacteria","Burkholderiales","Alcaligenaceae","Alcaligenes","TSA","Bintje","Rhizosphere soil",3,"High"
"BS231","Asol","Proteobacteria","Gammaproteobacteria","Burkholderiales","Alcaligenaceae","Pusillimonas","ARE","Bintje","Rhizosphere soil",0,"Inactive"
"BS243","Asol","Bacteroidota","Bacteroidia","Sphingobacteriales","Sphingobacteriaceae","Olivibacter","ARE","Bintje","Rhizosphere soil",3,"High"
"AL018","Asol","Actinobacteriota","Actinobacteria","Micrococcales","Microbacteriaceae","Rathayibacter","TSA","Innovator","Leaf",0,"Inactive"
"AL026","Asol","Proteobacteria","Alphaproteobacteria","Acetobacterales","Acetobacteraceae","Roseomonas","TSA","Innovator","Leaf",0,"Inactive"
"AL051","Asol","Proteobacteria","Alphaproteobacteria","Sphingomonadales","Sphingomonadaceae","Sphingomonas","ARE","Innovator","Leaf",0,"Inactive"
"AL059","Asol","Proteobacteria","Alphaproteobacteria","Sphingomonadales","Sphingomonadaceae","Sphingomonas","ARE","Innovator","Leaf",0,"Inactive"
"AL060","Asol","Firmicutes","Bacilli","Bacillales","Bacillaceae","Bacillus","ARE","Innovator","Leaf",0,"Inactive"
"AR008","Asol","Proteobacteria","Alphaproteobacteria","Rhizobiales","Rhizobiaceae","Phyllobacterium","TSA","Innovator","Root",0,"Inactive"
"AR022","Asol","Actinobacteriota","Actinobacteria","Micrococcales","Microbacteriaceae","Microbacterium","TSA","Innovator","Root",0,"Inactive"
"AR023","Asol","Bacteroidota","Bacteroidia","Flavobacteriales","Weeksellaceae","Chryseobacteri.","TSA","Innovator","Root",0,"Inactive"
"AR038a","Asol","Bacteroidota","Bacteroidia","Flavobacteriales","Weeksellaceae","Chryseobacteri.","TSA","Innovator","Root",0,"Inactive"
"AR059","Asol","Actinobacteriota","Actinobacteria","Corynebacteriales","Tsukamurellaceae","Tsukamurella","ARE","Innovator","Root",0,"Inactive"
"AR164","Asol","Bacteroidota","Bacteroidia","Flavobacteriales","Weeksellaceae","Chryseobacteri.","PDA","Innovator","Root",0,"Inactive"
"AR173","Asol","Bacteroidota","Bacteroidia","Flavobacteriales","Weeksellaceae","Chryseobacteri.","PDA","Innovator","Root",0,"Inactive"
"AS006","Asol","Proteobacteria","Alphaproteobacteria","Rhizobiales","Rhizobiaceae","Phyllobacterium","TSA","Innovator","Rhizosphere soil",0,"Inactive"
"AS009","Asol","Actinobacteriota","Actinobacteria","Micrococcales","Microbacteriaceae","Microbacterium","TSA","Innovator","Rhizosphere soil",0,"Inactive"
"AS024","Asol","Proteobacteria","Gammaproteobacteria","Burkholderiales","Comamonadaceae","Variovorax","TSA","Innovator","Rhizosphere soil",0,"Inactive"
"AS025","Asol","Bacteroidota","Bacteroidia","Flavobacteriales","Weeksellaceae","Chryseobacteri.","TSA","Innovator","Rhizosphere soil",0,"Inactive"
"AS056","Asol","Proteobacteria","Alphaproteobacteria","Rhizobiales","Rhizobiaceae","Phyllobacterium","ARE","Innovator","Rhizosphere soil",0,"Inactive"
"AS075","Asol","Actinobacteriota","Actinobacteria","Micrococcales","Microbacteriaceae","Microbacterium","ARE","Innovator","Rhizosphere soil",0,"Inactive"
"BL066","Asol","Actinobacteriota","Actinobacteria","Corynebacteriales","Nocardiaceae","Rhodococcus","TSA","Bintje","Leaf",0,"Inactive"
"BL075","Asol","Proteobacteria","Alphaproteobacteria","Rhizobiales","Beijerinckiaceae","Methylobacteri.","ARE","Bintje","Leaf",0,"Inactive"
"BR086","Asol","Actinobacteriota","Actinobacteria","Micrococcales","Microbacteriaceae","Microbacterium","ActIA","Bintje","Root",0,"Inactive"
"BR096","Asol","Actinobacteriota","Actinobacteria","Micrococcales","Microbacteriaceae","Microbacterium","TSA","Bintje","Root",0,"Inactive"
"BS114","Asol","Actinobacteriota","Actinobacteria","Micrococcales","Microbacteriaceae","Microbacterium","ActIA","Bintje","Rhizosphere soil",0,"Inactive"
"BS124","Asol","Firmicutes","Bacilli","Bacillales","Planococcaceae","Psychrobacillus","ActIA","Bintje","Rhizosphere soil",0,"Inactive"
"BS210","Asol","Proteobacteria","Alphaproteobacteria","Rhizobiales","Rhizobiaceae","Mesorhizobium","ARE","Bintje","Rhizosphere soil",0,"Inactive"
"BS091","Pult","Actinobacteriota","Actinobacteria","Micrococcales","Brevibacteriaceae","Brevibacterium","ActIA","Bintje","Rhizosphere soil",0,"Inactive"
"AR066","Pult","Actinobacteriota","Actinobacteria","Micrococcales","Micrococcaceae","Paenarthrobact.","ARE","Innovator","Root",0,"Inactive"
"AS052","Pult","Actinobacteriota","Actinobacteria","Micrococcales","Micrococcaceae","NA_Micrococcac.","ARE","Innovator","Rhizosphere soil",0,"Inactive"
"BS094","Pult","Actinobacteriota","Actinobacteria","Micrococcales","Brevibacteriaceae","Brevibacterium","ActIA","Bintje","Rhizosphere soil",0,"Inactive"
"BS135","Pult","Firmicutes","Bacilli","Bacillales","Bacillaceae","Bacillus","ActIA","Bintje","Rhizosphere soil",0,"Inactive"
"AR070","Pult","Actinobacteriota","Actinobacteria","Micrococcales","Micrococcaceae","Paenarthrobact.","ARE","Innovator","Root",0,"Inactive"
"AR049","Pult","Actinobacteriota","Actinobacteria","Micrococcales","Microbacteriaceae","Microbacterium","TSA","Innovator","Root",0,"Inactive"
"AR071","Pult","Proteobacteria","Gammaproteobacteria","Pseudomonadales","Pseudomonadaceae","Pseudomonas","ARE","Innovator","Root",0,"Inactive"
"AR077","Pult","Proteobacteria","Alphaproteobacteria","Rhizobiales","Rhizobiaceae","Allorhizobium-.","ARE","Innovator","Root",0,"Inactive"
"AR088","Pult","Proteobacteria","Gammaproteobacteria","Pseudomonadales","Pseudomonadaceae","Pseudomonas","ARE","Innovator","Root",0,"Inactive"
"AR118","Pult","Proteobacteria","Gammaproteobacteria","Burkholderiales","Comamonadaceae","Diaphorobacter","ActIA","Innovator","Root",0,"Inactive"
"AR168","Pult","Proteobacteria","Gammaproteobacteria","Pseudomonadales","Pseudomonadaceae","Pseudomonas","ActIA","Innovator","Root",0,"Inactive"
"AS054","Pult","Proteobacteria","Alphaproteobacteria","Rhizobiales","Rhizobiaceae","Allorhizobium-.","ARE","Innovator","Rhizosphere soil",0,"Inactive"
"BL067","Pult","Proteobacteria","Alphaproteobacteria","Rhizobiales","Rhizobiaceae","Allorhizobium-.","TSA","Bintje","Leaf",0,"Inactive"
"BR039","Pult","Proteobacteria","Alphaproteobacteria","Sphingomonadales","Sphingomonadaceae","Sphingomonas","ARE","Bintje","Root",0,"Inactive"
"BR055","Pult","Actinobacteriota","Actinobacteria","Micrococcales","Microbacteriaceae","Microbacterium","ActIA","Bintje","Root",0,"Inactive"
"BR126","Pult","Proteobacteria","Alphaproteobacteria","Rhizobiales","Rhizobiaceae","Allorhizobium-.","TSA","Bintje","Root",0,"Inactive"
"BR134","Pult","Firmicutes","Bacilli","Bacillales","Bacillaceae","Bacillus","TSA","Bintje","Root",0,"Inactive"
"AR060","Pult","Proteobacteria","Gammaproteobacteria","Pseudomonadales","Pseudomonadaceae","Pseudomonas","ARE","Innovator","Root",1,"Low"
"AR083","Pult","Proteobacteria","Alphaproteobacteria","Rhizobiales","Rhizobiaceae","Allorhizobium-.","ARE","Innovator","Root",0,"Inactive"
"AS062","Pult","Proteobacteria","Gammaproteobacteria","Pseudomonadales","Pseudomonadaceae","Pseudomonas","ARE","Innovator","Rhizosphere soil",2,"Medium"
"AS071","Pult","Proteobacteria","Gammaproteobacteria","Pseudomonadales","Pseudomonadaceae","Pseudomonas","ARE","Innovator","Rhizosphere soil",0,"Inactive"
"AS091","Pult","Actinobacteriota","Actinobacteria","Corynebacteriales","Tsukamurellaceae","Tsukamurella","ARE","Innovator","Rhizosphere soil",0,"Inactive"
"AS109","Pult","Actinobacteriota","Actinobacteria","Corynebacteriales","Nocardiaceae","Rhodococcus","ActIA","Innovator","Rhizosphere soil",0,"Inactive"
"BL045","Pult","Proteobacteria","Alphaproteobacteria","Rhizobiales","Rhizobiaceae","Allorhizobium-.","ActIA","Bintje","Leaf",0,"Inactive"
"BR058","Pult","Proteobacteria","Gammaproteobacteria","Pseudomonadales","Pseudomonadaceae","Pseudomonas","ActIA","Bintje","Root",0,"Inactive"
"BR093","Pult","Proteobacteria","Gammaproteobacteria","Pseudomonadales","Pseudomonadaceae","Pseudomonas","TSA","Bintje","Root",0,"Inactive"
"BR128","Pult","Actinobacteriota","Actinobacteria","Micrococcales","Microbacteriaceae","Microbacterium","TSA","Bintje","Root",0,"Inactive"
"BL050","Pult","Actinobacteriota","Actinobacteria","Corynebacteriales","Nocardiaceae","Rhodococcus","TSA","Bintje","Leaf",0,"Inactive"
"BS150","Pult","Firmicutes","Bacilli","Bacillales","Bacillaceae","Bacillus","TSA","Bintje","Rhizosphere soil",0,"Inactive"
"BR135","Pult","Proteobacteria","Gammaproteobacteria","Pseudomonadales","Pseudomonadaceae","Pseudomonas","TSA","Bintje","Root",0,"Inactive"
"BR138","Pult","Proteobacteria","Gammaproteobacteria","Pseudomonadales","Pseudomonadaceae","Pseudomonas","ARE","Bintje","Root",0,"Inactive"
"BR148","Pult","Proteobacteria","Gammaproteobacteria","Pseudomonadales","Pseudomonadaceae","Pseudomonas","ARE","Bintje","Root",0,"Inactive"
"BS131","Pult","Firmicutes","Bacilli","Bacillales","Bacillaceae","Bacillus","ActIA","Bintje","Rhizosphere soil",0,"Inactive"
"BR122","Pult","Proteobacteria","Gammaproteobacteria","Burkholderiales","Comamonadaceae","Acidovorax","TSA","Bintje","Root",0,"Inactive"
"BR129","Pult","Actinobacteriota","Actinobacteria","Micrococcales","Microbacteriaceae","Microbacterium","TSA","Bintje","Root",0,"Inactive"
"BS162","Pult","Firmicutes","Bacilli","Bacillales","Bacillaceae","Bacillus","TSA","Bintje","Rhizosphere soil",0,"Inactive"
"AL077","Pult","Firmicutes","Bacilli","Bacillales","Bacillaceae","Bacillus","ActIA","Innovator","Leaf",0,"Inactive"
"BR158","Dsol","Proteobacteria","Alphaproteobacteria","Rhizobiales","Devosiaceae","Devosia","ARE","Bintje","Root",0,"Inactive"
"BS123","Dsol","Proteobacteria","Gammaproteobacteria","Burkholderiales","Comamonadaceae","Diaphorobacter","ActIA","Bintje","Rhizosphere soil",0,"Inactive"
"BS141","Dsol","Proteobacteria","Alphaproteobacteria","Rhizobiales","Rhizobiaceae","NA_Rhizobiaceae","TSA","Bintje","Rhizosphere soil",0,"Inactive"
"BS144","Dsol","Firmicutes","Bacilli","Bacillales","Planococcaceae","Paenisporosarc.","TSA","Bintje","Rhizosphere soil",0,"Inactive"
"BS156","Dsol","Proteobacteria","Alphaproteobacteria","Rhizobiales","Rhizobiaceae","Mesorhizobium","TSA","Bintje","Rhizosphere soil",0,"Inactive"
"BS162","Dsol","Firmicutes","Bacilli","Bacillales","Bacillaceae","Bacillus","TSA","Bintje","Rhizosphere soil",0,"Inactive"
"BS163","Dsol","Actinobacteriota","Actinobacteria","Micrococcales","Microbacteriaceae","Microbacterium","TSA","Bintje","Rhizosphere soil",0,"Inactive"
"BS179","Dsol","Firmicutes","Bacilli","Bacillales","Planococcaceae","Paenisporosarc.","TSA","Bintje","Rhizosphere soil",0,"Inactive"
"BS181","Dsol","Proteobacteria","Gammaproteobacteria","Burkholderiales","Comamonadaceae","Acidovorax","TSA","Bintje","Rhizosphere soil",0,"Inactive"
"BS190","Dsol","Proteobacteria","Gammaproteobacteria","Burkholderiales","Alcaligenaceae","Alcaligenes","TSA","Bintje","Rhizosphere soil",0,"Inactive"
"BS231","Dsol","Proteobacteria","Gammaproteobacteria","Burkholderiales","Alcaligenaceae","Pusillimonas","ARE","Bintje","Rhizosphere soil",0,"Inactive"
"BS243","Dsol","Bacteroidota","Bacteroidia","Sphingobacteriales","Sphingobacteriaceae","Olivibacter","ARE","Bintje","Rhizosphere soil",0,"Inactive"
"AL018","Dsol","Actinobacteriota","Actinobacteria","Micrococcales","Microbacteriaceae","Rathayibacter","TSA","Innovator","Leaf",0,"Inactive"
"AL026","Dsol","Proteobacteria","Alphaproteobacteria","Acetobacterales","Acetobacteraceae","Roseomonas","TSA","Innovator","Leaf",0,"Inactive"
"AL051","Dsol","Proteobacteria","Alphaproteobacteria","Sphingomonadales","Sphingomonadaceae","Sphingomonas","ARE","Innovator","Leaf",0,"Inactive"
"AL059","Dsol","Proteobacteria","Alphaproteobacteria","Sphingomonadales","Sphingomonadaceae","Sphingomonas","ARE","Innovator","Leaf",0,"Inactive"
"AL060","Dsol","Firmicutes","Bacilli","Bacillales","Bacillaceae","Bacillus","ARE","Innovator","Leaf",0,"Inactive"
"AL077","Dsol","Firmicutes","Bacilli","Bacillales","Bacillaceae","Bacillus","ActIA","Innovator","Leaf",0,"Inactive"
"AR008","Dsol","Proteobacteria","Alphaproteobacteria","Rhizobiales","Rhizobiaceae","Phyllobacterium","TSA","Innovator","Root",0,"Inactive"
"AR022","Dsol","Actinobacteriota","Actinobacteria","Micrococcales","Microbacteriaceae","Microbacterium","TSA","Innovator","Root",0,"Inactive"
"AR023","Dsol","Bacteroidota","Bacteroidia","Flavobacteriales","Weeksellaceae","Chryseobacteri.","TSA","Innovator","Root",0,"Inactive"
"AR038a","Dsol","Bacteroidota","Bacteroidia","Flavobacteriales","Weeksellaceae","Chryseobacteri.","TSA","Innovator","Root",0,"Inactive"
"AR059","Dsol","Actinobacteriota","Actinobacteria","Corynebacteriales","Tsukamurellaceae","Tsukamurella","ARE","Innovator","Root",0,"Inactive"
"AR084","Dsol","Actinobacteriota","Actinobacteria","Micrococcales","Microbacteriaceae","Microbacterium","ARE","Innovator","Root",0,"Inactive"
"AR164","Dsol","Bacteroidota","Bacteroidia","Flavobacteriales","Weeksellaceae","Chryseobacteri.","PDA","Innovator","Root",0,"Inactive"
"AR173","Dsol","Bacteroidota","Bacteroidia","Flavobacteriales","Weeksellaceae","Chryseobacteri.","PDA","Innovator","Root",0,"Inactive"
"AS006","Dsol","Proteobacteria","Alphaproteobacteria","Rhizobiales","Rhizobiaceae","Phyllobacterium","TSA","Innovator","Rhizosphere soil",0,"Inactive"
"AS012","Dsol","Actinobacteriota","Actinobacteria","Micrococcales","Microbacteriaceae","Microbacterium","TSA","Innovator","Rhizosphere soil",0,"Inactive"
"AS024","Dsol","Proteobacteria","Gammaproteobacteria","Burkholderiales","Comamonadaceae","Variovorax","TSA","Innovator","Rhizosphere soil",0,"Inactive"
"AS025","Dsol","Bacteroidota","Bacteroidia","Flavobacteriales","Weeksellaceae","Chryseobacteri.","TSA","Innovator","Rhizosphere soil",0,"Inactive"
"AS028","Dsol","Firmicutes","Bacilli","Brevibacillales","Brevibacillaceae","Brevibacillus","TSA","Innovator","Rhizosphere soil",0,"Inactive"
"AS056","Dsol","Proteobacteria","Alphaproteobacteria","Rhizobiales","Rhizobiaceae","Phyllobacterium","ARE","Innovator","Rhizosphere soil",0,"Inactive"
"AS075","Dsol","Actinobacteriota","Actinobacteria","Micrococcales","Microbacteriaceae","Microbacterium","ARE","Innovator","Rhizosphere soil",0,"Inactive"
"BL044","Dsol","Proteobacteria","Alphaproteobacteria","Caulobacterales","Caulobacteraceae","Caulobacter","ActIA","Bintje","Leaf",0,"Inactive"
"BL066","Dsol","Actinobacteriota","Actinobacteria","Corynebacteriales","Nocardiaceae","Rhodococcus","TSA","Bintje","Leaf",0,"Inactive"
"BL075","Dsol","Proteobacteria","Alphaproteobacteria","Rhizobiales","Beijerinckiaceae","Methylobacteri.","ARE","Bintje","Leaf",0,"Inactive"
"BR086","Dsol","Actinobacteriota","Actinobacteria","Micrococcales","Microbacteriaceae","Microbacterium","ActIA","Bintje","Root",0,"Inactive"
"BS114","Dsol","Actinobacteriota","Actinobacteria","Micrococcales","Microbacteriaceae","Microbacterium","ActIA","Bintje","Rhizosphere soil",0,"Inactive"
"BS124","Dsol","Firmicutes","Bacilli","Bacillales","Planococcaceae","Psychrobacillus","ActIA","Bintje","Rhizosphere soil",0,"Inactive"
"BS210","Dsol","Proteobacteria","Alphaproteobacteria","Rhizobiales","Rhizobiaceae","Mesorhizobium","ARE","Bintje","Rhizosphere soil",0,"Inactive"
"BR158","Pcar","Proteobacteria","Alphaproteobacteria","Rhizobiales","Devosiaceae","Devosia","ARE","Bintje","Root",0,"Inactive"
"BS141","Pcar","Proteobacteria","Alphaproteobacteria","Rhizobiales","Rhizobiaceae","NA_Rhizobiaceae","TSA","Bintje","Rhizosphere soil",0,"Inactive"
"BS162","Pcar","Firmicutes","Bacilli","Bacillales","Bacillaceae","Bacillus","TSA","Bintje","Rhizosphere soil",0,"Inactive"
"BS163","Pcar","Actinobacteriota","Actinobacteria","Micrococcales","Microbacteriaceae","Microbacterium","TSA","Bintje","Rhizosphere soil",0,"Inactive"
"BS098","Pult","Actinobacteriota","Actinobacteria","Micrococcales","Microbacteriaceae","Microbacterium","ActIA","Bintje","Rhizosphere soil",0,"Inactive"
"AL095","Pult","Actinobacteriota","Actinobacteria","Micrococcales","Intrasporangiaceae","Janibacter","ActIA","Innovator","Leaf",0,"Inactive"
"BS119","Pult","Proteobacteria","Gammaproteobacteria","Pseudomonadales","Pseudomonadaceae","Pseudomonas","ActIA","Bintje","Rhizosphere soil",0,"Inactive"
"BS170","Pult","Actinobacteriota","Actinobacteria","Micrococcales","Micrococcaceae","Arthrobacter","TSA","Bintje","Rhizosphere soil",0,"Inactive"
"AL016","Pult","Actinobacteriota","Actinobacteria","Micrococcales","Microbacteriaceae","Microbacterium","TSA","Innovator","Leaf",0,"Inactive"
"AL019","Pult","Actinobacteriota","Actinobacteria","Corynebacteriales","Nocardiaceae","Rhodococcus","TSA","Innovator","Leaf",0,"Inactive"
"AL020","Pult","Actinobacteriota","Actinobacteria","Micrococcales","Microbacteriaceae","Frigoribacteri.","TSA","Innovator","Leaf",0,"Inactive"
"AL080","Pult","Actinobacteriota","Actinobacteria","Micrococcales","Microbacteriaceae","Frigoribacteri.","ActIA","Innovator","Leaf",1,"Low"
"AL097","Pult","Actinobacteriota","Actinobacteria","Micrococcales","Microbacteriaceae","Frigoribacteri.","ActIA","Innovator","Leaf",1,"Low"
"AR007","Pult","Actinobacteriota","Actinobacteria","Micrococcales","Microbacteriaceae","Microbacterium","TSA","Innovator","Root",0,"Inactive"
"AS110","Pult","Actinobacteriota","Actinobacteria","Micrococcales","Brevibacteriaceae","Brevibacterium","ActIA","Innovator","Rhizosphere soil",0,"Inactive"
"BS139","Pult","Firmicutes","Bacilli","Bacillales","Bacillaceae","Bacillus","TSA","Bintje","Rhizosphere soil",0,"Inactive"
"BS209","Pult","Firmicutes","Bacilli","Bacillales","Bacillaceae","Bacillus","ARE","Bintje","Rhizosphere soil",0,"Inactive"
"AL036","Pult","Actinobacteriota","Actinobacteria","Micrococcales","Microbacteriaceae","Frigoribacteri.","TSA","Innovator","Leaf",2,"Medium"
"AL089","Pult","Actinobacteriota","Actinobacteria","Micrococcales","Microbacteriaceae","Frigoribacteri.","ActIA","Innovator","Leaf",1,"Low"
"AR106","Pult","Actinobacteriota","Actinobacteria","Micrococcales","Microbacteriaceae","Microbacterium","ActIA","Innovator","Root",1,"Low"
"BL095","Pult","Actinobacteriota","Actinobacteria","Micrococcales","Microbacteriaceae","Frigoribacteri.","ARE","Bintje","Leaf",0,"Inactive"
"BR121","Pult","Actinobacteriota","Actinobacteria","Micrococcales","Microbacteriaceae","Agromyces","TSA","Bintje","Root",0,"Inactive"
"BR145","Pult","Actinobacteriota","Actinobacteria","Micrococcales","Microbacteriaceae","Microbacterium","ARE","Bintje","Root",0,"Inactive"
"AL075","Pult","Actinobacteriota","Actinobacteria","Micrococcales","Microbacteriaceae","Rathayibacter","ActIA","Innovator","Leaf",0,"Inactive"
"AR039","Pult","Firmicutes","Bacilli","Bacillales","Bacillaceae","Bacillus","TSA","Innovator","Root",0,"Inactive"
"AR051","Pult","Actinobacteriota","Actinobacteria","Propionibacteriales","Nocardioidaceae","Nocardioides","TSA","Innovator","Root",0,"Inactive"
"AS001","Pult","Firmicutes","Bacilli","Bacillales","Bacillaceae","Bacillus","TSA","Innovator","Rhizosphere soil",0,"Inactive"
"AS181","Pult","Proteobacteria","Gammaproteobacteria","Burkholderiales","Comamonadaceae","Variovorax","ARE","Innovator","Rhizosphere soil",0,"Inactive"
"BS138","Pult","Proteobacteria","Alphaproteobacteria","Rhizobiales","Rhizobiaceae","Ensifer","TSA","Bintje","Rhizosphere soil",0,"Inactive"
"BR066","Pult","Firmicutes","Bacilli","Bacillales","Bacillaceae","Bacillus","ActIA","Bintje","Root",0,"Inactive"
"AL021","Pult","Actinobacteriota","Actinobacteria","Micrococcales","Microbacteriaceae","Microbacterium","TSA","Innovator","Leaf",0,"Inactive"
"AL042","Pult","Actinobacteriota","Actinobacteria","Micrococcales","Microbacteriaceae","Frigoribacteri.","ARE","Innovator","Leaf",0,"Inactive"
"AR046","Pult","Actinobacteriota","Actinobacteria","Propionibacteriales","Nocardioidaceae","Nocardioides","TSA","Innovator","Root",0,"Inactive"
"AR001","Pult","Firmicutes","Bacilli","Bacillales","Bacillaceae","Bacillus","TSA","Innovator","Root",0,"Inactive"
"AR021","Pult","Actinobacteriota","Actinobacteria","Micrococcales","Microbacteriaceae","Agromyces","TSA","Innovator","Root",0,"Inactive"
"AR076","Pult","Proteobacteria","Gammaproteobacteria","Burkholderiales","Comamonadaceae","Variovorax","ARE","Innovator","Root",0,"Inactive"
"AR143","Pult","Proteobacteria","Gammaproteobacteria","Burkholderiales","Comamonadaceae","Variovorax","PDA","Innovator","Root",0,"Inactive"
"AR144","Pult","Proteobacteria","Gammaproteobacteria","Burkholderiales","Comamonadaceae","Variovorax","PDA","Innovator","Root",1,"Low"
"AS080","Pult","Proteobacteria","Gammaproteobacteria","Burkholderiales","Comamonadaceae","Variovorax","ARE","Innovator","Rhizosphere soil",1,"Low"
"AS093","Pult","Proteobacteria","Gammaproteobacteria","Burkholderiales","Comamonadaceae","Variovorax","ARE","Innovator","Rhizosphere soil",1,"Low"
"AS119","Pult","Firmicutes","Bacilli","Bacillales","Bacillaceae","Bacillus","ActIA","Innovator","Rhizosphere soil",1,"Low"
"BL097","Pult","Actinobacteriota","Actinobacteria","Micrococcales","Microbacteriaceae","Frigoribacteri.","ARE","Bintje","Leaf",1,"Low"
"BS037","Pult","Proteobacteria","Gammaproteobacteria","Burkholderiales","Comamonadaceae","Variovorax","PDA","Bintje","Rhizosphere soil",0,"Inactive"
"AL007","Pult","Firmicutes","Bacilli","Bacillales","Bacillaceae","Bacillus","TSA","Innovator","Leaf",0,"Inactive"
"AL049","Pult","Bacteroidota","Bacteroidia","Cytophagales","Cytophagaceae","Siphonobacter","ARE","Innovator","Leaf",0,"Inactive"
"AL098","Pult","Actinobacteriota","Actinobacteria","Micrococcales","Microbacteriaceae","Frigoribacteri.","ActIA","Innovator","Leaf",2,"Medium"
"AR132","Pult","Proteobacteria","Gammaproteobacteria","Burkholderiales","Comamonadaceae","NA_Comamonadac.","PDA","Innovator","Root",1,"Low"
"AR190","Pult","Proteobacteria","Gammaproteobacteria","Burkholderiales","Comamonadaceae","Variovorax","ARE","Innovator","Root",0,"Inactive"
"AS086","Pult","Actinobacteriota","Actinobacteria","Micrococcales","Microbacteriaceae","Microbacterium","ARE","Innovator","Rhizosphere soil",0,"Inactive"
"BS203","Pult","Actinobacteriota","Actinobacteria","Micrococcales","Microbacteriaceae","Microbacterium","TSA","Bintje","Rhizosphere soil",0,"Inactive"
"BS240","Pult","Proteobacteria","Gammaproteobacteria","Burkholderiales","Comamonadaceae","Variovorax","ARE","Bintje","Rhizosphere soil",0,"Inactive"
"AS022","Pult","Firmicutes","Bacilli","Bacillales","Bacillaceae","Bacillus","TSA","Innovator","Rhizosphere soil",0,"Inactive"
"AR176","Pult","Proteobacteria","Gammaproteobacteria","Burkholderiales","Comamonadaceae","Variovorax","ARE","Innovator","Root",0,"Inactive"
"AS031","Pult","Proteobacteria","Alphaproteobacteria","Rhizobiales","Rhizobiaceae","Aminobacter","TSA","Innovator","Rhizosphere soil",0,"Inactive"
"BR034","Pult","Proteobacteria","Gammaproteobacteria","Burkholderiales","Comamonadaceae","Variovorax","ARE","Bintje","Root",0,"Inactive"
"BS158","Pult","Proteobacteria","Gammaproteobacteria","Burkholderiales","Comamonadaceae","Variovorax","TSA","Bintje","Rhizosphere soil",0,"Inactive"
"AL028","Pult","Firmicutes","Bacilli","Bacillales","Bacillaceae","Bacillus","TSA","Innovator","Leaf",0,"Inactive"
"AR028","Pult","Actinobacteriota","Actinobacteria","Micrococcales","Microbacteriaceae","Leifsonia","TSA","Innovator","Root",0,"Inactive"
"AR114","Pult","Proteobacteria","Gammaproteobacteria","Pseudomonadales","Pseudomonadaceae","Pseudomonas","ActIA","Innovator","Root",1,"Low"
"AS030","Pult","Actinobacteriota","Actinobacteria","Micrococcales","Microbacteriaceae","Microbacterium","TSA","Innovator","Rhizosphere soil",0,"Inactive"
"BS039","Pult","Actinobacteriota","Actinobacteria","Micrococcales","Microbacteriaceae","Microbacterium","PDA","Bintje","Rhizosphere soil",0,"Inactive"
"BS161","Pult","Actinobacteriota","Actinobacteria","Micrococcales","Microbacteriaceae","Microbacterium","TSA","Bintje","Rhizosphere soil",0,"Inactive"
"AL002","Pult","Actinobacteriota","Actinobacteria","Micrococcales","Microbacteriaceae","Microbacterium","TSA","Innovator","Leaf",0,"Inactive"
"AL003","Pult","Actinobacteriota","Actinobacteria","Corynebacteriales","Nocardiaceae","Rhodococcus","TSA","Innovator","Leaf",0,"Inactive"
"AL044","Pult","Proteobacteria","Alphaproteobacteria","Sphingomonadales","Sphingomonadaceae","Sphingomonas","ARE","Innovator","Leaf",0,"Inactive"
"AL084","Pult","Actinobacteriota","Actinobacteria","Micrococcales","Microbacteriaceae","Microbacterium","ActIA","Innovator","Leaf",0,"Inactive"
"AS095","Pult","Actinobacteriota","Actinobacteria","Micrococcales","Microbacteriaceae","Microbacterium","ActIA","Innovator","Rhizosphere soil",0,"Inactive"
"BR080","Pult","Actinobacteriota","Actinobacteria","Micrococcales","Microbacteriaceae","Microbacterium","ActIA","Bintje","Root",0,"Inactive"
"AS038","Pult","Actinobacteriota","Actinobacteria","Micrococcales","Microbacteriaceae","Microbacterium","TSA","Innovator","Rhizosphere soil",0,"Inactive"
"AS134","Pult","Actinobacteriota","Actinobacteria","Corynebacteriales","Tsukamurellaceae","Tsukamurella","ActIA","Innovator","Rhizosphere soil",0,"Inactive"
"AR058","Pult","Actinobacteriota","Actinobacteria","Micrococcales","Microbacteriaceae","Microbacterium","TSA","Innovator","Root",2,"Medium"
"AR105","Pult","Actinobacteriota","Actinobacteria","Micrococcales","Microbacteriaceae","Microbacterium","ActIA","Innovator","Root",0,"Inactive"
"BR015","Pult","Proteobacteria","Alphaproteobacteria","Rhizobiales","Rhizobiaceae","Phyllobacterium","PDA","Bintje","Root",0,"Inactive"
"AL092","Pult","Proteobacteria","Alphaproteobacteria","Sphingomonadales","Sphingomonadaceae","Sphingomonas","ActIA","Innovator","Leaf",0,"Inactive"
"AL100","Pult","Proteobacteria","Alphaproteobacteria","Acetobacterales","Acetobacteraceae","Roseomonas","ActIA","Innovator","Leaf",0,"Inactive"
"AR129","Pult","Actinobacteriota","Actinobacteria","Micrococcales","Microbacteriaceae","Microbacterium","ActIA","Innovator","Root",0,"Inactive"
"AR195","Pult","Bacteroidota","Bacteroidia","Sphingobacteriales","Sphingobacteriaceae","Pedobacter","ARE","Innovator","Root",0,"Inactive"
"AS015","Pult","Actinobacteriota","Actinobacteria","Micrococcales","Microbacteriaceae","Microbacterium","TSA","Innovator","Rhizosphere soil",0,"Inactive"
"AS050","Pult","Proteobacteria","Gammaproteobacteria","Burkholderiales","Alcaligenaceae","Advenella","ARE","Innovator","Rhizosphere soil",0,"Inactive"
"AS051","Pult","Actinobacteriota","Actinobacteria","Micrococcales","Microbacteriaceae","Microbacterium","ARE","Innovator","Rhizosphere soil",0,"Inactive"
"AS179","Pult","Bacteroidota","Bacteroidia","Sphingobacteriales","Sphingobacteriaceae","Pedobacter","ARE","Innovator","Rhizosphere soil",0,"Inactive"
"BR073","Pult","Actinobacteriota","Actinobacteria","Micrococcales","Microbacteriaceae","Microbacterium","ActIA","Bintje","Root",0,"Inactive"
"BR089","Pult","Actinobacteriota","Actinobacteria","Micrococcales","Microbacteriaceae","Microbacterium","TSA","Bintje","Root",0,"Inactive"
"BR119","Pult","Actinobacteriota","Actinobacteria","Micrococcales","Microbacteriaceae","Microbacterium","TSA","Bintje","Root",0,"Inactive"
"BR157","Pult","Proteobacteria","Gammaproteobacteria","Burkholderiales","Alcaligenaceae","Advenella","ARE","Bintje","Root",0,"Inactive"
"BS237","Pult","Proteobacteria","Alphaproteobacteria","Rhizobiales","Kaistiaceae","Kaistia","ARE","Bintje","Rhizosphere soil",1,"Low"
"BS242","Pult","Bacteroidota","Bacteroidia","Sphingobacteriales","Sphingobacteriaceae","Pedobacter","ARE","Bintje","Rhizosphere soil",1,"Low"
"BR106","Pult","Actinobacteriota","Actinobacteria","Micrococcales","Microbacteriaceae","Microbacterium","TSA","Bintje","Root",1,"Low"
"AR126","Pult","Actinobacteriota","Actinobacteria","Corynebacteriales","Tsukamurellaceae","Tsukamurella","ActIA","Innovator","Root",0,"Inactive"
"AR178","Pult","Proteobacteria","Gammaproteobacteria","Burkholderiales","Comamonadaceae","Variovorax","ARE","Innovator","Root",0,"Inactive"
"AR206","Pult","Bacteroidota","Bacteroidia","Sphingobacteriales","Sphingobacteriaceae","Pedobacter","ARE","Innovator","Root",1,"Low"
"AS027","Pult","Proteobacteria","Gammaproteobacteria","Burkholderiales","Comamonadaceae","Variovorax","TSA","Innovator","Rhizosphere soil",0,"Inactive"
"BR076","Pult","Actinobacteriota","Actinobacteria","Micrococcales","Microbacteriaceae","Microbacterium","ActIA","Bintje","Root",1,"Low"
"BR100","Pult","Actinobacteriota","Actinobacteria","Micrococcales","Microbacteriaceae","Microbacterium","TSA","Bintje","Root",0,"Inactive"
"BR116","Pult","Actinobacteriota","Actinobacteria","Micrococcales","Microbacteriaceae","Microbacterium","TSA","Bintje","Root",1,"Low"
"BR127","Pult","Firmicutes","Bacilli","Bacillales","Planococcaceae","Lysinibacillus","TSA","Bintje","Root",1,"Low"
"BS246","Pult","Bacteroidota","Bacteroidia","Sphingobacteriales","Sphingobacteriaceae","Pedobacter","ARE","Bintje","Rhizosphere soil",1,"Low"
"AS019","Pult","Actinobacteriota","Actinobacteria","Micrococcales","Microbacteriaceae","Microbacterium","TSA","Innovator","Rhizosphere soil",0,"Inactive"
"AR103","Pult","Actinobacteriota","Actinobacteria","Micrococcales","Microbacteriaceae","Microbacterium","ActIA","Innovator","Root",0,"Inactive"
"BS061","Pult","Proteobacteria","Gammaproteobacteria","Burkholderiales","Comamonadaceae","Variovorax","ARE","Bintje","Rhizosphere soil",1,"Low"
"BS068","Pult","Proteobacteria","Alphaproteobacteria","Rhizobiales","Rhizobiaceae","Ochrobactrum","ARE","Bintje","Rhizosphere soil",1,"Low"
"BR028","Pult","Bacteroidota","Bacteroidia","Sphingobacteriales","Sphingobacteriaceae","Pedobacter","ARE","Bintje","Root",1,"Low"
"BR038","Pult","Bacteroidota","Bacteroidia","Sphingobacteriales","Sphingobacteriaceae","Pedobacter","ARE","Bintje","Root",1,"Low"
"BS162","Asol","Firmicutes","Bacilli","Bacillales","Bacillaceae","Bacillus","TSA","Bintje","Rhizosphere soil",0,"Inactive"
"AS086","Pinf","Actinobacteriota","Actinobacteria","Micrococcales","Microbacteriaceae","Microbacterium","ARE","Innovator","Rhizosphere soil",0,"Inactive"
"AL020","Pinf","Actinobacteriota","Actinobacteria","Micrococcales","Microbacteriaceae","Frigoribacteri.","TSA","Innovator","Leaf",0,"Inactive"
"BS209","Pinf","Firmicutes","Bacilli","Bacillales","Bacillaceae","Bacillus","ARE","Bintje","Rhizosphere soil",2,"Medium"
